[2025-03-23 15:08:46] local.ERROR: SQLSTATE[42000]: Syntax error or access violation: 1071 La clé est trop longue. Longueur maximale: 1000 (Connection: mysql, SQL: alter table `users` add unique `users_email_unique`(`email`)) {"exception":"[object] (Illuminate\\Database\\QueryException(code: 42000): SQLSTATE[42000]: Syntax error or access violation: 1071 La clé est trop longue. Longueur maximale: 1000 (Connection: mysql, SQL: alter table `users` add unique `users_email_unique`(`email`)) at D:\\code\\test\\vendor\\laravel\\framework\\src\\Illuminate\\Database\\Connection.php:829)
[stacktrace]
#0 D:\\code\\test\\vendor\\laravel\\framework\\src\\Illuminate\\Database\\Connection.php(783): Illuminate\\Database\\Connection->runQueryCallback('alter table `us...', Array, Object(Closure))
#1 D:\\code\\test\\vendor\\laravel\\framework\\src\\Illuminate\\Database\\Connection.php(588): Illuminate\\Database\\Connection->run('alter table `us...', Array, Object(Closure))
#2 D:\\code\\test\\vendor\\laravel\\framework\\src\\Illuminate\\Database\\Schema\\Blueprint.php(110): Illuminate\\Database\\Connection->statement('alter table `us...')
#3 D:\\code\\test\\vendor\\laravel\\framework\\src\\Illuminate\\Database\\Schema\\Builder.php(602): Illuminate\\Database\\Schema\\Blueprint->build(Object(Illuminate\\Database\\MySqlConnection), Object(Illuminate\\Database\\Schema\\Grammars\\MySqlGrammar))
#4 D:\\code\\test\\vendor\\laravel\\framework\\src\\Illuminate\\Database\\Schema\\Builder.php(460): Illuminate\\Database\\Schema\\Builder->build(Object(Illuminate\\Database\\Schema\\Blueprint))
#5 D:\\code\\test\\vendor\\laravel\\framework\\src\\Illuminate\\Support\\Facades\\Facade.php(355): Illuminate\\Database\\Schema\\Builder->create('users', Object(Closure))
#6 D:\\code\\test\\database\\migrations\\2014_10_12_000000_create_users_table.php(22): Illuminate\\Support\\Facades\\Facade::__callStatic('create', Array)
#7 D:\\code\\test\\vendor\\laravel\\framework\\src\\Illuminate\\Database\\Migrations\\Migrator.php(501): Illuminate\\Database\\Migrations\\Migration@anonymous->up()
#8 D:\\code\\test\\vendor\\laravel\\framework\\src\\Illuminate\\Database\\Migrations\\Migrator.php(418): Illuminate\\Database\\Migrations\\Migrator->runMethod(Object(Illuminate\\Database\\MySqlConnection), Object(Illuminate\\Database\\Migrations\\Migration@anonymous), 'up')
#9 D:\\code\\test\\vendor\\laravel\\framework\\src\\Illuminate\\Database\\Migrations\\Migrator.php(427): Illuminate\\Database\\Migrations\\Migrator->Illuminate\\Database\\Migrations\\{closure}()
#10 D:\\code\\test\\vendor\\laravel\\framework\\src\\Illuminate\\Database\\Migrations\\Migrator.php(224): Illuminate\\Database\\Migrations\\Migrator->runMigration(Object(Illuminate\\Database\\Migrations\\Migration@anonymous), 'up')
#11 D:\\code\\test\\vendor\\laravel\\framework\\src\\Illuminate\\Console\\View\\Components\\Task.php(37): Illuminate\\Database\\Migrations\\Migrator->Illuminate\\Database\\Migrations\\{closure}()
#12 D:\\code\\test\\vendor\\laravel\\framework\\src\\Illuminate\\Database\\Migrations\\Migrator.php(783): Illuminate\\Console\\View\\Components\\Task->render('2014_10_12_0000...', Object(Closure))
#13 D:\\code\\test\\vendor\\laravel\\framework\\src\\Illuminate\\Database\\Migrations\\Migrator.php(224): Illuminate\\Database\\Migrations\\Migrator->write('Illuminate\\\\Cons...', '2014_10_12_0000...', Object(Closure))
#14 D:\\code\\test\\vendor\\laravel\\framework\\src\\Illuminate\\Database\\Migrations\\Migrator.php(189): Illuminate\\Database\\Migrations\\Migrator->runUp('D:\\\\code\\\\test\\\\da...', 1, false)
#15 D:\\code\\test\\vendor\\laravel\\framework\\src\\Illuminate\\Database\\Migrations\\Migrator.php(132): Illuminate\\Database\\Migrations\\Migrator->runPending(Array, Array)
#16 D:\\code\\test\\vendor\\laravel\\framework\\src\\Illuminate\\Database\\Console\\Migrations\\MigrateCommand.php(92): Illuminate\\Database\\Migrations\\Migrator->run(Array, Array)
#17 D:\\code\\test\\vendor\\laravel\\framework\\src\\Illuminate\\Database\\Migrations\\Migrator.php(641): Illuminate\\Database\\Console\\Migrations\\MigrateCommand->Illuminate\\Database\\Console\\Migrations\\{closure}()
#18 D:\\code\\test\\vendor\\laravel\\framework\\src\\Illuminate\\Database\\Console\\Migrations\\MigrateCommand.php(104): Illuminate\\Database\\Migrations\\Migrator->usingConnection(NULL, Object(Closure))
#19 D:\\code\\test\\vendor\\laravel\\framework\\src\\Illuminate\\Container\\BoundMethod.php(36): Illuminate\\Database\\Console\\Migrations\\MigrateCommand->handle()
#20 D:\\code\\test\\vendor\\laravel\\framework\\src\\Illuminate\\Container\\Util.php(41): Illuminate\\Container\\BoundMethod::Illuminate\\Container\\{closure}()
#21 D:\\code\\test\\vendor\\laravel\\framework\\src\\Illuminate\\Container\\BoundMethod.php(93): Illuminate\\Container\\Util::unwrapIfClosure(Object(Closure))
#22 D:\\code\\test\\vendor\\laravel\\framework\\src\\Illuminate\\Container\\BoundMethod.php(37): Illuminate\\Container\\BoundMethod::callBoundMethod(Object(Illuminate\\Foundation\\Application), Array, Object(Closure))
#23 D:\\code\\test\\vendor\\laravel\\framework\\src\\Illuminate\\Container\\Container.php(662): Illuminate\\Container\\BoundMethod::call(Object(Illuminate\\Foundation\\Application), Array, Array, NULL)
#24 D:\\code\\test\\vendor\\laravel\\framework\\src\\Illuminate\\Console\\Command.php(211): Illuminate\\Container\\Container->call(Array)
#25 D:\\code\\test\\vendor\\symfony\\console\\Command\\Command.php(326): Illuminate\\Console\\Command->execute(Object(Symfony\\Component\\Console\\Input\\ArgvInput), Object(Illuminate\\Console\\OutputStyle))
#26 D:\\code\\test\\vendor\\laravel\\framework\\src\\Illuminate\\Console\\Command.php(181): Symfony\\Component\\Console\\Command\\Command->run(Object(Symfony\\Component\\Console\\Input\\ArgvInput), Object(Illuminate\\Console\\OutputStyle))
#27 D:\\code\\test\\vendor\\symfony\\console\\Application.php(1096): Illuminate\\Console\\Command->run(Object(Symfony\\Component\\Console\\Input\\ArgvInput), Object(Symfony\\Component\\Console\\Output\\ConsoleOutput))
#28 D:\\code\\test\\vendor\\symfony\\console\\Application.php(324): Symfony\\Component\\Console\\Application->doRunCommand(Object(Illuminate\\Database\\Console\\Migrations\\MigrateCommand), Object(Symfony\\Component\\Console\\Input\\ArgvInput), Object(Symfony\\Component\\Console\\Output\\ConsoleOutput))
#29 D:\\code\\test\\vendor\\symfony\\console\\Application.php(175): Symfony\\Component\\Console\\Application->doRun(Object(Symfony\\Component\\Console\\Input\\ArgvInput), Object(Symfony\\Component\\Console\\Output\\ConsoleOutput))
#30 D:\\code\\test\\vendor\\laravel\\framework\\src\\Illuminate\\Foundation\\Console\\Kernel.php(201): Symfony\\Component\\Console\\Application->run(Object(Symfony\\Component\\Console\\Input\\ArgvInput), Object(Symfony\\Component\\Console\\Output\\ConsoleOutput))
#31 D:\\code\\test\\artisan(37): Illuminate\\Foundation\\Console\\Kernel->handle(Object(Symfony\\Component\\Console\\Input\\ArgvInput), Object(Symfony\\Component\\Console\\Output\\ConsoleOutput))
#32 {main}

[previous exception] [object] (PDOException(code: 42000): SQLSTATE[42000]: Syntax error or access violation: 1071 La clé est trop longue. Longueur maximale: 1000 at D:\\code\\test\\vendor\\laravel\\framework\\src\\Illuminate\\Database\\Connection.php:587)
[stacktrace]
#0 D:\\code\\test\\vendor\\laravel\\framework\\src\\Illuminate\\Database\\Connection.php(587): PDOStatement->execute()
#1 D:\\code\\test\\vendor\\laravel\\framework\\src\\Illuminate\\Database\\Connection.php(816): Illuminate\\Database\\Connection->Illuminate\\Database\\{closure}('alter table `us...', Array)
#2 D:\\code\\test\\vendor\\laravel\\framework\\src\\Illuminate\\Database\\Connection.php(783): Illuminate\\Database\\Connection->runQueryCallback('alter table `us...', Array, Object(Closure))
#3 D:\\code\\test\\vendor\\laravel\\framework\\src\\Illuminate\\Database\\Connection.php(588): Illuminate\\Database\\Connection->run('alter table `us...', Array, Object(Closure))
#4 D:\\code\\test\\vendor\\laravel\\framework\\src\\Illuminate\\Database\\Schema\\Blueprint.php(110): Illuminate\\Database\\Connection->statement('alter table `us...')
#5 D:\\code\\test\\vendor\\laravel\\framework\\src\\Illuminate\\Database\\Schema\\Builder.php(602): Illuminate\\Database\\Schema\\Blueprint->build(Object(Illuminate\\Database\\MySqlConnection), Object(Illuminate\\Database\\Schema\\Grammars\\MySqlGrammar))
#6 D:\\code\\test\\vendor\\laravel\\framework\\src\\Illuminate\\Database\\Schema\\Builder.php(460): Illuminate\\Database\\Schema\\Builder->build(Object(Illuminate\\Database\\Schema\\Blueprint))
#7 D:\\code\\test\\vendor\\laravel\\framework\\src\\Illuminate\\Support\\Facades\\Facade.php(355): Illuminate\\Database\\Schema\\Builder->create('users', Object(Closure))
#8 D:\\code\\test\\database\\migrations\\2014_10_12_000000_create_users_table.php(22): Illuminate\\Support\\Facades\\Facade::__callStatic('create', Array)
#9 D:\\code\\test\\vendor\\laravel\\framework\\src\\Illuminate\\Database\\Migrations\\Migrator.php(501): Illuminate\\Database\\Migrations\\Migration@anonymous->up()
#10 D:\\code\\test\\vendor\\laravel\\framework\\src\\Illuminate\\Database\\Migrations\\Migrator.php(418): Illuminate\\Database\\Migrations\\Migrator->runMethod(Object(Illuminate\\Database\\MySqlConnection), Object(Illuminate\\Database\\Migrations\\Migration@anonymous), 'up')
#11 D:\\code\\test\\vendor\\laravel\\framework\\src\\Illuminate\\Database\\Migrations\\Migrator.php(427): Illuminate\\Database\\Migrations\\Migrator->Illuminate\\Database\\Migrations\\{closure}()
#12 D:\\code\\test\\vendor\\laravel\\framework\\src\\Illuminate\\Database\\Migrations\\Migrator.php(224): Illuminate\\Database\\Migrations\\Migrator->runMigration(Object(Illuminate\\Database\\Migrations\\Migration@anonymous), 'up')
#13 D:\\code\\test\\vendor\\laravel\\framework\\src\\Illuminate\\Console\\View\\Components\\Task.php(37): Illuminate\\Database\\Migrations\\Migrator->Illuminate\\Database\\Migrations\\{closure}()
#14 D:\\code\\test\\vendor\\laravel\\framework\\src\\Illuminate\\Database\\Migrations\\Migrator.php(783): Illuminate\\Console\\View\\Components\\Task->render('2014_10_12_0000...', Object(Closure))
#15 D:\\code\\test\\vendor\\laravel\\framework\\src\\Illuminate\\Database\\Migrations\\Migrator.php(224): Illuminate\\Database\\Migrations\\Migrator->write('Illuminate\\\\Cons...', '2014_10_12_0000...', Object(Closure))
#16 D:\\code\\test\\vendor\\laravel\\framework\\src\\Illuminate\\Database\\Migrations\\Migrator.php(189): Illuminate\\Database\\Migrations\\Migrator->runUp('D:\\\\code\\\\test\\\\da...', 1, false)
#17 D:\\code\\test\\vendor\\laravel\\framework\\src\\Illuminate\\Database\\Migrations\\Migrator.php(132): Illuminate\\Database\\Migrations\\Migrator->runPending(Array, Array)
#18 D:\\code\\test\\vendor\\laravel\\framework\\src\\Illuminate\\Database\\Console\\Migrations\\MigrateCommand.php(92): Illuminate\\Database\\Migrations\\Migrator->run(Array, Array)
#19 D:\\code\\test\\vendor\\laravel\\framework\\src\\Illuminate\\Database\\Migrations\\Migrator.php(641): Illuminate\\Database\\Console\\Migrations\\MigrateCommand->Illuminate\\Database\\Console\\Migrations\\{closure}()
#20 D:\\code\\test\\vendor\\laravel\\framework\\src\\Illuminate\\Database\\Console\\Migrations\\MigrateCommand.php(104): Illuminate\\Database\\Migrations\\Migrator->usingConnection(NULL, Object(Closure))
#21 D:\\code\\test\\vendor\\laravel\\framework\\src\\Illuminate\\Container\\BoundMethod.php(36): Illuminate\\Database\\Console\\Migrations\\MigrateCommand->handle()
#22 D:\\code\\test\\vendor\\laravel\\framework\\src\\Illuminate\\Container\\Util.php(41): Illuminate\\Container\\BoundMethod::Illuminate\\Container\\{closure}()
#23 D:\\code\\test\\vendor\\laravel\\framework\\src\\Illuminate\\Container\\BoundMethod.php(93): Illuminate\\Container\\Util::unwrapIfClosure(Object(Closure))
#24 D:\\code\\test\\vendor\\laravel\\framework\\src\\Illuminate\\Container\\BoundMethod.php(37): Illuminate\\Container\\BoundMethod::callBoundMethod(Object(Illuminate\\Foundation\\Application), Array, Object(Closure))
#25 D:\\code\\test\\vendor\\laravel\\framework\\src\\Illuminate\\Container\\Container.php(662): Illuminate\\Container\\BoundMethod::call(Object(Illuminate\\Foundation\\Application), Array, Array, NULL)
#26 D:\\code\\test\\vendor\\laravel\\framework\\src\\Illuminate\\Console\\Command.php(211): Illuminate\\Container\\Container->call(Array)
#27 D:\\code\\test\\vendor\\symfony\\console\\Command\\Command.php(326): Illuminate\\Console\\Command->execute(Object(Symfony\\Component\\Console\\Input\\ArgvInput), Object(Illuminate\\Console\\OutputStyle))
#28 D:\\code\\test\\vendor\\laravel\\framework\\src\\Illuminate\\Console\\Command.php(181): Symfony\\Component\\Console\\Command\\Command->run(Object(Symfony\\Component\\Console\\Input\\ArgvInput), Object(Illuminate\\Console\\OutputStyle))
#29 D:\\code\\test\\vendor\\symfony\\console\\Application.php(1096): Illuminate\\Console\\Command->run(Object(Symfony\\Component\\Console\\Input\\ArgvInput), Object(Symfony\\Component\\Console\\Output\\ConsoleOutput))
#30 D:\\code\\test\\vendor\\symfony\\console\\Application.php(324): Symfony\\Component\\Console\\Application->doRunCommand(Object(Illuminate\\Database\\Console\\Migrations\\MigrateCommand), Object(Symfony\\Component\\Console\\Input\\ArgvInput), Object(Symfony\\Component\\Console\\Output\\ConsoleOutput))
#31 D:\\code\\test\\vendor\\symfony\\console\\Application.php(175): Symfony\\Component\\Console\\Application->doRun(Object(Symfony\\Component\\Console\\Input\\ArgvInput), Object(Symfony\\Component\\Console\\Output\\ConsoleOutput))
#32 D:\\code\\test\\vendor\\laravel\\framework\\src\\Illuminate\\Foundation\\Console\\Kernel.php(201): Symfony\\Component\\Console\\Application->run(Object(Symfony\\Component\\Console\\Input\\ArgvInput), Object(Symfony\\Component\\Console\\Output\\ConsoleOutput))
#33 D:\\code\\test\\artisan(37): Illuminate\\Foundation\\Console\\Kernel->handle(Object(Symfony\\Component\\Console\\Input\\ArgvInput), Object(Symfony\\Component\\Console\\Output\\ConsoleOutput))
#34 {main}
"} 
[2025-03-23 15:10:27] local.ERROR: SQLSTATE[42S01]: Base table or view already exists: 1050 La table 'users' existe déjà (Connection: mysql, SQL: create table `users` (`id` bigint unsigned not null auto_increment primary key, `name` varchar(255) not null, `email` varchar(255) not null, `email_verified_at` timestamp null, `password` varchar(255) not null, `remember_token` varchar(100) null, `created_at` timestamp null, `updated_at` timestamp null) default character set utf8mb4 collate 'utf8mb4_unicode_ci') {"exception":"[object] (Illuminate\\Database\\QueryException(code: 42S01): SQLSTATE[42S01]: Base table or view already exists: 1050 La table 'users' existe déjà (Connection: mysql, SQL: create table `users` (`id` bigint unsigned not null auto_increment primary key, `name` varchar(255) not null, `email` varchar(255) not null, `email_verified_at` timestamp null, `password` varchar(255) not null, `remember_token` varchar(100) null, `created_at` timestamp null, `updated_at` timestamp null) default character set utf8mb4 collate 'utf8mb4_unicode_ci') at D:\\code\\test\\vendor\\laravel\\framework\\src\\Illuminate\\Database\\Connection.php:829)
[stacktrace]
#0 D:\\code\\test\\vendor\\laravel\\framework\\src\\Illuminate\\Database\\Connection.php(783): Illuminate\\Database\\Connection->runQueryCallback('create table `u...', Array, Object(Closure))
#1 D:\\code\\test\\vendor\\laravel\\framework\\src\\Illuminate\\Database\\Connection.php(588): Illuminate\\Database\\Connection->run('create table `u...', Array, Object(Closure))
#2 D:\\code\\test\\vendor\\laravel\\framework\\src\\Illuminate\\Database\\Schema\\Blueprint.php(110): Illuminate\\Database\\Connection->statement('create table `u...')
#3 D:\\code\\test\\vendor\\laravel\\framework\\src\\Illuminate\\Database\\Schema\\Builder.php(602): Illuminate\\Database\\Schema\\Blueprint->build(Object(Illuminate\\Database\\MySqlConnection), Object(Illuminate\\Database\\Schema\\Grammars\\MySqlGrammar))
#4 D:\\code\\test\\vendor\\laravel\\framework\\src\\Illuminate\\Database\\Schema\\Builder.php(460): Illuminate\\Database\\Schema\\Builder->build(Object(Illuminate\\Database\\Schema\\Blueprint))
#5 D:\\code\\test\\vendor\\laravel\\framework\\src\\Illuminate\\Support\\Facades\\Facade.php(355): Illuminate\\Database\\Schema\\Builder->create('users', Object(Closure))
#6 D:\\code\\test\\database\\migrations\\2014_10_12_000000_create_users_table.php(22): Illuminate\\Support\\Facades\\Facade::__callStatic('create', Array)
#7 D:\\code\\test\\vendor\\laravel\\framework\\src\\Illuminate\\Database\\Migrations\\Migrator.php(501): Illuminate\\Database\\Migrations\\Migration@anonymous->up()
#8 D:\\code\\test\\vendor\\laravel\\framework\\src\\Illuminate\\Database\\Migrations\\Migrator.php(418): Illuminate\\Database\\Migrations\\Migrator->runMethod(Object(Illuminate\\Database\\MySqlConnection), Object(Illuminate\\Database\\Migrations\\Migration@anonymous), 'up')
#9 D:\\code\\test\\vendor\\laravel\\framework\\src\\Illuminate\\Database\\Migrations\\Migrator.php(427): Illuminate\\Database\\Migrations\\Migrator->Illuminate\\Database\\Migrations\\{closure}()
#10 D:\\code\\test\\vendor\\laravel\\framework\\src\\Illuminate\\Database\\Migrations\\Migrator.php(224): Illuminate\\Database\\Migrations\\Migrator->runMigration(Object(Illuminate\\Database\\Migrations\\Migration@anonymous), 'up')
#11 D:\\code\\test\\vendor\\laravel\\framework\\src\\Illuminate\\Console\\View\\Components\\Task.php(37): Illuminate\\Database\\Migrations\\Migrator->Illuminate\\Database\\Migrations\\{closure}()
#12 D:\\code\\test\\vendor\\laravel\\framework\\src\\Illuminate\\Database\\Migrations\\Migrator.php(783): Illuminate\\Console\\View\\Components\\Task->render('2014_10_12_0000...', Object(Closure))
#13 D:\\code\\test\\vendor\\laravel\\framework\\src\\Illuminate\\Database\\Migrations\\Migrator.php(224): Illuminate\\Database\\Migrations\\Migrator->write('Illuminate\\\\Cons...', '2014_10_12_0000...', Object(Closure))
#14 D:\\code\\test\\vendor\\laravel\\framework\\src\\Illuminate\\Database\\Migrations\\Migrator.php(189): Illuminate\\Database\\Migrations\\Migrator->runUp('D:\\\\code\\\\test\\\\da...', 1, false)
#15 D:\\code\\test\\vendor\\laravel\\framework\\src\\Illuminate\\Database\\Migrations\\Migrator.php(132): Illuminate\\Database\\Migrations\\Migrator->runPending(Array, Array)
#16 D:\\code\\test\\vendor\\laravel\\framework\\src\\Illuminate\\Database\\Console\\Migrations\\MigrateCommand.php(92): Illuminate\\Database\\Migrations\\Migrator->run(Array, Array)
#17 D:\\code\\test\\vendor\\laravel\\framework\\src\\Illuminate\\Database\\Migrations\\Migrator.php(641): Illuminate\\Database\\Console\\Migrations\\MigrateCommand->Illuminate\\Database\\Console\\Migrations\\{closure}()
#18 D:\\code\\test\\vendor\\laravel\\framework\\src\\Illuminate\\Database\\Console\\Migrations\\MigrateCommand.php(104): Illuminate\\Database\\Migrations\\Migrator->usingConnection(NULL, Object(Closure))
#19 D:\\code\\test\\vendor\\laravel\\framework\\src\\Illuminate\\Container\\BoundMethod.php(36): Illuminate\\Database\\Console\\Migrations\\MigrateCommand->handle()
#20 D:\\code\\test\\vendor\\laravel\\framework\\src\\Illuminate\\Container\\Util.php(41): Illuminate\\Container\\BoundMethod::Illuminate\\Container\\{closure}()
#21 D:\\code\\test\\vendor\\laravel\\framework\\src\\Illuminate\\Container\\BoundMethod.php(93): Illuminate\\Container\\Util::unwrapIfClosure(Object(Closure))
#22 D:\\code\\test\\vendor\\laravel\\framework\\src\\Illuminate\\Container\\BoundMethod.php(37): Illuminate\\Container\\BoundMethod::callBoundMethod(Object(Illuminate\\Foundation\\Application), Array, Object(Closure))
#23 D:\\code\\test\\vendor\\laravel\\framework\\src\\Illuminate\\Container\\Container.php(662): Illuminate\\Container\\BoundMethod::call(Object(Illuminate\\Foundation\\Application), Array, Array, NULL)
#24 D:\\code\\test\\vendor\\laravel\\framework\\src\\Illuminate\\Console\\Command.php(211): Illuminate\\Container\\Container->call(Array)
#25 D:\\code\\test\\vendor\\symfony\\console\\Command\\Command.php(326): Illuminate\\Console\\Command->execute(Object(Symfony\\Component\\Console\\Input\\ArgvInput), Object(Illuminate\\Console\\OutputStyle))
#26 D:\\code\\test\\vendor\\laravel\\framework\\src\\Illuminate\\Console\\Command.php(181): Symfony\\Component\\Console\\Command\\Command->run(Object(Symfony\\Component\\Console\\Input\\ArgvInput), Object(Illuminate\\Console\\OutputStyle))
#27 D:\\code\\test\\vendor\\symfony\\console\\Application.php(1096): Illuminate\\Console\\Command->run(Object(Symfony\\Component\\Console\\Input\\ArgvInput), Object(Symfony\\Component\\Console\\Output\\ConsoleOutput))
#28 D:\\code\\test\\vendor\\symfony\\console\\Application.php(324): Symfony\\Component\\Console\\Application->doRunCommand(Object(Illuminate\\Database\\Console\\Migrations\\MigrateCommand), Object(Symfony\\Component\\Console\\Input\\ArgvInput), Object(Symfony\\Component\\Console\\Output\\ConsoleOutput))
#29 D:\\code\\test\\vendor\\symfony\\console\\Application.php(175): Symfony\\Component\\Console\\Application->doRun(Object(Symfony\\Component\\Console\\Input\\ArgvInput), Object(Symfony\\Component\\Console\\Output\\ConsoleOutput))
#30 D:\\code\\test\\vendor\\laravel\\framework\\src\\Illuminate\\Foundation\\Console\\Kernel.php(201): Symfony\\Component\\Console\\Application->run(Object(Symfony\\Component\\Console\\Input\\ArgvInput), Object(Symfony\\Component\\Console\\Output\\ConsoleOutput))
#31 D:\\code\\test\\artisan(37): Illuminate\\Foundation\\Console\\Kernel->handle(Object(Symfony\\Component\\Console\\Input\\ArgvInput), Object(Symfony\\Component\\Console\\Output\\ConsoleOutput))
#32 {main}

[previous exception] [object] (PDOException(code: 42S01): SQLSTATE[42S01]: Base table or view already exists: 1050 La table 'users' existe déjà at D:\\code\\test\\vendor\\laravel\\framework\\src\\Illuminate\\Database\\Connection.php:587)
[stacktrace]
#0 D:\\code\\test\\vendor\\laravel\\framework\\src\\Illuminate\\Database\\Connection.php(587): PDOStatement->execute()
#1 D:\\code\\test\\vendor\\laravel\\framework\\src\\Illuminate\\Database\\Connection.php(816): Illuminate\\Database\\Connection->Illuminate\\Database\\{closure}('create table `u...', Array)
#2 D:\\code\\test\\vendor\\laravel\\framework\\src\\Illuminate\\Database\\Connection.php(783): Illuminate\\Database\\Connection->runQueryCallback('create table `u...', Array, Object(Closure))
#3 D:\\code\\test\\vendor\\laravel\\framework\\src\\Illuminate\\Database\\Connection.php(588): Illuminate\\Database\\Connection->run('create table `u...', Array, Object(Closure))
#4 D:\\code\\test\\vendor\\laravel\\framework\\src\\Illuminate\\Database\\Schema\\Blueprint.php(110): Illuminate\\Database\\Connection->statement('create table `u...')
#5 D:\\code\\test\\vendor\\laravel\\framework\\src\\Illuminate\\Database\\Schema\\Builder.php(602): Illuminate\\Database\\Schema\\Blueprint->build(Object(Illuminate\\Database\\MySqlConnection), Object(Illuminate\\Database\\Schema\\Grammars\\MySqlGrammar))
#6 D:\\code\\test\\vendor\\laravel\\framework\\src\\Illuminate\\Database\\Schema\\Builder.php(460): Illuminate\\Database\\Schema\\Builder->build(Object(Illuminate\\Database\\Schema\\Blueprint))
#7 D:\\code\\test\\vendor\\laravel\\framework\\src\\Illuminate\\Support\\Facades\\Facade.php(355): Illuminate\\Database\\Schema\\Builder->create('users', Object(Closure))
#8 D:\\code\\test\\database\\migrations\\2014_10_12_000000_create_users_table.php(22): Illuminate\\Support\\Facades\\Facade::__callStatic('create', Array)
#9 D:\\code\\test\\vendor\\laravel\\framework\\src\\Illuminate\\Database\\Migrations\\Migrator.php(501): Illuminate\\Database\\Migrations\\Migration@anonymous->up()
#10 D:\\code\\test\\vendor\\laravel\\framework\\src\\Illuminate\\Database\\Migrations\\Migrator.php(418): Illuminate\\Database\\Migrations\\Migrator->runMethod(Object(Illuminate\\Database\\MySqlConnection), Object(Illuminate\\Database\\Migrations\\Migration@anonymous), 'up')
#11 D:\\code\\test\\vendor\\laravel\\framework\\src\\Illuminate\\Database\\Migrations\\Migrator.php(427): Illuminate\\Database\\Migrations\\Migrator->Illuminate\\Database\\Migrations\\{closure}()
#12 D:\\code\\test\\vendor\\laravel\\framework\\src\\Illuminate\\Database\\Migrations\\Migrator.php(224): Illuminate\\Database\\Migrations\\Migrator->runMigration(Object(Illuminate\\Database\\Migrations\\Migration@anonymous), 'up')
#13 D:\\code\\test\\vendor\\laravel\\framework\\src\\Illuminate\\Console\\View\\Components\\Task.php(37): Illuminate\\Database\\Migrations\\Migrator->Illuminate\\Database\\Migrations\\{closure}()
#14 D:\\code\\test\\vendor\\laravel\\framework\\src\\Illuminate\\Database\\Migrations\\Migrator.php(783): Illuminate\\Console\\View\\Components\\Task->render('2014_10_12_0000...', Object(Closure))
#15 D:\\code\\test\\vendor\\laravel\\framework\\src\\Illuminate\\Database\\Migrations\\Migrator.php(224): Illuminate\\Database\\Migrations\\Migrator->write('Illuminate\\\\Cons...', '2014_10_12_0000...', Object(Closure))
#16 D:\\code\\test\\vendor\\laravel\\framework\\src\\Illuminate\\Database\\Migrations\\Migrator.php(189): Illuminate\\Database\\Migrations\\Migrator->runUp('D:\\\\code\\\\test\\\\da...', 1, false)
#17 D:\\code\\test\\vendor\\laravel\\framework\\src\\Illuminate\\Database\\Migrations\\Migrator.php(132): Illuminate\\Database\\Migrations\\Migrator->runPending(Array, Array)
#18 D:\\code\\test\\vendor\\laravel\\framework\\src\\Illuminate\\Database\\Console\\Migrations\\MigrateCommand.php(92): Illuminate\\Database\\Migrations\\Migrator->run(Array, Array)
#19 D:\\code\\test\\vendor\\laravel\\framework\\src\\Illuminate\\Database\\Migrations\\Migrator.php(641): Illuminate\\Database\\Console\\Migrations\\MigrateCommand->Illuminate\\Database\\Console\\Migrations\\{closure}()
#20 D:\\code\\test\\vendor\\laravel\\framework\\src\\Illuminate\\Database\\Console\\Migrations\\MigrateCommand.php(104): Illuminate\\Database\\Migrations\\Migrator->usingConnection(NULL, Object(Closure))
#21 D:\\code\\test\\vendor\\laravel\\framework\\src\\Illuminate\\Container\\BoundMethod.php(36): Illuminate\\Database\\Console\\Migrations\\MigrateCommand->handle()
#22 D:\\code\\test\\vendor\\laravel\\framework\\src\\Illuminate\\Container\\Util.php(41): Illuminate\\Container\\BoundMethod::Illuminate\\Container\\{closure}()
#23 D:\\code\\test\\vendor\\laravel\\framework\\src\\Illuminate\\Container\\BoundMethod.php(93): Illuminate\\Container\\Util::unwrapIfClosure(Object(Closure))
#24 D:\\code\\test\\vendor\\laravel\\framework\\src\\Illuminate\\Container\\BoundMethod.php(37): Illuminate\\Container\\BoundMethod::callBoundMethod(Object(Illuminate\\Foundation\\Application), Array, Object(Closure))
#25 D:\\code\\test\\vendor\\laravel\\framework\\src\\Illuminate\\Container\\Container.php(662): Illuminate\\Container\\BoundMethod::call(Object(Illuminate\\Foundation\\Application), Array, Array, NULL)
#26 D:\\code\\test\\vendor\\laravel\\framework\\src\\Illuminate\\Console\\Command.php(211): Illuminate\\Container\\Container->call(Array)
#27 D:\\code\\test\\vendor\\symfony\\console\\Command\\Command.php(326): Illuminate\\Console\\Command->execute(Object(Symfony\\Component\\Console\\Input\\ArgvInput), Object(Illuminate\\Console\\OutputStyle))
#28 D:\\code\\test\\vendor\\laravel\\framework\\src\\Illuminate\\Console\\Command.php(181): Symfony\\Component\\Console\\Command\\Command->run(Object(Symfony\\Component\\Console\\Input\\ArgvInput), Object(Illuminate\\Console\\OutputStyle))
#29 D:\\code\\test\\vendor\\symfony\\console\\Application.php(1096): Illuminate\\Console\\Command->run(Object(Symfony\\Component\\Console\\Input\\ArgvInput), Object(Symfony\\Component\\Console\\Output\\ConsoleOutput))
#30 D:\\code\\test\\vendor\\symfony\\console\\Application.php(324): Symfony\\Component\\Console\\Application->doRunCommand(Object(Illuminate\\Database\\Console\\Migrations\\MigrateCommand), Object(Symfony\\Component\\Console\\Input\\ArgvInput), Object(Symfony\\Component\\Console\\Output\\ConsoleOutput))
#31 D:\\code\\test\\vendor\\symfony\\console\\Application.php(175): Symfony\\Component\\Console\\Application->doRun(Object(Symfony\\Component\\Console\\Input\\ArgvInput), Object(Symfony\\Component\\Console\\Output\\ConsoleOutput))
#32 D:\\code\\test\\vendor\\laravel\\framework\\src\\Illuminate\\Foundation\\Console\\Kernel.php(201): Symfony\\Component\\Console\\Application->run(Object(Symfony\\Component\\Console\\Input\\ArgvInput), Object(Symfony\\Component\\Console\\Output\\ConsoleOutput))
#33 D:\\code\\test\\artisan(37): Illuminate\\Foundation\\Console\\Kernel->handle(Object(Symfony\\Component\\Console\\Input\\ArgvInput), Object(Symfony\\Component\\Console\\Output\\ConsoleOutput))
#34 {main}
"} 
[2025-03-23 15:11:50] local.ERROR: SQLSTATE[42000]: Syntax error or access violation: 1071 La clé est trop longue. Longueur maximale: 1000 (Connection: mysql, SQL: alter table `users` add unique `users_email_unique`(`email`)) {"exception":"[object] (Illuminate\\Database\\QueryException(code: 42000): SQLSTATE[42000]: Syntax error or access violation: 1071 La clé est trop longue. Longueur maximale: 1000 (Connection: mysql, SQL: alter table `users` add unique `users_email_unique`(`email`)) at D:\\code\\test\\vendor\\laravel\\framework\\src\\Illuminate\\Database\\Connection.php:829)
[stacktrace]
#0 D:\\code\\test\\vendor\\laravel\\framework\\src\\Illuminate\\Database\\Connection.php(783): Illuminate\\Database\\Connection->runQueryCallback('alter table `us...', Array, Object(Closure))
#1 D:\\code\\test\\vendor\\laravel\\framework\\src\\Illuminate\\Database\\Connection.php(588): Illuminate\\Database\\Connection->run('alter table `us...', Array, Object(Closure))
#2 D:\\code\\test\\vendor\\laravel\\framework\\src\\Illuminate\\Database\\Schema\\Blueprint.php(110): Illuminate\\Database\\Connection->statement('alter table `us...')
#3 D:\\code\\test\\vendor\\laravel\\framework\\src\\Illuminate\\Database\\Schema\\Builder.php(602): Illuminate\\Database\\Schema\\Blueprint->build(Object(Illuminate\\Database\\MySqlConnection), Object(Illuminate\\Database\\Schema\\Grammars\\MySqlGrammar))
#4 D:\\code\\test\\vendor\\laravel\\framework\\src\\Illuminate\\Database\\Schema\\Builder.php(460): Illuminate\\Database\\Schema\\Builder->build(Object(Illuminate\\Database\\Schema\\Blueprint))
#5 D:\\code\\test\\vendor\\laravel\\framework\\src\\Illuminate\\Support\\Facades\\Facade.php(355): Illuminate\\Database\\Schema\\Builder->create('users', Object(Closure))
#6 D:\\code\\test\\database\\migrations\\2014_10_12_000000_create_users_table.php(22): Illuminate\\Support\\Facades\\Facade::__callStatic('create', Array)
#7 D:\\code\\test\\vendor\\laravel\\framework\\src\\Illuminate\\Database\\Migrations\\Migrator.php(501): Illuminate\\Database\\Migrations\\Migration@anonymous->up()
#8 D:\\code\\test\\vendor\\laravel\\framework\\src\\Illuminate\\Database\\Migrations\\Migrator.php(418): Illuminate\\Database\\Migrations\\Migrator->runMethod(Object(Illuminate\\Database\\MySqlConnection), Object(Illuminate\\Database\\Migrations\\Migration@anonymous), 'up')
#9 D:\\code\\test\\vendor\\laravel\\framework\\src\\Illuminate\\Database\\Migrations\\Migrator.php(427): Illuminate\\Database\\Migrations\\Migrator->Illuminate\\Database\\Migrations\\{closure}()
#10 D:\\code\\test\\vendor\\laravel\\framework\\src\\Illuminate\\Database\\Migrations\\Migrator.php(224): Illuminate\\Database\\Migrations\\Migrator->runMigration(Object(Illuminate\\Database\\Migrations\\Migration@anonymous), 'up')
#11 D:\\code\\test\\vendor\\laravel\\framework\\src\\Illuminate\\Console\\View\\Components\\Task.php(37): Illuminate\\Database\\Migrations\\Migrator->Illuminate\\Database\\Migrations\\{closure}()
#12 D:\\code\\test\\vendor\\laravel\\framework\\src\\Illuminate\\Database\\Migrations\\Migrator.php(783): Illuminate\\Console\\View\\Components\\Task->render('2014_10_12_0000...', Object(Closure))
#13 D:\\code\\test\\vendor\\laravel\\framework\\src\\Illuminate\\Database\\Migrations\\Migrator.php(224): Illuminate\\Database\\Migrations\\Migrator->write('Illuminate\\\\Cons...', '2014_10_12_0000...', Object(Closure))
#14 D:\\code\\test\\vendor\\laravel\\framework\\src\\Illuminate\\Database\\Migrations\\Migrator.php(189): Illuminate\\Database\\Migrations\\Migrator->runUp('D:\\\\code\\\\test\\\\da...', 1, false)
#15 D:\\code\\test\\vendor\\laravel\\framework\\src\\Illuminate\\Database\\Migrations\\Migrator.php(132): Illuminate\\Database\\Migrations\\Migrator->runPending(Array, Array)
#16 D:\\code\\test\\vendor\\laravel\\framework\\src\\Illuminate\\Database\\Console\\Migrations\\MigrateCommand.php(92): Illuminate\\Database\\Migrations\\Migrator->run(Array, Array)
#17 D:\\code\\test\\vendor\\laravel\\framework\\src\\Illuminate\\Database\\Migrations\\Migrator.php(641): Illuminate\\Database\\Console\\Migrations\\MigrateCommand->Illuminate\\Database\\Console\\Migrations\\{closure}()
#18 D:\\code\\test\\vendor\\laravel\\framework\\src\\Illuminate\\Database\\Console\\Migrations\\MigrateCommand.php(104): Illuminate\\Database\\Migrations\\Migrator->usingConnection(NULL, Object(Closure))
#19 D:\\code\\test\\vendor\\laravel\\framework\\src\\Illuminate\\Container\\BoundMethod.php(36): Illuminate\\Database\\Console\\Migrations\\MigrateCommand->handle()
#20 D:\\code\\test\\vendor\\laravel\\framework\\src\\Illuminate\\Container\\Util.php(41): Illuminate\\Container\\BoundMethod::Illuminate\\Container\\{closure}()
#21 D:\\code\\test\\vendor\\laravel\\framework\\src\\Illuminate\\Container\\BoundMethod.php(93): Illuminate\\Container\\Util::unwrapIfClosure(Object(Closure))
#22 D:\\code\\test\\vendor\\laravel\\framework\\src\\Illuminate\\Container\\BoundMethod.php(37): Illuminate\\Container\\BoundMethod::callBoundMethod(Object(Illuminate\\Foundation\\Application), Array, Object(Closure))
#23 D:\\code\\test\\vendor\\laravel\\framework\\src\\Illuminate\\Container\\Container.php(662): Illuminate\\Container\\BoundMethod::call(Object(Illuminate\\Foundation\\Application), Array, Array, NULL)
#24 D:\\code\\test\\vendor\\laravel\\framework\\src\\Illuminate\\Console\\Command.php(211): Illuminate\\Container\\Container->call(Array)
#25 D:\\code\\test\\vendor\\symfony\\console\\Command\\Command.php(326): Illuminate\\Console\\Command->execute(Object(Symfony\\Component\\Console\\Input\\ArgvInput), Object(Illuminate\\Console\\OutputStyle))
#26 D:\\code\\test\\vendor\\laravel\\framework\\src\\Illuminate\\Console\\Command.php(181): Symfony\\Component\\Console\\Command\\Command->run(Object(Symfony\\Component\\Console\\Input\\ArgvInput), Object(Illuminate\\Console\\OutputStyle))
#27 D:\\code\\test\\vendor\\symfony\\console\\Application.php(1096): Illuminate\\Console\\Command->run(Object(Symfony\\Component\\Console\\Input\\ArgvInput), Object(Symfony\\Component\\Console\\Output\\ConsoleOutput))
#28 D:\\code\\test\\vendor\\symfony\\console\\Application.php(324): Symfony\\Component\\Console\\Application->doRunCommand(Object(Illuminate\\Database\\Console\\Migrations\\MigrateCommand), Object(Symfony\\Component\\Console\\Input\\ArgvInput), Object(Symfony\\Component\\Console\\Output\\ConsoleOutput))
#29 D:\\code\\test\\vendor\\symfony\\console\\Application.php(175): Symfony\\Component\\Console\\Application->doRun(Object(Symfony\\Component\\Console\\Input\\ArgvInput), Object(Symfony\\Component\\Console\\Output\\ConsoleOutput))
#30 D:\\code\\test\\vendor\\laravel\\framework\\src\\Illuminate\\Foundation\\Console\\Kernel.php(201): Symfony\\Component\\Console\\Application->run(Object(Symfony\\Component\\Console\\Input\\ArgvInput), Object(Symfony\\Component\\Console\\Output\\ConsoleOutput))
#31 D:\\code\\test\\artisan(37): Illuminate\\Foundation\\Console\\Kernel->handle(Object(Symfony\\Component\\Console\\Input\\ArgvInput), Object(Symfony\\Component\\Console\\Output\\ConsoleOutput))
#32 {main}

[previous exception] [object] (PDOException(code: 42000): SQLSTATE[42000]: Syntax error or access violation: 1071 La clé est trop longue. Longueur maximale: 1000 at D:\\code\\test\\vendor\\laravel\\framework\\src\\Illuminate\\Database\\Connection.php:587)
[stacktrace]
#0 D:\\code\\test\\vendor\\laravel\\framework\\src\\Illuminate\\Database\\Connection.php(587): PDOStatement->execute()
#1 D:\\code\\test\\vendor\\laravel\\framework\\src\\Illuminate\\Database\\Connection.php(816): Illuminate\\Database\\Connection->Illuminate\\Database\\{closure}('alter table `us...', Array)
#2 D:\\code\\test\\vendor\\laravel\\framework\\src\\Illuminate\\Database\\Connection.php(783): Illuminate\\Database\\Connection->runQueryCallback('alter table `us...', Array, Object(Closure))
#3 D:\\code\\test\\vendor\\laravel\\framework\\src\\Illuminate\\Database\\Connection.php(588): Illuminate\\Database\\Connection->run('alter table `us...', Array, Object(Closure))
#4 D:\\code\\test\\vendor\\laravel\\framework\\src\\Illuminate\\Database\\Schema\\Blueprint.php(110): Illuminate\\Database\\Connection->statement('alter table `us...')
#5 D:\\code\\test\\vendor\\laravel\\framework\\src\\Illuminate\\Database\\Schema\\Builder.php(602): Illuminate\\Database\\Schema\\Blueprint->build(Object(Illuminate\\Database\\MySqlConnection), Object(Illuminate\\Database\\Schema\\Grammars\\MySqlGrammar))
#6 D:\\code\\test\\vendor\\laravel\\framework\\src\\Illuminate\\Database\\Schema\\Builder.php(460): Illuminate\\Database\\Schema\\Builder->build(Object(Illuminate\\Database\\Schema\\Blueprint))
#7 D:\\code\\test\\vendor\\laravel\\framework\\src\\Illuminate\\Support\\Facades\\Facade.php(355): Illuminate\\Database\\Schema\\Builder->create('users', Object(Closure))
#8 D:\\code\\test\\database\\migrations\\2014_10_12_000000_create_users_table.php(22): Illuminate\\Support\\Facades\\Facade::__callStatic('create', Array)
#9 D:\\code\\test\\vendor\\laravel\\framework\\src\\Illuminate\\Database\\Migrations\\Migrator.php(501): Illuminate\\Database\\Migrations\\Migration@anonymous->up()
#10 D:\\code\\test\\vendor\\laravel\\framework\\src\\Illuminate\\Database\\Migrations\\Migrator.php(418): Illuminate\\Database\\Migrations\\Migrator->runMethod(Object(Illuminate\\Database\\MySqlConnection), Object(Illuminate\\Database\\Migrations\\Migration@anonymous), 'up')
#11 D:\\code\\test\\vendor\\laravel\\framework\\src\\Illuminate\\Database\\Migrations\\Migrator.php(427): Illuminate\\Database\\Migrations\\Migrator->Illuminate\\Database\\Migrations\\{closure}()
#12 D:\\code\\test\\vendor\\laravel\\framework\\src\\Illuminate\\Database\\Migrations\\Migrator.php(224): Illuminate\\Database\\Migrations\\Migrator->runMigration(Object(Illuminate\\Database\\Migrations\\Migration@anonymous), 'up')
#13 D:\\code\\test\\vendor\\laravel\\framework\\src\\Illuminate\\Console\\View\\Components\\Task.php(37): Illuminate\\Database\\Migrations\\Migrator->Illuminate\\Database\\Migrations\\{closure}()
#14 D:\\code\\test\\vendor\\laravel\\framework\\src\\Illuminate\\Database\\Migrations\\Migrator.php(783): Illuminate\\Console\\View\\Components\\Task->render('2014_10_12_0000...', Object(Closure))
#15 D:\\code\\test\\vendor\\laravel\\framework\\src\\Illuminate\\Database\\Migrations\\Migrator.php(224): Illuminate\\Database\\Migrations\\Migrator->write('Illuminate\\\\Cons...', '2014_10_12_0000...', Object(Closure))
#16 D:\\code\\test\\vendor\\laravel\\framework\\src\\Illuminate\\Database\\Migrations\\Migrator.php(189): Illuminate\\Database\\Migrations\\Migrator->runUp('D:\\\\code\\\\test\\\\da...', 1, false)
#17 D:\\code\\test\\vendor\\laravel\\framework\\src\\Illuminate\\Database\\Migrations\\Migrator.php(132): Illuminate\\Database\\Migrations\\Migrator->runPending(Array, Array)
#18 D:\\code\\test\\vendor\\laravel\\framework\\src\\Illuminate\\Database\\Console\\Migrations\\MigrateCommand.php(92): Illuminate\\Database\\Migrations\\Migrator->run(Array, Array)
#19 D:\\code\\test\\vendor\\laravel\\framework\\src\\Illuminate\\Database\\Migrations\\Migrator.php(641): Illuminate\\Database\\Console\\Migrations\\MigrateCommand->Illuminate\\Database\\Console\\Migrations\\{closure}()
#20 D:\\code\\test\\vendor\\laravel\\framework\\src\\Illuminate\\Database\\Console\\Migrations\\MigrateCommand.php(104): Illuminate\\Database\\Migrations\\Migrator->usingConnection(NULL, Object(Closure))
#21 D:\\code\\test\\vendor\\laravel\\framework\\src\\Illuminate\\Container\\BoundMethod.php(36): Illuminate\\Database\\Console\\Migrations\\MigrateCommand->handle()
#22 D:\\code\\test\\vendor\\laravel\\framework\\src\\Illuminate\\Container\\Util.php(41): Illuminate\\Container\\BoundMethod::Illuminate\\Container\\{closure}()
#23 D:\\code\\test\\vendor\\laravel\\framework\\src\\Illuminate\\Container\\BoundMethod.php(93): Illuminate\\Container\\Util::unwrapIfClosure(Object(Closure))
#24 D:\\code\\test\\vendor\\laravel\\framework\\src\\Illuminate\\Container\\BoundMethod.php(37): Illuminate\\Container\\BoundMethod::callBoundMethod(Object(Illuminate\\Foundation\\Application), Array, Object(Closure))
#25 D:\\code\\test\\vendor\\laravel\\framework\\src\\Illuminate\\Container\\Container.php(662): Illuminate\\Container\\BoundMethod::call(Object(Illuminate\\Foundation\\Application), Array, Array, NULL)
#26 D:\\code\\test\\vendor\\laravel\\framework\\src\\Illuminate\\Console\\Command.php(211): Illuminate\\Container\\Container->call(Array)
#27 D:\\code\\test\\vendor\\symfony\\console\\Command\\Command.php(326): Illuminate\\Console\\Command->execute(Object(Symfony\\Component\\Console\\Input\\ArgvInput), Object(Illuminate\\Console\\OutputStyle))
#28 D:\\code\\test\\vendor\\laravel\\framework\\src\\Illuminate\\Console\\Command.php(181): Symfony\\Component\\Console\\Command\\Command->run(Object(Symfony\\Component\\Console\\Input\\ArgvInput), Object(Illuminate\\Console\\OutputStyle))
#29 D:\\code\\test\\vendor\\symfony\\console\\Application.php(1096): Illuminate\\Console\\Command->run(Object(Symfony\\Component\\Console\\Input\\ArgvInput), Object(Symfony\\Component\\Console\\Output\\ConsoleOutput))
#30 D:\\code\\test\\vendor\\symfony\\console\\Application.php(324): Symfony\\Component\\Console\\Application->doRunCommand(Object(Illuminate\\Database\\Console\\Migrations\\MigrateCommand), Object(Symfony\\Component\\Console\\Input\\ArgvInput), Object(Symfony\\Component\\Console\\Output\\ConsoleOutput))
#31 D:\\code\\test\\vendor\\symfony\\console\\Application.php(175): Symfony\\Component\\Console\\Application->doRun(Object(Symfony\\Component\\Console\\Input\\ArgvInput), Object(Symfony\\Component\\Console\\Output\\ConsoleOutput))
#32 D:\\code\\test\\vendor\\laravel\\framework\\src\\Illuminate\\Foundation\\Console\\Kernel.php(201): Symfony\\Component\\Console\\Application->run(Object(Symfony\\Component\\Console\\Input\\ArgvInput), Object(Symfony\\Component\\Console\\Output\\ConsoleOutput))
#33 D:\\code\\test\\artisan(37): Illuminate\\Foundation\\Console\\Kernel->handle(Object(Symfony\\Component\\Console\\Input\\ArgvInput), Object(Symfony\\Component\\Console\\Output\\ConsoleOutput))
#34 {main}
"} 
[2025-03-23 15:12:32] local.ERROR: SQLSTATE[42000]: Syntax error or access violation: 1071 La clé est trop longue. Longueur maximale: 1000 (Connection: mysql, SQL: alter table `failed_jobs` add unique `failed_jobs_uuid_unique`(`uuid`)) {"exception":"[object] (Illuminate\\Database\\QueryException(code: 42000): SQLSTATE[42000]: Syntax error or access violation: 1071 La clé est trop longue. Longueur maximale: 1000 (Connection: mysql, SQL: alter table `failed_jobs` add unique `failed_jobs_uuid_unique`(`uuid`)) at D:\\code\\test\\vendor\\laravel\\framework\\src\\Illuminate\\Database\\Connection.php:829)
[stacktrace]
#0 D:\\code\\test\\vendor\\laravel\\framework\\src\\Illuminate\\Database\\Connection.php(783): Illuminate\\Database\\Connection->runQueryCallback('alter table `fa...', Array, Object(Closure))
#1 D:\\code\\test\\vendor\\laravel\\framework\\src\\Illuminate\\Database\\Connection.php(588): Illuminate\\Database\\Connection->run('alter table `fa...', Array, Object(Closure))
#2 D:\\code\\test\\vendor\\laravel\\framework\\src\\Illuminate\\Database\\Schema\\Blueprint.php(110): Illuminate\\Database\\Connection->statement('alter table `fa...')
#3 D:\\code\\test\\vendor\\laravel\\framework\\src\\Illuminate\\Database\\Schema\\Builder.php(602): Illuminate\\Database\\Schema\\Blueprint->build(Object(Illuminate\\Database\\MySqlConnection), Object(Illuminate\\Database\\Schema\\Grammars\\MySqlGrammar))
#4 D:\\code\\test\\vendor\\laravel\\framework\\src\\Illuminate\\Database\\Schema\\Builder.php(460): Illuminate\\Database\\Schema\\Builder->build(Object(Illuminate\\Database\\Schema\\Blueprint))
#5 D:\\code\\test\\vendor\\laravel\\framework\\src\\Illuminate\\Support\\Facades\\Facade.php(355): Illuminate\\Database\\Schema\\Builder->create('failed_jobs', Object(Closure))
#6 D:\\code\\test\\database\\migrations\\2019_08_19_000000_create_failed_jobs_table.php(22): Illuminate\\Support\\Facades\\Facade::__callStatic('create', Array)
#7 D:\\code\\test\\vendor\\laravel\\framework\\src\\Illuminate\\Database\\Migrations\\Migrator.php(501): Illuminate\\Database\\Migrations\\Migration@anonymous->up()
#8 D:\\code\\test\\vendor\\laravel\\framework\\src\\Illuminate\\Database\\Migrations\\Migrator.php(418): Illuminate\\Database\\Migrations\\Migrator->runMethod(Object(Illuminate\\Database\\MySqlConnection), Object(Illuminate\\Database\\Migrations\\Migration@anonymous), 'up')
#9 D:\\code\\test\\vendor\\laravel\\framework\\src\\Illuminate\\Database\\Migrations\\Migrator.php(427): Illuminate\\Database\\Migrations\\Migrator->Illuminate\\Database\\Migrations\\{closure}()
#10 D:\\code\\test\\vendor\\laravel\\framework\\src\\Illuminate\\Database\\Migrations\\Migrator.php(224): Illuminate\\Database\\Migrations\\Migrator->runMigration(Object(Illuminate\\Database\\Migrations\\Migration@anonymous), 'up')
#11 D:\\code\\test\\vendor\\laravel\\framework\\src\\Illuminate\\Console\\View\\Components\\Task.php(37): Illuminate\\Database\\Migrations\\Migrator->Illuminate\\Database\\Migrations\\{closure}()
#12 D:\\code\\test\\vendor\\laravel\\framework\\src\\Illuminate\\Database\\Migrations\\Migrator.php(783): Illuminate\\Console\\View\\Components\\Task->render('2019_08_19_0000...', Object(Closure))
#13 D:\\code\\test\\vendor\\laravel\\framework\\src\\Illuminate\\Database\\Migrations\\Migrator.php(224): Illuminate\\Database\\Migrations\\Migrator->write('Illuminate\\\\Cons...', '2019_08_19_0000...', Object(Closure))
#14 D:\\code\\test\\vendor\\laravel\\framework\\src\\Illuminate\\Database\\Migrations\\Migrator.php(189): Illuminate\\Database\\Migrations\\Migrator->runUp('D:\\\\code\\\\test\\\\da...', 1, false)
#15 D:\\code\\test\\vendor\\laravel\\framework\\src\\Illuminate\\Database\\Migrations\\Migrator.php(132): Illuminate\\Database\\Migrations\\Migrator->runPending(Array, Array)
#16 D:\\code\\test\\vendor\\laravel\\framework\\src\\Illuminate\\Database\\Console\\Migrations\\MigrateCommand.php(92): Illuminate\\Database\\Migrations\\Migrator->run(Array, Array)
#17 D:\\code\\test\\vendor\\laravel\\framework\\src\\Illuminate\\Database\\Migrations\\Migrator.php(641): Illuminate\\Database\\Console\\Migrations\\MigrateCommand->Illuminate\\Database\\Console\\Migrations\\{closure}()
#18 D:\\code\\test\\vendor\\laravel\\framework\\src\\Illuminate\\Database\\Console\\Migrations\\MigrateCommand.php(104): Illuminate\\Database\\Migrations\\Migrator->usingConnection(NULL, Object(Closure))
#19 D:\\code\\test\\vendor\\laravel\\framework\\src\\Illuminate\\Container\\BoundMethod.php(36): Illuminate\\Database\\Console\\Migrations\\MigrateCommand->handle()
#20 D:\\code\\test\\vendor\\laravel\\framework\\src\\Illuminate\\Container\\Util.php(41): Illuminate\\Container\\BoundMethod::Illuminate\\Container\\{closure}()
#21 D:\\code\\test\\vendor\\laravel\\framework\\src\\Illuminate\\Container\\BoundMethod.php(93): Illuminate\\Container\\Util::unwrapIfClosure(Object(Closure))
#22 D:\\code\\test\\vendor\\laravel\\framework\\src\\Illuminate\\Container\\BoundMethod.php(37): Illuminate\\Container\\BoundMethod::callBoundMethod(Object(Illuminate\\Foundation\\Application), Array, Object(Closure))
#23 D:\\code\\test\\vendor\\laravel\\framework\\src\\Illuminate\\Container\\Container.php(662): Illuminate\\Container\\BoundMethod::call(Object(Illuminate\\Foundation\\Application), Array, Array, NULL)
#24 D:\\code\\test\\vendor\\laravel\\framework\\src\\Illuminate\\Console\\Command.php(211): Illuminate\\Container\\Container->call(Array)
#25 D:\\code\\test\\vendor\\symfony\\console\\Command\\Command.php(326): Illuminate\\Console\\Command->execute(Object(Symfony\\Component\\Console\\Input\\ArgvInput), Object(Illuminate\\Console\\OutputStyle))
#26 D:\\code\\test\\vendor\\laravel\\framework\\src\\Illuminate\\Console\\Command.php(181): Symfony\\Component\\Console\\Command\\Command->run(Object(Symfony\\Component\\Console\\Input\\ArgvInput), Object(Illuminate\\Console\\OutputStyle))
#27 D:\\code\\test\\vendor\\symfony\\console\\Application.php(1096): Illuminate\\Console\\Command->run(Object(Symfony\\Component\\Console\\Input\\ArgvInput), Object(Symfony\\Component\\Console\\Output\\ConsoleOutput))
#28 D:\\code\\test\\vendor\\symfony\\console\\Application.php(324): Symfony\\Component\\Console\\Application->doRunCommand(Object(Illuminate\\Database\\Console\\Migrations\\MigrateCommand), Object(Symfony\\Component\\Console\\Input\\ArgvInput), Object(Symfony\\Component\\Console\\Output\\ConsoleOutput))
#29 D:\\code\\test\\vendor\\symfony\\console\\Application.php(175): Symfony\\Component\\Console\\Application->doRun(Object(Symfony\\Component\\Console\\Input\\ArgvInput), Object(Symfony\\Component\\Console\\Output\\ConsoleOutput))
#30 D:\\code\\test\\vendor\\laravel\\framework\\src\\Illuminate\\Foundation\\Console\\Kernel.php(201): Symfony\\Component\\Console\\Application->run(Object(Symfony\\Component\\Console\\Input\\ArgvInput), Object(Symfony\\Component\\Console\\Output\\ConsoleOutput))
#31 D:\\code\\test\\artisan(37): Illuminate\\Foundation\\Console\\Kernel->handle(Object(Symfony\\Component\\Console\\Input\\ArgvInput), Object(Symfony\\Component\\Console\\Output\\ConsoleOutput))
#32 {main}

[previous exception] [object] (PDOException(code: 42000): SQLSTATE[42000]: Syntax error or access violation: 1071 La clé est trop longue. Longueur maximale: 1000 at D:\\code\\test\\vendor\\laravel\\framework\\src\\Illuminate\\Database\\Connection.php:587)
[stacktrace]
#0 D:\\code\\test\\vendor\\laravel\\framework\\src\\Illuminate\\Database\\Connection.php(587): PDOStatement->execute()
#1 D:\\code\\test\\vendor\\laravel\\framework\\src\\Illuminate\\Database\\Connection.php(816): Illuminate\\Database\\Connection->Illuminate\\Database\\{closure}('alter table `fa...', Array)
#2 D:\\code\\test\\vendor\\laravel\\framework\\src\\Illuminate\\Database\\Connection.php(783): Illuminate\\Database\\Connection->runQueryCallback('alter table `fa...', Array, Object(Closure))
#3 D:\\code\\test\\vendor\\laravel\\framework\\src\\Illuminate\\Database\\Connection.php(588): Illuminate\\Database\\Connection->run('alter table `fa...', Array, Object(Closure))
#4 D:\\code\\test\\vendor\\laravel\\framework\\src\\Illuminate\\Database\\Schema\\Blueprint.php(110): Illuminate\\Database\\Connection->statement('alter table `fa...')
#5 D:\\code\\test\\vendor\\laravel\\framework\\src\\Illuminate\\Database\\Schema\\Builder.php(602): Illuminate\\Database\\Schema\\Blueprint->build(Object(Illuminate\\Database\\MySqlConnection), Object(Illuminate\\Database\\Schema\\Grammars\\MySqlGrammar))
#6 D:\\code\\test\\vendor\\laravel\\framework\\src\\Illuminate\\Database\\Schema\\Builder.php(460): Illuminate\\Database\\Schema\\Builder->build(Object(Illuminate\\Database\\Schema\\Blueprint))
#7 D:\\code\\test\\vendor\\laravel\\framework\\src\\Illuminate\\Support\\Facades\\Facade.php(355): Illuminate\\Database\\Schema\\Builder->create('failed_jobs', Object(Closure))
#8 D:\\code\\test\\database\\migrations\\2019_08_19_000000_create_failed_jobs_table.php(22): Illuminate\\Support\\Facades\\Facade::__callStatic('create', Array)
#9 D:\\code\\test\\vendor\\laravel\\framework\\src\\Illuminate\\Database\\Migrations\\Migrator.php(501): Illuminate\\Database\\Migrations\\Migration@anonymous->up()
#10 D:\\code\\test\\vendor\\laravel\\framework\\src\\Illuminate\\Database\\Migrations\\Migrator.php(418): Illuminate\\Database\\Migrations\\Migrator->runMethod(Object(Illuminate\\Database\\MySqlConnection), Object(Illuminate\\Database\\Migrations\\Migration@anonymous), 'up')
#11 D:\\code\\test\\vendor\\laravel\\framework\\src\\Illuminate\\Database\\Migrations\\Migrator.php(427): Illuminate\\Database\\Migrations\\Migrator->Illuminate\\Database\\Migrations\\{closure}()
#12 D:\\code\\test\\vendor\\laravel\\framework\\src\\Illuminate\\Database\\Migrations\\Migrator.php(224): Illuminate\\Database\\Migrations\\Migrator->runMigration(Object(Illuminate\\Database\\Migrations\\Migration@anonymous), 'up')
#13 D:\\code\\test\\vendor\\laravel\\framework\\src\\Illuminate\\Console\\View\\Components\\Task.php(37): Illuminate\\Database\\Migrations\\Migrator->Illuminate\\Database\\Migrations\\{closure}()
#14 D:\\code\\test\\vendor\\laravel\\framework\\src\\Illuminate\\Database\\Migrations\\Migrator.php(783): Illuminate\\Console\\View\\Components\\Task->render('2019_08_19_0000...', Object(Closure))
#15 D:\\code\\test\\vendor\\laravel\\framework\\src\\Illuminate\\Database\\Migrations\\Migrator.php(224): Illuminate\\Database\\Migrations\\Migrator->write('Illuminate\\\\Cons...', '2019_08_19_0000...', Object(Closure))
#16 D:\\code\\test\\vendor\\laravel\\framework\\src\\Illuminate\\Database\\Migrations\\Migrator.php(189): Illuminate\\Database\\Migrations\\Migrator->runUp('D:\\\\code\\\\test\\\\da...', 1, false)
#17 D:\\code\\test\\vendor\\laravel\\framework\\src\\Illuminate\\Database\\Migrations\\Migrator.php(132): Illuminate\\Database\\Migrations\\Migrator->runPending(Array, Array)
#18 D:\\code\\test\\vendor\\laravel\\framework\\src\\Illuminate\\Database\\Console\\Migrations\\MigrateCommand.php(92): Illuminate\\Database\\Migrations\\Migrator->run(Array, Array)
#19 D:\\code\\test\\vendor\\laravel\\framework\\src\\Illuminate\\Database\\Migrations\\Migrator.php(641): Illuminate\\Database\\Console\\Migrations\\MigrateCommand->Illuminate\\Database\\Console\\Migrations\\{closure}()
#20 D:\\code\\test\\vendor\\laravel\\framework\\src\\Illuminate\\Database\\Console\\Migrations\\MigrateCommand.php(104): Illuminate\\Database\\Migrations\\Migrator->usingConnection(NULL, Object(Closure))
#21 D:\\code\\test\\vendor\\laravel\\framework\\src\\Illuminate\\Container\\BoundMethod.php(36): Illuminate\\Database\\Console\\Migrations\\MigrateCommand->handle()
#22 D:\\code\\test\\vendor\\laravel\\framework\\src\\Illuminate\\Container\\Util.php(41): Illuminate\\Container\\BoundMethod::Illuminate\\Container\\{closure}()
#23 D:\\code\\test\\vendor\\laravel\\framework\\src\\Illuminate\\Container\\BoundMethod.php(93): Illuminate\\Container\\Util::unwrapIfClosure(Object(Closure))
#24 D:\\code\\test\\vendor\\laravel\\framework\\src\\Illuminate\\Container\\BoundMethod.php(37): Illuminate\\Container\\BoundMethod::callBoundMethod(Object(Illuminate\\Foundation\\Application), Array, Object(Closure))
#25 D:\\code\\test\\vendor\\laravel\\framework\\src\\Illuminate\\Container\\Container.php(662): Illuminate\\Container\\BoundMethod::call(Object(Illuminate\\Foundation\\Application), Array, Array, NULL)
#26 D:\\code\\test\\vendor\\laravel\\framework\\src\\Illuminate\\Console\\Command.php(211): Illuminate\\Container\\Container->call(Array)
#27 D:\\code\\test\\vendor\\symfony\\console\\Command\\Command.php(326): Illuminate\\Console\\Command->execute(Object(Symfony\\Component\\Console\\Input\\ArgvInput), Object(Illuminate\\Console\\OutputStyle))
#28 D:\\code\\test\\vendor\\laravel\\framework\\src\\Illuminate\\Console\\Command.php(181): Symfony\\Component\\Console\\Command\\Command->run(Object(Symfony\\Component\\Console\\Input\\ArgvInput), Object(Illuminate\\Console\\OutputStyle))
#29 D:\\code\\test\\vendor\\symfony\\console\\Application.php(1096): Illuminate\\Console\\Command->run(Object(Symfony\\Component\\Console\\Input\\ArgvInput), Object(Symfony\\Component\\Console\\Output\\ConsoleOutput))
#30 D:\\code\\test\\vendor\\symfony\\console\\Application.php(324): Symfony\\Component\\Console\\Application->doRunCommand(Object(Illuminate\\Database\\Console\\Migrations\\MigrateCommand), Object(Symfony\\Component\\Console\\Input\\ArgvInput), Object(Symfony\\Component\\Console\\Output\\ConsoleOutput))
#31 D:\\code\\test\\vendor\\symfony\\console\\Application.php(175): Symfony\\Component\\Console\\Application->doRun(Object(Symfony\\Component\\Console\\Input\\ArgvInput), Object(Symfony\\Component\\Console\\Output\\ConsoleOutput))
#32 D:\\code\\test\\vendor\\laravel\\framework\\src\\Illuminate\\Foundation\\Console\\Kernel.php(201): Symfony\\Component\\Console\\Application->run(Object(Symfony\\Component\\Console\\Input\\ArgvInput), Object(Symfony\\Component\\Console\\Output\\ConsoleOutput))
#33 D:\\code\\test\\artisan(37): Illuminate\\Foundation\\Console\\Kernel->handle(Object(Symfony\\Component\\Console\\Input\\ArgvInput), Object(Symfony\\Component\\Console\\Output\\ConsoleOutput))
#34 {main}
"} 
[2025-03-23 15:36:38] local.ERROR: SQLSTATE[HY000]: General error: 3734 Failed to add the foreign key constraint. Missing column 'id' for constraint 'clients_id_utilisateur_foreign' in the referenced table 'utilisateurs' (Connection: mysql, SQL: alter table `clients` add constraint `clients_id_utilisateur_foreign` foreign key (`id_utilisateur`) references `utilisateurs` (`id`) on delete cascade) {"exception":"[object] (Illuminate\\Database\\QueryException(code: HY000): SQLSTATE[HY000]: General error: 3734 Failed to add the foreign key constraint. Missing column 'id' for constraint 'clients_id_utilisateur_foreign' in the referenced table 'utilisateurs' (Connection: mysql, SQL: alter table `clients` add constraint `clients_id_utilisateur_foreign` foreign key (`id_utilisateur`) references `utilisateurs` (`id`) on delete cascade) at D:\\code\\test\\vendor\\laravel\\framework\\src\\Illuminate\\Database\\Connection.php:829)
[stacktrace]
#0 D:\\code\\test\\vendor\\laravel\\framework\\src\\Illuminate\\Database\\Connection.php(783): Illuminate\\Database\\Connection->runQueryCallback('alter table `cl...', Array, Object(Closure))
#1 D:\\code\\test\\vendor\\laravel\\framework\\src\\Illuminate\\Database\\Connection.php(588): Illuminate\\Database\\Connection->run('alter table `cl...', Array, Object(Closure))
#2 D:\\code\\test\\vendor\\laravel\\framework\\src\\Illuminate\\Database\\Schema\\Blueprint.php(110): Illuminate\\Database\\Connection->statement('alter table `cl...')
#3 D:\\code\\test\\vendor\\laravel\\framework\\src\\Illuminate\\Database\\Schema\\Builder.php(602): Illuminate\\Database\\Schema\\Blueprint->build(Object(Illuminate\\Database\\MySqlConnection), Object(Illuminate\\Database\\Schema\\Grammars\\MySqlGrammar))
#4 D:\\code\\test\\vendor\\laravel\\framework\\src\\Illuminate\\Database\\Schema\\Builder.php(460): Illuminate\\Database\\Schema\\Builder->build(Object(Illuminate\\Database\\Schema\\Blueprint))
#5 D:\\code\\test\\vendor\\laravel\\framework\\src\\Illuminate\\Support\\Facades\\Facade.php(355): Illuminate\\Database\\Schema\\Builder->create('clients', Object(Closure))
#6 D:\\code\\test\\database\\migrations\\2025_03_20_163625_create_utilisateurs_table.php(33): Illuminate\\Support\\Facades\\Facade::__callStatic('create', Array)
#7 D:\\code\\test\\vendor\\laravel\\framework\\src\\Illuminate\\Database\\Migrations\\Migrator.php(501): Illuminate\\Database\\Migrations\\Migration@anonymous->up()
#8 D:\\code\\test\\vendor\\laravel\\framework\\src\\Illuminate\\Database\\Migrations\\Migrator.php(418): Illuminate\\Database\\Migrations\\Migrator->runMethod(Object(Illuminate\\Database\\MySqlConnection), Object(Illuminate\\Database\\Migrations\\Migration@anonymous), 'up')
#9 D:\\code\\test\\vendor\\laravel\\framework\\src\\Illuminate\\Database\\Migrations\\Migrator.php(427): Illuminate\\Database\\Migrations\\Migrator->Illuminate\\Database\\Migrations\\{closure}()
#10 D:\\code\\test\\vendor\\laravel\\framework\\src\\Illuminate\\Database\\Migrations\\Migrator.php(224): Illuminate\\Database\\Migrations\\Migrator->runMigration(Object(Illuminate\\Database\\Migrations\\Migration@anonymous), 'up')
#11 D:\\code\\test\\vendor\\laravel\\framework\\src\\Illuminate\\Console\\View\\Components\\Task.php(37): Illuminate\\Database\\Migrations\\Migrator->Illuminate\\Database\\Migrations\\{closure}()
#12 D:\\code\\test\\vendor\\laravel\\framework\\src\\Illuminate\\Database\\Migrations\\Migrator.php(783): Illuminate\\Console\\View\\Components\\Task->render('2025_03_20_1636...', Object(Closure))
#13 D:\\code\\test\\vendor\\laravel\\framework\\src\\Illuminate\\Database\\Migrations\\Migrator.php(224): Illuminate\\Database\\Migrations\\Migrator->write('Illuminate\\\\Cons...', '2025_03_20_1636...', Object(Closure))
#14 D:\\code\\test\\vendor\\laravel\\framework\\src\\Illuminate\\Database\\Migrations\\Migrator.php(189): Illuminate\\Database\\Migrations\\Migrator->runUp('D:\\\\code\\\\test\\\\da...', 2, false)
#15 D:\\code\\test\\vendor\\laravel\\framework\\src\\Illuminate\\Database\\Migrations\\Migrator.php(132): Illuminate\\Database\\Migrations\\Migrator->runPending(Array, Array)
#16 D:\\code\\test\\vendor\\laravel\\framework\\src\\Illuminate\\Database\\Console\\Migrations\\MigrateCommand.php(92): Illuminate\\Database\\Migrations\\Migrator->run(Array, Array)
#17 D:\\code\\test\\vendor\\laravel\\framework\\src\\Illuminate\\Database\\Migrations\\Migrator.php(641): Illuminate\\Database\\Console\\Migrations\\MigrateCommand->Illuminate\\Database\\Console\\Migrations\\{closure}()
#18 D:\\code\\test\\vendor\\laravel\\framework\\src\\Illuminate\\Database\\Console\\Migrations\\MigrateCommand.php(104): Illuminate\\Database\\Migrations\\Migrator->usingConnection(NULL, Object(Closure))
#19 D:\\code\\test\\vendor\\laravel\\framework\\src\\Illuminate\\Container\\BoundMethod.php(36): Illuminate\\Database\\Console\\Migrations\\MigrateCommand->handle()
#20 D:\\code\\test\\vendor\\laravel\\framework\\src\\Illuminate\\Container\\Util.php(41): Illuminate\\Container\\BoundMethod::Illuminate\\Container\\{closure}()
#21 D:\\code\\test\\vendor\\laravel\\framework\\src\\Illuminate\\Container\\BoundMethod.php(93): Illuminate\\Container\\Util::unwrapIfClosure(Object(Closure))
#22 D:\\code\\test\\vendor\\laravel\\framework\\src\\Illuminate\\Container\\BoundMethod.php(37): Illuminate\\Container\\BoundMethod::callBoundMethod(Object(Illuminate\\Foundation\\Application), Array, Object(Closure))
#23 D:\\code\\test\\vendor\\laravel\\framework\\src\\Illuminate\\Container\\Container.php(662): Illuminate\\Container\\BoundMethod::call(Object(Illuminate\\Foundation\\Application), Array, Array, NULL)
#24 D:\\code\\test\\vendor\\laravel\\framework\\src\\Illuminate\\Console\\Command.php(211): Illuminate\\Container\\Container->call(Array)
#25 D:\\code\\test\\vendor\\symfony\\console\\Command\\Command.php(326): Illuminate\\Console\\Command->execute(Object(Symfony\\Component\\Console\\Input\\ArgvInput), Object(Illuminate\\Console\\OutputStyle))
#26 D:\\code\\test\\vendor\\laravel\\framework\\src\\Illuminate\\Console\\Command.php(181): Symfony\\Component\\Console\\Command\\Command->run(Object(Symfony\\Component\\Console\\Input\\ArgvInput), Object(Illuminate\\Console\\OutputStyle))
#27 D:\\code\\test\\vendor\\symfony\\console\\Application.php(1096): Illuminate\\Console\\Command->run(Object(Symfony\\Component\\Console\\Input\\ArgvInput), Object(Symfony\\Component\\Console\\Output\\ConsoleOutput))
#28 D:\\code\\test\\vendor\\symfony\\console\\Application.php(324): Symfony\\Component\\Console\\Application->doRunCommand(Object(Illuminate\\Database\\Console\\Migrations\\MigrateCommand), Object(Symfony\\Component\\Console\\Input\\ArgvInput), Object(Symfony\\Component\\Console\\Output\\ConsoleOutput))
#29 D:\\code\\test\\vendor\\symfony\\console\\Application.php(175): Symfony\\Component\\Console\\Application->doRun(Object(Symfony\\Component\\Console\\Input\\ArgvInput), Object(Symfony\\Component\\Console\\Output\\ConsoleOutput))
#30 D:\\code\\test\\vendor\\laravel\\framework\\src\\Illuminate\\Foundation\\Console\\Kernel.php(201): Symfony\\Component\\Console\\Application->run(Object(Symfony\\Component\\Console\\Input\\ArgvInput), Object(Symfony\\Component\\Console\\Output\\ConsoleOutput))
#31 D:\\code\\test\\artisan(37): Illuminate\\Foundation\\Console\\Kernel->handle(Object(Symfony\\Component\\Console\\Input\\ArgvInput), Object(Symfony\\Component\\Console\\Output\\ConsoleOutput))
#32 {main}

[previous exception] [object] (PDOException(code: HY000): SQLSTATE[HY000]: General error: 3734 Failed to add the foreign key constraint. Missing column 'id' for constraint 'clients_id_utilisateur_foreign' in the referenced table 'utilisateurs' at D:\\code\\test\\vendor\\laravel\\framework\\src\\Illuminate\\Database\\Connection.php:587)
[stacktrace]
#0 D:\\code\\test\\vendor\\laravel\\framework\\src\\Illuminate\\Database\\Connection.php(587): PDOStatement->execute()
#1 D:\\code\\test\\vendor\\laravel\\framework\\src\\Illuminate\\Database\\Connection.php(816): Illuminate\\Database\\Connection->Illuminate\\Database\\{closure}('alter table `cl...', Array)
#2 D:\\code\\test\\vendor\\laravel\\framework\\src\\Illuminate\\Database\\Connection.php(783): Illuminate\\Database\\Connection->runQueryCallback('alter table `cl...', Array, Object(Closure))
#3 D:\\code\\test\\vendor\\laravel\\framework\\src\\Illuminate\\Database\\Connection.php(588): Illuminate\\Database\\Connection->run('alter table `cl...', Array, Object(Closure))
#4 D:\\code\\test\\vendor\\laravel\\framework\\src\\Illuminate\\Database\\Schema\\Blueprint.php(110): Illuminate\\Database\\Connection->statement('alter table `cl...')
#5 D:\\code\\test\\vendor\\laravel\\framework\\src\\Illuminate\\Database\\Schema\\Builder.php(602): Illuminate\\Database\\Schema\\Blueprint->build(Object(Illuminate\\Database\\MySqlConnection), Object(Illuminate\\Database\\Schema\\Grammars\\MySqlGrammar))
#6 D:\\code\\test\\vendor\\laravel\\framework\\src\\Illuminate\\Database\\Schema\\Builder.php(460): Illuminate\\Database\\Schema\\Builder->build(Object(Illuminate\\Database\\Schema\\Blueprint))
#7 D:\\code\\test\\vendor\\laravel\\framework\\src\\Illuminate\\Support\\Facades\\Facade.php(355): Illuminate\\Database\\Schema\\Builder->create('clients', Object(Closure))
#8 D:\\code\\test\\database\\migrations\\2025_03_20_163625_create_utilisateurs_table.php(33): Illuminate\\Support\\Facades\\Facade::__callStatic('create', Array)
#9 D:\\code\\test\\vendor\\laravel\\framework\\src\\Illuminate\\Database\\Migrations\\Migrator.php(501): Illuminate\\Database\\Migrations\\Migration@anonymous->up()
#10 D:\\code\\test\\vendor\\laravel\\framework\\src\\Illuminate\\Database\\Migrations\\Migrator.php(418): Illuminate\\Database\\Migrations\\Migrator->runMethod(Object(Illuminate\\Database\\MySqlConnection), Object(Illuminate\\Database\\Migrations\\Migration@anonymous), 'up')
#11 D:\\code\\test\\vendor\\laravel\\framework\\src\\Illuminate\\Database\\Migrations\\Migrator.php(427): Illuminate\\Database\\Migrations\\Migrator->Illuminate\\Database\\Migrations\\{closure}()
#12 D:\\code\\test\\vendor\\laravel\\framework\\src\\Illuminate\\Database\\Migrations\\Migrator.php(224): Illuminate\\Database\\Migrations\\Migrator->runMigration(Object(Illuminate\\Database\\Migrations\\Migration@anonymous), 'up')
#13 D:\\code\\test\\vendor\\laravel\\framework\\src\\Illuminate\\Console\\View\\Components\\Task.php(37): Illuminate\\Database\\Migrations\\Migrator->Illuminate\\Database\\Migrations\\{closure}()
#14 D:\\code\\test\\vendor\\laravel\\framework\\src\\Illuminate\\Database\\Migrations\\Migrator.php(783): Illuminate\\Console\\View\\Components\\Task->render('2025_03_20_1636...', Object(Closure))
#15 D:\\code\\test\\vendor\\laravel\\framework\\src\\Illuminate\\Database\\Migrations\\Migrator.php(224): Illuminate\\Database\\Migrations\\Migrator->write('Illuminate\\\\Cons...', '2025_03_20_1636...', Object(Closure))
#16 D:\\code\\test\\vendor\\laravel\\framework\\src\\Illuminate\\Database\\Migrations\\Migrator.php(189): Illuminate\\Database\\Migrations\\Migrator->runUp('D:\\\\code\\\\test\\\\da...', 2, false)
#17 D:\\code\\test\\vendor\\laravel\\framework\\src\\Illuminate\\Database\\Migrations\\Migrator.php(132): Illuminate\\Database\\Migrations\\Migrator->runPending(Array, Array)
#18 D:\\code\\test\\vendor\\laravel\\framework\\src\\Illuminate\\Database\\Console\\Migrations\\MigrateCommand.php(92): Illuminate\\Database\\Migrations\\Migrator->run(Array, Array)
#19 D:\\code\\test\\vendor\\laravel\\framework\\src\\Illuminate\\Database\\Migrations\\Migrator.php(641): Illuminate\\Database\\Console\\Migrations\\MigrateCommand->Illuminate\\Database\\Console\\Migrations\\{closure}()
#20 D:\\code\\test\\vendor\\laravel\\framework\\src\\Illuminate\\Database\\Console\\Migrations\\MigrateCommand.php(104): Illuminate\\Database\\Migrations\\Migrator->usingConnection(NULL, Object(Closure))
#21 D:\\code\\test\\vendor\\laravel\\framework\\src\\Illuminate\\Container\\BoundMethod.php(36): Illuminate\\Database\\Console\\Migrations\\MigrateCommand->handle()
#22 D:\\code\\test\\vendor\\laravel\\framework\\src\\Illuminate\\Container\\Util.php(41): Illuminate\\Container\\BoundMethod::Illuminate\\Container\\{closure}()
#23 D:\\code\\test\\vendor\\laravel\\framework\\src\\Illuminate\\Container\\BoundMethod.php(93): Illuminate\\Container\\Util::unwrapIfClosure(Object(Closure))
#24 D:\\code\\test\\vendor\\laravel\\framework\\src\\Illuminate\\Container\\BoundMethod.php(37): Illuminate\\Container\\BoundMethod::callBoundMethod(Object(Illuminate\\Foundation\\Application), Array, Object(Closure))
#25 D:\\code\\test\\vendor\\laravel\\framework\\src\\Illuminate\\Container\\Container.php(662): Illuminate\\Container\\BoundMethod::call(Object(Illuminate\\Foundation\\Application), Array, Array, NULL)
#26 D:\\code\\test\\vendor\\laravel\\framework\\src\\Illuminate\\Console\\Command.php(211): Illuminate\\Container\\Container->call(Array)
#27 D:\\code\\test\\vendor\\symfony\\console\\Command\\Command.php(326): Illuminate\\Console\\Command->execute(Object(Symfony\\Component\\Console\\Input\\ArgvInput), Object(Illuminate\\Console\\OutputStyle))
#28 D:\\code\\test\\vendor\\laravel\\framework\\src\\Illuminate\\Console\\Command.php(181): Symfony\\Component\\Console\\Command\\Command->run(Object(Symfony\\Component\\Console\\Input\\ArgvInput), Object(Illuminate\\Console\\OutputStyle))
#29 D:\\code\\test\\vendor\\symfony\\console\\Application.php(1096): Illuminate\\Console\\Command->run(Object(Symfony\\Component\\Console\\Input\\ArgvInput), Object(Symfony\\Component\\Console\\Output\\ConsoleOutput))
#30 D:\\code\\test\\vendor\\symfony\\console\\Application.php(324): Symfony\\Component\\Console\\Application->doRunCommand(Object(Illuminate\\Database\\Console\\Migrations\\MigrateCommand), Object(Symfony\\Component\\Console\\Input\\ArgvInput), Object(Symfony\\Component\\Console\\Output\\ConsoleOutput))
#31 D:\\code\\test\\vendor\\symfony\\console\\Application.php(175): Symfony\\Component\\Console\\Application->doRun(Object(Symfony\\Component\\Console\\Input\\ArgvInput), Object(Symfony\\Component\\Console\\Output\\ConsoleOutput))
#32 D:\\code\\test\\vendor\\laravel\\framework\\src\\Illuminate\\Foundation\\Console\\Kernel.php(201): Symfony\\Component\\Console\\Application->run(Object(Symfony\\Component\\Console\\Input\\ArgvInput), Object(Symfony\\Component\\Console\\Output\\ConsoleOutput))
#33 D:\\code\\test\\artisan(37): Illuminate\\Foundation\\Console\\Kernel->handle(Object(Symfony\\Component\\Console\\Input\\ArgvInput), Object(Symfony\\Component\\Console\\Output\\ConsoleOutput))
#34 {main}
"} 
[2025-03-23 15:37:31] local.ERROR: SQLSTATE[HY000]: General error: 3734 Failed to add the foreign key constraint. Missing column 'id' for constraint 'clients_id_utilisateur_foreign' in the referenced table 'utilisateurs' (Connection: mysql, SQL: alter table `clients` add constraint `clients_id_utilisateur_foreign` foreign key (`id_utilisateur`) references `utilisateurs` (`id`) on delete cascade) {"exception":"[object] (Illuminate\\Database\\QueryException(code: HY000): SQLSTATE[HY000]: General error: 3734 Failed to add the foreign key constraint. Missing column 'id' for constraint 'clients_id_utilisateur_foreign' in the referenced table 'utilisateurs' (Connection: mysql, SQL: alter table `clients` add constraint `clients_id_utilisateur_foreign` foreign key (`id_utilisateur`) references `utilisateurs` (`id`) on delete cascade) at D:\\code\\test\\vendor\\laravel\\framework\\src\\Illuminate\\Database\\Connection.php:829)
[stacktrace]
#0 D:\\code\\test\\vendor\\laravel\\framework\\src\\Illuminate\\Database\\Connection.php(783): Illuminate\\Database\\Connection->runQueryCallback('alter table `cl...', Array, Object(Closure))
#1 D:\\code\\test\\vendor\\laravel\\framework\\src\\Illuminate\\Database\\Connection.php(588): Illuminate\\Database\\Connection->run('alter table `cl...', Array, Object(Closure))
#2 D:\\code\\test\\vendor\\laravel\\framework\\src\\Illuminate\\Database\\Schema\\Blueprint.php(110): Illuminate\\Database\\Connection->statement('alter table `cl...')
#3 D:\\code\\test\\vendor\\laravel\\framework\\src\\Illuminate\\Database\\Schema\\Builder.php(602): Illuminate\\Database\\Schema\\Blueprint->build(Object(Illuminate\\Database\\MySqlConnection), Object(Illuminate\\Database\\Schema\\Grammars\\MySqlGrammar))
#4 D:\\code\\test\\vendor\\laravel\\framework\\src\\Illuminate\\Database\\Schema\\Builder.php(460): Illuminate\\Database\\Schema\\Builder->build(Object(Illuminate\\Database\\Schema\\Blueprint))
#5 D:\\code\\test\\vendor\\laravel\\framework\\src\\Illuminate\\Support\\Facades\\Facade.php(355): Illuminate\\Database\\Schema\\Builder->create('clients', Object(Closure))
#6 D:\\code\\test\\database\\migrations\\2025_03_20_163625_create_utilisateurs_table.php(33): Illuminate\\Support\\Facades\\Facade::__callStatic('create', Array)
#7 D:\\code\\test\\vendor\\laravel\\framework\\src\\Illuminate\\Database\\Migrations\\Migrator.php(501): Illuminate\\Database\\Migrations\\Migration@anonymous->up()
#8 D:\\code\\test\\vendor\\laravel\\framework\\src\\Illuminate\\Database\\Migrations\\Migrator.php(418): Illuminate\\Database\\Migrations\\Migrator->runMethod(Object(Illuminate\\Database\\MySqlConnection), Object(Illuminate\\Database\\Migrations\\Migration@anonymous), 'up')
#9 D:\\code\\test\\vendor\\laravel\\framework\\src\\Illuminate\\Database\\Migrations\\Migrator.php(427): Illuminate\\Database\\Migrations\\Migrator->Illuminate\\Database\\Migrations\\{closure}()
#10 D:\\code\\test\\vendor\\laravel\\framework\\src\\Illuminate\\Database\\Migrations\\Migrator.php(224): Illuminate\\Database\\Migrations\\Migrator->runMigration(Object(Illuminate\\Database\\Migrations\\Migration@anonymous), 'up')
#11 D:\\code\\test\\vendor\\laravel\\framework\\src\\Illuminate\\Console\\View\\Components\\Task.php(37): Illuminate\\Database\\Migrations\\Migrator->Illuminate\\Database\\Migrations\\{closure}()
#12 D:\\code\\test\\vendor\\laravel\\framework\\src\\Illuminate\\Database\\Migrations\\Migrator.php(783): Illuminate\\Console\\View\\Components\\Task->render('2025_03_20_1636...', Object(Closure))
#13 D:\\code\\test\\vendor\\laravel\\framework\\src\\Illuminate\\Database\\Migrations\\Migrator.php(224): Illuminate\\Database\\Migrations\\Migrator->write('Illuminate\\\\Cons...', '2025_03_20_1636...', Object(Closure))
#14 D:\\code\\test\\vendor\\laravel\\framework\\src\\Illuminate\\Database\\Migrations\\Migrator.php(189): Illuminate\\Database\\Migrations\\Migrator->runUp('D:\\\\code\\\\test\\\\da...', 1, false)
#15 D:\\code\\test\\vendor\\laravel\\framework\\src\\Illuminate\\Database\\Migrations\\Migrator.php(132): Illuminate\\Database\\Migrations\\Migrator->runPending(Array, Array)
#16 D:\\code\\test\\vendor\\laravel\\framework\\src\\Illuminate\\Database\\Console\\Migrations\\MigrateCommand.php(92): Illuminate\\Database\\Migrations\\Migrator->run(Array, Array)
#17 D:\\code\\test\\vendor\\laravel\\framework\\src\\Illuminate\\Database\\Migrations\\Migrator.php(641): Illuminate\\Database\\Console\\Migrations\\MigrateCommand->Illuminate\\Database\\Console\\Migrations\\{closure}()
#18 D:\\code\\test\\vendor\\laravel\\framework\\src\\Illuminate\\Database\\Console\\Migrations\\MigrateCommand.php(104): Illuminate\\Database\\Migrations\\Migrator->usingConnection(NULL, Object(Closure))
#19 D:\\code\\test\\vendor\\laravel\\framework\\src\\Illuminate\\Container\\BoundMethod.php(36): Illuminate\\Database\\Console\\Migrations\\MigrateCommand->handle()
#20 D:\\code\\test\\vendor\\laravel\\framework\\src\\Illuminate\\Container\\Util.php(41): Illuminate\\Container\\BoundMethod::Illuminate\\Container\\{closure}()
#21 D:\\code\\test\\vendor\\laravel\\framework\\src\\Illuminate\\Container\\BoundMethod.php(93): Illuminate\\Container\\Util::unwrapIfClosure(Object(Closure))
#22 D:\\code\\test\\vendor\\laravel\\framework\\src\\Illuminate\\Container\\BoundMethod.php(37): Illuminate\\Container\\BoundMethod::callBoundMethod(Object(Illuminate\\Foundation\\Application), Array, Object(Closure))
#23 D:\\code\\test\\vendor\\laravel\\framework\\src\\Illuminate\\Container\\Container.php(662): Illuminate\\Container\\BoundMethod::call(Object(Illuminate\\Foundation\\Application), Array, Array, NULL)
#24 D:\\code\\test\\vendor\\laravel\\framework\\src\\Illuminate\\Console\\Command.php(211): Illuminate\\Container\\Container->call(Array)
#25 D:\\code\\test\\vendor\\symfony\\console\\Command\\Command.php(326): Illuminate\\Console\\Command->execute(Object(Symfony\\Component\\Console\\Input\\ArrayInput), Object(Illuminate\\Console\\OutputStyle))
#26 D:\\code\\test\\vendor\\laravel\\framework\\src\\Illuminate\\Console\\Command.php(181): Symfony\\Component\\Console\\Command\\Command->run(Object(Symfony\\Component\\Console\\Input\\ArrayInput), Object(Illuminate\\Console\\OutputStyle))
#27 D:\\code\\test\\vendor\\laravel\\framework\\src\\Illuminate\\Console\\Concerns\\CallsCommands.php(68): Illuminate\\Console\\Command->run(Object(Symfony\\Component\\Console\\Input\\ArrayInput), Object(Illuminate\\Console\\OutputStyle))
#28 D:\\code\\test\\vendor\\laravel\\framework\\src\\Illuminate\\Console\\Concerns\\CallsCommands.php(28): Illuminate\\Console\\Command->runCommand('migrate', Array, Object(Illuminate\\Console\\OutputStyle))
#29 D:\\code\\test\\vendor\\laravel\\framework\\src\\Illuminate\\Database\\Console\\Migrations\\FreshCommand.php(59): Illuminate\\Console\\Command->call('migrate', Array)
#30 D:\\code\\test\\vendor\\laravel\\framework\\src\\Illuminate\\Container\\BoundMethod.php(36): Illuminate\\Database\\Console\\Migrations\\FreshCommand->handle()
#31 D:\\code\\test\\vendor\\laravel\\framework\\src\\Illuminate\\Container\\Util.php(41): Illuminate\\Container\\BoundMethod::Illuminate\\Container\\{closure}()
#32 D:\\code\\test\\vendor\\laravel\\framework\\src\\Illuminate\\Container\\BoundMethod.php(93): Illuminate\\Container\\Util::unwrapIfClosure(Object(Closure))
#33 D:\\code\\test\\vendor\\laravel\\framework\\src\\Illuminate\\Container\\BoundMethod.php(37): Illuminate\\Container\\BoundMethod::callBoundMethod(Object(Illuminate\\Foundation\\Application), Array, Object(Closure))
#34 D:\\code\\test\\vendor\\laravel\\framework\\src\\Illuminate\\Container\\Container.php(662): Illuminate\\Container\\BoundMethod::call(Object(Illuminate\\Foundation\\Application), Array, Array, NULL)
#35 D:\\code\\test\\vendor\\laravel\\framework\\src\\Illuminate\\Console\\Command.php(211): Illuminate\\Container\\Container->call(Array)
#36 D:\\code\\test\\vendor\\symfony\\console\\Command\\Command.php(326): Illuminate\\Console\\Command->execute(Object(Symfony\\Component\\Console\\Input\\ArgvInput), Object(Illuminate\\Console\\OutputStyle))
#37 D:\\code\\test\\vendor\\laravel\\framework\\src\\Illuminate\\Console\\Command.php(181): Symfony\\Component\\Console\\Command\\Command->run(Object(Symfony\\Component\\Console\\Input\\ArgvInput), Object(Illuminate\\Console\\OutputStyle))
#38 D:\\code\\test\\vendor\\symfony\\console\\Application.php(1096): Illuminate\\Console\\Command->run(Object(Symfony\\Component\\Console\\Input\\ArgvInput), Object(Symfony\\Component\\Console\\Output\\ConsoleOutput))
#39 D:\\code\\test\\vendor\\symfony\\console\\Application.php(324): Symfony\\Component\\Console\\Application->doRunCommand(Object(Illuminate\\Database\\Console\\Migrations\\FreshCommand), Object(Symfony\\Component\\Console\\Input\\ArgvInput), Object(Symfony\\Component\\Console\\Output\\ConsoleOutput))
#40 D:\\code\\test\\vendor\\symfony\\console\\Application.php(175): Symfony\\Component\\Console\\Application->doRun(Object(Symfony\\Component\\Console\\Input\\ArgvInput), Object(Symfony\\Component\\Console\\Output\\ConsoleOutput))
#41 D:\\code\\test\\vendor\\laravel\\framework\\src\\Illuminate\\Foundation\\Console\\Kernel.php(201): Symfony\\Component\\Console\\Application->run(Object(Symfony\\Component\\Console\\Input\\ArgvInput), Object(Symfony\\Component\\Console\\Output\\ConsoleOutput))
#42 D:\\code\\test\\artisan(37): Illuminate\\Foundation\\Console\\Kernel->handle(Object(Symfony\\Component\\Console\\Input\\ArgvInput), Object(Symfony\\Component\\Console\\Output\\ConsoleOutput))
#43 {main}

[previous exception] [object] (PDOException(code: HY000): SQLSTATE[HY000]: General error: 3734 Failed to add the foreign key constraint. Missing column 'id' for constraint 'clients_id_utilisateur_foreign' in the referenced table 'utilisateurs' at D:\\code\\test\\vendor\\laravel\\framework\\src\\Illuminate\\Database\\Connection.php:587)
[stacktrace]
#0 D:\\code\\test\\vendor\\laravel\\framework\\src\\Illuminate\\Database\\Connection.php(587): PDOStatement->execute()
#1 D:\\code\\test\\vendor\\laravel\\framework\\src\\Illuminate\\Database\\Connection.php(816): Illuminate\\Database\\Connection->Illuminate\\Database\\{closure}('alter table `cl...', Array)
#2 D:\\code\\test\\vendor\\laravel\\framework\\src\\Illuminate\\Database\\Connection.php(783): Illuminate\\Database\\Connection->runQueryCallback('alter table `cl...', Array, Object(Closure))
#3 D:\\code\\test\\vendor\\laravel\\framework\\src\\Illuminate\\Database\\Connection.php(588): Illuminate\\Database\\Connection->run('alter table `cl...', Array, Object(Closure))
#4 D:\\code\\test\\vendor\\laravel\\framework\\src\\Illuminate\\Database\\Schema\\Blueprint.php(110): Illuminate\\Database\\Connection->statement('alter table `cl...')
#5 D:\\code\\test\\vendor\\laravel\\framework\\src\\Illuminate\\Database\\Schema\\Builder.php(602): Illuminate\\Database\\Schema\\Blueprint->build(Object(Illuminate\\Database\\MySqlConnection), Object(Illuminate\\Database\\Schema\\Grammars\\MySqlGrammar))
#6 D:\\code\\test\\vendor\\laravel\\framework\\src\\Illuminate\\Database\\Schema\\Builder.php(460): Illuminate\\Database\\Schema\\Builder->build(Object(Illuminate\\Database\\Schema\\Blueprint))
#7 D:\\code\\test\\vendor\\laravel\\framework\\src\\Illuminate\\Support\\Facades\\Facade.php(355): Illuminate\\Database\\Schema\\Builder->create('clients', Object(Closure))
#8 D:\\code\\test\\database\\migrations\\2025_03_20_163625_create_utilisateurs_table.php(33): Illuminate\\Support\\Facades\\Facade::__callStatic('create', Array)
#9 D:\\code\\test\\vendor\\laravel\\framework\\src\\Illuminate\\Database\\Migrations\\Migrator.php(501): Illuminate\\Database\\Migrations\\Migration@anonymous->up()
#10 D:\\code\\test\\vendor\\laravel\\framework\\src\\Illuminate\\Database\\Migrations\\Migrator.php(418): Illuminate\\Database\\Migrations\\Migrator->runMethod(Object(Illuminate\\Database\\MySqlConnection), Object(Illuminate\\Database\\Migrations\\Migration@anonymous), 'up')
#11 D:\\code\\test\\vendor\\laravel\\framework\\src\\Illuminate\\Database\\Migrations\\Migrator.php(427): Illuminate\\Database\\Migrations\\Migrator->Illuminate\\Database\\Migrations\\{closure}()
#12 D:\\code\\test\\vendor\\laravel\\framework\\src\\Illuminate\\Database\\Migrations\\Migrator.php(224): Illuminate\\Database\\Migrations\\Migrator->runMigration(Object(Illuminate\\Database\\Migrations\\Migration@anonymous), 'up')
#13 D:\\code\\test\\vendor\\laravel\\framework\\src\\Illuminate\\Console\\View\\Components\\Task.php(37): Illuminate\\Database\\Migrations\\Migrator->Illuminate\\Database\\Migrations\\{closure}()
#14 D:\\code\\test\\vendor\\laravel\\framework\\src\\Illuminate\\Database\\Migrations\\Migrator.php(783): Illuminate\\Console\\View\\Components\\Task->render('2025_03_20_1636...', Object(Closure))
#15 D:\\code\\test\\vendor\\laravel\\framework\\src\\Illuminate\\Database\\Migrations\\Migrator.php(224): Illuminate\\Database\\Migrations\\Migrator->write('Illuminate\\\\Cons...', '2025_03_20_1636...', Object(Closure))
#16 D:\\code\\test\\vendor\\laravel\\framework\\src\\Illuminate\\Database\\Migrations\\Migrator.php(189): Illuminate\\Database\\Migrations\\Migrator->runUp('D:\\\\code\\\\test\\\\da...', 1, false)
#17 D:\\code\\test\\vendor\\laravel\\framework\\src\\Illuminate\\Database\\Migrations\\Migrator.php(132): Illuminate\\Database\\Migrations\\Migrator->runPending(Array, Array)
#18 D:\\code\\test\\vendor\\laravel\\framework\\src\\Illuminate\\Database\\Console\\Migrations\\MigrateCommand.php(92): Illuminate\\Database\\Migrations\\Migrator->run(Array, Array)
#19 D:\\code\\test\\vendor\\laravel\\framework\\src\\Illuminate\\Database\\Migrations\\Migrator.php(641): Illuminate\\Database\\Console\\Migrations\\MigrateCommand->Illuminate\\Database\\Console\\Migrations\\{closure}()
#20 D:\\code\\test\\vendor\\laravel\\framework\\src\\Illuminate\\Database\\Console\\Migrations\\MigrateCommand.php(104): Illuminate\\Database\\Migrations\\Migrator->usingConnection(NULL, Object(Closure))
#21 D:\\code\\test\\vendor\\laravel\\framework\\src\\Illuminate\\Container\\BoundMethod.php(36): Illuminate\\Database\\Console\\Migrations\\MigrateCommand->handle()
#22 D:\\code\\test\\vendor\\laravel\\framework\\src\\Illuminate\\Container\\Util.php(41): Illuminate\\Container\\BoundMethod::Illuminate\\Container\\{closure}()
#23 D:\\code\\test\\vendor\\laravel\\framework\\src\\Illuminate\\Container\\BoundMethod.php(93): Illuminate\\Container\\Util::unwrapIfClosure(Object(Closure))
#24 D:\\code\\test\\vendor\\laravel\\framework\\src\\Illuminate\\Container\\BoundMethod.php(37): Illuminate\\Container\\BoundMethod::callBoundMethod(Object(Illuminate\\Foundation\\Application), Array, Object(Closure))
#25 D:\\code\\test\\vendor\\laravel\\framework\\src\\Illuminate\\Container\\Container.php(662): Illuminate\\Container\\BoundMethod::call(Object(Illuminate\\Foundation\\Application), Array, Array, NULL)
#26 D:\\code\\test\\vendor\\laravel\\framework\\src\\Illuminate\\Console\\Command.php(211): Illuminate\\Container\\Container->call(Array)
#27 D:\\code\\test\\vendor\\symfony\\console\\Command\\Command.php(326): Illuminate\\Console\\Command->execute(Object(Symfony\\Component\\Console\\Input\\ArrayInput), Object(Illuminate\\Console\\OutputStyle))
#28 D:\\code\\test\\vendor\\laravel\\framework\\src\\Illuminate\\Console\\Command.php(181): Symfony\\Component\\Console\\Command\\Command->run(Object(Symfony\\Component\\Console\\Input\\ArrayInput), Object(Illuminate\\Console\\OutputStyle))
#29 D:\\code\\test\\vendor\\laravel\\framework\\src\\Illuminate\\Console\\Concerns\\CallsCommands.php(68): Illuminate\\Console\\Command->run(Object(Symfony\\Component\\Console\\Input\\ArrayInput), Object(Illuminate\\Console\\OutputStyle))
#30 D:\\code\\test\\vendor\\laravel\\framework\\src\\Illuminate\\Console\\Concerns\\CallsCommands.php(28): Illuminate\\Console\\Command->runCommand('migrate', Array, Object(Illuminate\\Console\\OutputStyle))
#31 D:\\code\\test\\vendor\\laravel\\framework\\src\\Illuminate\\Database\\Console\\Migrations\\FreshCommand.php(59): Illuminate\\Console\\Command->call('migrate', Array)
#32 D:\\code\\test\\vendor\\laravel\\framework\\src\\Illuminate\\Container\\BoundMethod.php(36): Illuminate\\Database\\Console\\Migrations\\FreshCommand->handle()
#33 D:\\code\\test\\vendor\\laravel\\framework\\src\\Illuminate\\Container\\Util.php(41): Illuminate\\Container\\BoundMethod::Illuminate\\Container\\{closure}()
#34 D:\\code\\test\\vendor\\laravel\\framework\\src\\Illuminate\\Container\\BoundMethod.php(93): Illuminate\\Container\\Util::unwrapIfClosure(Object(Closure))
#35 D:\\code\\test\\vendor\\laravel\\framework\\src\\Illuminate\\Container\\BoundMethod.php(37): Illuminate\\Container\\BoundMethod::callBoundMethod(Object(Illuminate\\Foundation\\Application), Array, Object(Closure))
#36 D:\\code\\test\\vendor\\laravel\\framework\\src\\Illuminate\\Container\\Container.php(662): Illuminate\\Container\\BoundMethod::call(Object(Illuminate\\Foundation\\Application), Array, Array, NULL)
#37 D:\\code\\test\\vendor\\laravel\\framework\\src\\Illuminate\\Console\\Command.php(211): Illuminate\\Container\\Container->call(Array)
#38 D:\\code\\test\\vendor\\symfony\\console\\Command\\Command.php(326): Illuminate\\Console\\Command->execute(Object(Symfony\\Component\\Console\\Input\\ArgvInput), Object(Illuminate\\Console\\OutputStyle))
#39 D:\\code\\test\\vendor\\laravel\\framework\\src\\Illuminate\\Console\\Command.php(181): Symfony\\Component\\Console\\Command\\Command->run(Object(Symfony\\Component\\Console\\Input\\ArgvInput), Object(Illuminate\\Console\\OutputStyle))
#40 D:\\code\\test\\vendor\\symfony\\console\\Application.php(1096): Illuminate\\Console\\Command->run(Object(Symfony\\Component\\Console\\Input\\ArgvInput), Object(Symfony\\Component\\Console\\Output\\ConsoleOutput))
#41 D:\\code\\test\\vendor\\symfony\\console\\Application.php(324): Symfony\\Component\\Console\\Application->doRunCommand(Object(Illuminate\\Database\\Console\\Migrations\\FreshCommand), Object(Symfony\\Component\\Console\\Input\\ArgvInput), Object(Symfony\\Component\\Console\\Output\\ConsoleOutput))
#42 D:\\code\\test\\vendor\\symfony\\console\\Application.php(175): Symfony\\Component\\Console\\Application->doRun(Object(Symfony\\Component\\Console\\Input\\ArgvInput), Object(Symfony\\Component\\Console\\Output\\ConsoleOutput))
#43 D:\\code\\test\\vendor\\laravel\\framework\\src\\Illuminate\\Foundation\\Console\\Kernel.php(201): Symfony\\Component\\Console\\Application->run(Object(Symfony\\Component\\Console\\Input\\ArgvInput), Object(Symfony\\Component\\Console\\Output\\ConsoleOutput))
#44 D:\\code\\test\\artisan(37): Illuminate\\Foundation\\Console\\Kernel->handle(Object(Symfony\\Component\\Console\\Input\\ArgvInput), Object(Symfony\\Component\\Console\\Output\\ConsoleOutput))
#45 {main}
"} 
[2025-03-23 16:20:04] local.ERROR: Class "App\Models\Utilisateur" not found {"exception":"[object] (Error(code: 0): Class \"App\\Models\\Utilisateur\" not found at D:\\code\\test\\app\\Http\\Controllers\\UtilisateurController.php:17)
[stacktrace]
#0 D:\\code\\test\\vendor\\laravel\\framework\\src\\Illuminate\\Routing\\Controller.php(54): App\\Http\\Controllers\\UtilisateurController->index(Object(Illuminate\\Http\\Request))
#1 D:\\code\\test\\vendor\\laravel\\framework\\src\\Illuminate\\Routing\\ControllerDispatcher.php(43): Illuminate\\Routing\\Controller->callAction('index', Array)
#2 D:\\code\\test\\vendor\\laravel\\framework\\src\\Illuminate\\Routing\\Route.php(260): Illuminate\\Routing\\ControllerDispatcher->dispatch(Object(Illuminate\\Routing\\Route), Object(App\\Http\\Controllers\\UtilisateurController), 'index')
#3 D:\\code\\test\\vendor\\laravel\\framework\\src\\Illuminate\\Routing\\Route.php(205): Illuminate\\Routing\\Route->runController()
#4 D:\\code\\test\\vendor\\laravel\\framework\\src\\Illuminate\\Routing\\Router.php(806): Illuminate\\Routing\\Route->run()
#5 D:\\code\\test\\vendor\\laravel\\framework\\src\\Illuminate\\Pipeline\\Pipeline.php(144): Illuminate\\Routing\\Router->Illuminate\\Routing\\{closure}(Object(Illuminate\\Http\\Request))
#6 D:\\code\\test\\vendor\\laravel\\framework\\src\\Illuminate\\Http\\Middleware\\AddLinkHeadersForPreloadedAssets.php(20): Illuminate\\Pipeline\\Pipeline->Illuminate\\Pipeline\\{closure}(Object(Illuminate\\Http\\Request))
#7 D:\\code\\test\\vendor\\laravel\\framework\\src\\Illuminate\\Pipeline\\Pipeline.php(183): Illuminate\\Http\\Middleware\\AddLinkHeadersForPreloadedAssets->handle(Object(Illuminate\\Http\\Request), Object(Closure))
#8 D:\\code\\test\\vendor\\inertiajs\\inertia-laravel\\src\\Middleware.php(87): Illuminate\\Pipeline\\Pipeline->Illuminate\\Pipeline\\{closure}(Object(Illuminate\\Http\\Request))
#9 D:\\code\\test\\vendor\\laravel\\framework\\src\\Illuminate\\Pipeline\\Pipeline.php(183): Inertia\\Middleware->handle(Object(Illuminate\\Http\\Request), Object(Closure))
#10 D:\\code\\test\\vendor\\laravel\\framework\\src\\Illuminate\\Routing\\Middleware\\SubstituteBindings.php(50): Illuminate\\Pipeline\\Pipeline->Illuminate\\Pipeline\\{closure}(Object(Illuminate\\Http\\Request))
#11 D:\\code\\test\\vendor\\laravel\\framework\\src\\Illuminate\\Pipeline\\Pipeline.php(183): Illuminate\\Routing\\Middleware\\SubstituteBindings->handle(Object(Illuminate\\Http\\Request), Object(Closure))
#12 D:\\code\\test\\vendor\\laravel\\framework\\src\\Illuminate\\Foundation\\Http\\Middleware\\VerifyCsrfToken.php(78): Illuminate\\Pipeline\\Pipeline->Illuminate\\Pipeline\\{closure}(Object(Illuminate\\Http\\Request))
#13 D:\\code\\test\\vendor\\laravel\\framework\\src\\Illuminate\\Pipeline\\Pipeline.php(183): Illuminate\\Foundation\\Http\\Middleware\\VerifyCsrfToken->handle(Object(Illuminate\\Http\\Request), Object(Closure))
#14 D:\\code\\test\\vendor\\laravel\\framework\\src\\Illuminate\\View\\Middleware\\ShareErrorsFromSession.php(49): Illuminate\\Pipeline\\Pipeline->Illuminate\\Pipeline\\{closure}(Object(Illuminate\\Http\\Request))
#15 D:\\code\\test\\vendor\\laravel\\framework\\src\\Illuminate\\Pipeline\\Pipeline.php(183): Illuminate\\View\\Middleware\\ShareErrorsFromSession->handle(Object(Illuminate\\Http\\Request), Object(Closure))
#16 D:\\code\\test\\vendor\\laravel\\framework\\src\\Illuminate\\Session\\Middleware\\StartSession.php(121): Illuminate\\Pipeline\\Pipeline->Illuminate\\Pipeline\\{closure}(Object(Illuminate\\Http\\Request))
#17 D:\\code\\test\\vendor\\laravel\\framework\\src\\Illuminate\\Session\\Middleware\\StartSession.php(64): Illuminate\\Session\\Middleware\\StartSession->handleStatefulRequest(Object(Illuminate\\Http\\Request), Object(Illuminate\\Session\\Store), Object(Closure))
#18 D:\\code\\test\\vendor\\laravel\\framework\\src\\Illuminate\\Pipeline\\Pipeline.php(183): Illuminate\\Session\\Middleware\\StartSession->handle(Object(Illuminate\\Http\\Request), Object(Closure))
#19 D:\\code\\test\\vendor\\laravel\\framework\\src\\Illuminate\\Cookie\\Middleware\\AddQueuedCookiesToResponse.php(37): Illuminate\\Pipeline\\Pipeline->Illuminate\\Pipeline\\{closure}(Object(Illuminate\\Http\\Request))
#20 D:\\code\\test\\vendor\\laravel\\framework\\src\\Illuminate\\Pipeline\\Pipeline.php(183): Illuminate\\Cookie\\Middleware\\AddQueuedCookiesToResponse->handle(Object(Illuminate\\Http\\Request), Object(Closure))
#21 D:\\code\\test\\vendor\\laravel\\framework\\src\\Illuminate\\Cookie\\Middleware\\EncryptCookies.php(67): Illuminate\\Pipeline\\Pipeline->Illuminate\\Pipeline\\{closure}(Object(Illuminate\\Http\\Request))
#22 D:\\code\\test\\vendor\\laravel\\framework\\src\\Illuminate\\Pipeline\\Pipeline.php(183): Illuminate\\Cookie\\Middleware\\EncryptCookies->handle(Object(Illuminate\\Http\\Request), Object(Closure))
#23 D:\\code\\test\\vendor\\laravel\\framework\\src\\Illuminate\\Pipeline\\Pipeline.php(119): Illuminate\\Pipeline\\Pipeline->Illuminate\\Pipeline\\{closure}(Object(Illuminate\\Http\\Request))
#24 D:\\code\\test\\vendor\\laravel\\framework\\src\\Illuminate\\Routing\\Router.php(807): Illuminate\\Pipeline\\Pipeline->then(Object(Closure))
#25 D:\\code\\test\\vendor\\laravel\\framework\\src\\Illuminate\\Routing\\Router.php(784): Illuminate\\Routing\\Router->runRouteWithinStack(Object(Illuminate\\Routing\\Route), Object(Illuminate\\Http\\Request))
#26 D:\\code\\test\\vendor\\laravel\\framework\\src\\Illuminate\\Routing\\Router.php(748): Illuminate\\Routing\\Router->runRoute(Object(Illuminate\\Http\\Request), Object(Illuminate\\Routing\\Route))
#27 D:\\code\\test\\vendor\\laravel\\framework\\src\\Illuminate\\Routing\\Router.php(737): Illuminate\\Routing\\Router->dispatchToRoute(Object(Illuminate\\Http\\Request))
#28 D:\\code\\test\\vendor\\laravel\\framework\\src\\Illuminate\\Foundation\\Http\\Kernel.php(200): Illuminate\\Routing\\Router->dispatch(Object(Illuminate\\Http\\Request))
#29 D:\\code\\test\\vendor\\laravel\\framework\\src\\Illuminate\\Pipeline\\Pipeline.php(144): Illuminate\\Foundation\\Http\\Kernel->Illuminate\\Foundation\\Http\\{closure}(Object(Illuminate\\Http\\Request))
#30 D:\\code\\test\\vendor\\laravel\\framework\\src\\Illuminate\\Foundation\\Http\\Middleware\\TransformsRequest.php(21): Illuminate\\Pipeline\\Pipeline->Illuminate\\Pipeline\\{closure}(Object(Illuminate\\Http\\Request))
#31 D:\\code\\test\\vendor\\laravel\\framework\\src\\Illuminate\\Foundation\\Http\\Middleware\\ConvertEmptyStringsToNull.php(31): Illuminate\\Foundation\\Http\\Middleware\\TransformsRequest->handle(Object(Illuminate\\Http\\Request), Object(Closure))
#32 D:\\code\\test\\vendor\\laravel\\framework\\src\\Illuminate\\Pipeline\\Pipeline.php(183): Illuminate\\Foundation\\Http\\Middleware\\ConvertEmptyStringsToNull->handle(Object(Illuminate\\Http\\Request), Object(Closure))
#33 D:\\code\\test\\vendor\\laravel\\framework\\src\\Illuminate\\Foundation\\Http\\Middleware\\TransformsRequest.php(21): Illuminate\\Pipeline\\Pipeline->Illuminate\\Pipeline\\{closure}(Object(Illuminate\\Http\\Request))
#34 D:\\code\\test\\vendor\\laravel\\framework\\src\\Illuminate\\Foundation\\Http\\Middleware\\TrimStrings.php(40): Illuminate\\Foundation\\Http\\Middleware\\TransformsRequest->handle(Object(Illuminate\\Http\\Request), Object(Closure))
#35 D:\\code\\test\\vendor\\laravel\\framework\\src\\Illuminate\\Pipeline\\Pipeline.php(183): Illuminate\\Foundation\\Http\\Middleware\\TrimStrings->handle(Object(Illuminate\\Http\\Request), Object(Closure))
#36 D:\\code\\test\\vendor\\laravel\\framework\\src\\Illuminate\\Foundation\\Http\\Middleware\\ValidatePostSize.php(27): Illuminate\\Pipeline\\Pipeline->Illuminate\\Pipeline\\{closure}(Object(Illuminate\\Http\\Request))
#37 D:\\code\\test\\vendor\\laravel\\framework\\src\\Illuminate\\Pipeline\\Pipeline.php(183): Illuminate\\Foundation\\Http\\Middleware\\ValidatePostSize->handle(Object(Illuminate\\Http\\Request), Object(Closure))
#38 D:\\code\\test\\vendor\\laravel\\framework\\src\\Illuminate\\Foundation\\Http\\Middleware\\PreventRequestsDuringMaintenance.php(99): Illuminate\\Pipeline\\Pipeline->Illuminate\\Pipeline\\{closure}(Object(Illuminate\\Http\\Request))
#39 D:\\code\\test\\vendor\\laravel\\framework\\src\\Illuminate\\Pipeline\\Pipeline.php(183): Illuminate\\Foundation\\Http\\Middleware\\PreventRequestsDuringMaintenance->handle(Object(Illuminate\\Http\\Request), Object(Closure))
#40 D:\\code\\test\\vendor\\laravel\\framework\\src\\Illuminate\\Http\\Middleware\\HandleCors.php(49): Illuminate\\Pipeline\\Pipeline->Illuminate\\Pipeline\\{closure}(Object(Illuminate\\Http\\Request))
#41 D:\\code\\test\\vendor\\laravel\\framework\\src\\Illuminate\\Pipeline\\Pipeline.php(183): Illuminate\\Http\\Middleware\\HandleCors->handle(Object(Illuminate\\Http\\Request), Object(Closure))
#42 D:\\code\\test\\vendor\\laravel\\framework\\src\\Illuminate\\Http\\Middleware\\TrustProxies.php(39): Illuminate\\Pipeline\\Pipeline->Illuminate\\Pipeline\\{closure}(Object(Illuminate\\Http\\Request))
#43 D:\\code\\test\\vendor\\laravel\\framework\\src\\Illuminate\\Pipeline\\Pipeline.php(183): Illuminate\\Http\\Middleware\\TrustProxies->handle(Object(Illuminate\\Http\\Request), Object(Closure))
#44 D:\\code\\test\\vendor\\laravel\\framework\\src\\Illuminate\\Pipeline\\Pipeline.php(119): Illuminate\\Pipeline\\Pipeline->Illuminate\\Pipeline\\{closure}(Object(Illuminate\\Http\\Request))
#45 D:\\code\\test\\vendor\\laravel\\framework\\src\\Illuminate\\Foundation\\Http\\Kernel.php(175): Illuminate\\Pipeline\\Pipeline->then(Object(Closure))
#46 D:\\code\\test\\vendor\\laravel\\framework\\src\\Illuminate\\Foundation\\Http\\Kernel.php(144): Illuminate\\Foundation\\Http\\Kernel->sendRequestThroughRouter(Object(Illuminate\\Http\\Request))
#47 D:\\code\\test\\public\\index.php(52): Illuminate\\Foundation\\Http\\Kernel->handle(Object(Illuminate\\Http\\Request))
#48 D:\\code\\test\\vendor\\laravel\\framework\\src\\Illuminate\\Foundation\\resources\\server.php(16): require_once('D:\\\\code\\\\test\\\\pu...')
#49 {main}
"} 
[2025-03-23 16:20:34] local.ERROR: Class "App\Models\Utilisateur" not found {"exception":"[object] (Error(code: 0): Class \"App\\Models\\Utilisateur\" not found at D:\\code\\test\\app\\Http\\Controllers\\UtilisateurController.php:17)
[stacktrace]
#0 D:\\code\\test\\vendor\\laravel\\framework\\src\\Illuminate\\Routing\\Controller.php(54): App\\Http\\Controllers\\UtilisateurController->index(Object(Illuminate\\Http\\Request))
#1 D:\\code\\test\\vendor\\laravel\\framework\\src\\Illuminate\\Routing\\ControllerDispatcher.php(43): Illuminate\\Routing\\Controller->callAction('index', Array)
#2 D:\\code\\test\\vendor\\laravel\\framework\\src\\Illuminate\\Routing\\Route.php(260): Illuminate\\Routing\\ControllerDispatcher->dispatch(Object(Illuminate\\Routing\\Route), Object(App\\Http\\Controllers\\UtilisateurController), 'index')
#3 D:\\code\\test\\vendor\\laravel\\framework\\src\\Illuminate\\Routing\\Route.php(205): Illuminate\\Routing\\Route->runController()
#4 D:\\code\\test\\vendor\\laravel\\framework\\src\\Illuminate\\Routing\\Router.php(806): Illuminate\\Routing\\Route->run()
#5 D:\\code\\test\\vendor\\laravel\\framework\\src\\Illuminate\\Pipeline\\Pipeline.php(144): Illuminate\\Routing\\Router->Illuminate\\Routing\\{closure}(Object(Illuminate\\Http\\Request))
#6 D:\\code\\test\\vendor\\laravel\\framework\\src\\Illuminate\\Http\\Middleware\\AddLinkHeadersForPreloadedAssets.php(20): Illuminate\\Pipeline\\Pipeline->Illuminate\\Pipeline\\{closure}(Object(Illuminate\\Http\\Request))
#7 D:\\code\\test\\vendor\\laravel\\framework\\src\\Illuminate\\Pipeline\\Pipeline.php(183): Illuminate\\Http\\Middleware\\AddLinkHeadersForPreloadedAssets->handle(Object(Illuminate\\Http\\Request), Object(Closure))
#8 D:\\code\\test\\vendor\\inertiajs\\inertia-laravel\\src\\Middleware.php(87): Illuminate\\Pipeline\\Pipeline->Illuminate\\Pipeline\\{closure}(Object(Illuminate\\Http\\Request))
#9 D:\\code\\test\\vendor\\laravel\\framework\\src\\Illuminate\\Pipeline\\Pipeline.php(183): Inertia\\Middleware->handle(Object(Illuminate\\Http\\Request), Object(Closure))
#10 D:\\code\\test\\vendor\\laravel\\framework\\src\\Illuminate\\Routing\\Middleware\\SubstituteBindings.php(50): Illuminate\\Pipeline\\Pipeline->Illuminate\\Pipeline\\{closure}(Object(Illuminate\\Http\\Request))
#11 D:\\code\\test\\vendor\\laravel\\framework\\src\\Illuminate\\Pipeline\\Pipeline.php(183): Illuminate\\Routing\\Middleware\\SubstituteBindings->handle(Object(Illuminate\\Http\\Request), Object(Closure))
#12 D:\\code\\test\\vendor\\laravel\\framework\\src\\Illuminate\\Foundation\\Http\\Middleware\\VerifyCsrfToken.php(78): Illuminate\\Pipeline\\Pipeline->Illuminate\\Pipeline\\{closure}(Object(Illuminate\\Http\\Request))
#13 D:\\code\\test\\vendor\\laravel\\framework\\src\\Illuminate\\Pipeline\\Pipeline.php(183): Illuminate\\Foundation\\Http\\Middleware\\VerifyCsrfToken->handle(Object(Illuminate\\Http\\Request), Object(Closure))
#14 D:\\code\\test\\vendor\\laravel\\framework\\src\\Illuminate\\View\\Middleware\\ShareErrorsFromSession.php(49): Illuminate\\Pipeline\\Pipeline->Illuminate\\Pipeline\\{closure}(Object(Illuminate\\Http\\Request))
#15 D:\\code\\test\\vendor\\laravel\\framework\\src\\Illuminate\\Pipeline\\Pipeline.php(183): Illuminate\\View\\Middleware\\ShareErrorsFromSession->handle(Object(Illuminate\\Http\\Request), Object(Closure))
#16 D:\\code\\test\\vendor\\laravel\\framework\\src\\Illuminate\\Session\\Middleware\\StartSession.php(121): Illuminate\\Pipeline\\Pipeline->Illuminate\\Pipeline\\{closure}(Object(Illuminate\\Http\\Request))
#17 D:\\code\\test\\vendor\\laravel\\framework\\src\\Illuminate\\Session\\Middleware\\StartSession.php(64): Illuminate\\Session\\Middleware\\StartSession->handleStatefulRequest(Object(Illuminate\\Http\\Request), Object(Illuminate\\Session\\Store), Object(Closure))
#18 D:\\code\\test\\vendor\\laravel\\framework\\src\\Illuminate\\Pipeline\\Pipeline.php(183): Illuminate\\Session\\Middleware\\StartSession->handle(Object(Illuminate\\Http\\Request), Object(Closure))
#19 D:\\code\\test\\vendor\\laravel\\framework\\src\\Illuminate\\Cookie\\Middleware\\AddQueuedCookiesToResponse.php(37): Illuminate\\Pipeline\\Pipeline->Illuminate\\Pipeline\\{closure}(Object(Illuminate\\Http\\Request))
#20 D:\\code\\test\\vendor\\laravel\\framework\\src\\Illuminate\\Pipeline\\Pipeline.php(183): Illuminate\\Cookie\\Middleware\\AddQueuedCookiesToResponse->handle(Object(Illuminate\\Http\\Request), Object(Closure))
#21 D:\\code\\test\\vendor\\laravel\\framework\\src\\Illuminate\\Cookie\\Middleware\\EncryptCookies.php(67): Illuminate\\Pipeline\\Pipeline->Illuminate\\Pipeline\\{closure}(Object(Illuminate\\Http\\Request))
#22 D:\\code\\test\\vendor\\laravel\\framework\\src\\Illuminate\\Pipeline\\Pipeline.php(183): Illuminate\\Cookie\\Middleware\\EncryptCookies->handle(Object(Illuminate\\Http\\Request), Object(Closure))
#23 D:\\code\\test\\vendor\\laravel\\framework\\src\\Illuminate\\Pipeline\\Pipeline.php(119): Illuminate\\Pipeline\\Pipeline->Illuminate\\Pipeline\\{closure}(Object(Illuminate\\Http\\Request))
#24 D:\\code\\test\\vendor\\laravel\\framework\\src\\Illuminate\\Routing\\Router.php(807): Illuminate\\Pipeline\\Pipeline->then(Object(Closure))
#25 D:\\code\\test\\vendor\\laravel\\framework\\src\\Illuminate\\Routing\\Router.php(784): Illuminate\\Routing\\Router->runRouteWithinStack(Object(Illuminate\\Routing\\Route), Object(Illuminate\\Http\\Request))
#26 D:\\code\\test\\vendor\\laravel\\framework\\src\\Illuminate\\Routing\\Router.php(748): Illuminate\\Routing\\Router->runRoute(Object(Illuminate\\Http\\Request), Object(Illuminate\\Routing\\Route))
#27 D:\\code\\test\\vendor\\laravel\\framework\\src\\Illuminate\\Routing\\Router.php(737): Illuminate\\Routing\\Router->dispatchToRoute(Object(Illuminate\\Http\\Request))
#28 D:\\code\\test\\vendor\\laravel\\framework\\src\\Illuminate\\Foundation\\Http\\Kernel.php(200): Illuminate\\Routing\\Router->dispatch(Object(Illuminate\\Http\\Request))
#29 D:\\code\\test\\vendor\\laravel\\framework\\src\\Illuminate\\Pipeline\\Pipeline.php(144): Illuminate\\Foundation\\Http\\Kernel->Illuminate\\Foundation\\Http\\{closure}(Object(Illuminate\\Http\\Request))
#30 D:\\code\\test\\vendor\\laravel\\framework\\src\\Illuminate\\Foundation\\Http\\Middleware\\TransformsRequest.php(21): Illuminate\\Pipeline\\Pipeline->Illuminate\\Pipeline\\{closure}(Object(Illuminate\\Http\\Request))
#31 D:\\code\\test\\vendor\\laravel\\framework\\src\\Illuminate\\Foundation\\Http\\Middleware\\ConvertEmptyStringsToNull.php(31): Illuminate\\Foundation\\Http\\Middleware\\TransformsRequest->handle(Object(Illuminate\\Http\\Request), Object(Closure))
#32 D:\\code\\test\\vendor\\laravel\\framework\\src\\Illuminate\\Pipeline\\Pipeline.php(183): Illuminate\\Foundation\\Http\\Middleware\\ConvertEmptyStringsToNull->handle(Object(Illuminate\\Http\\Request), Object(Closure))
#33 D:\\code\\test\\vendor\\laravel\\framework\\src\\Illuminate\\Foundation\\Http\\Middleware\\TransformsRequest.php(21): Illuminate\\Pipeline\\Pipeline->Illuminate\\Pipeline\\{closure}(Object(Illuminate\\Http\\Request))
#34 D:\\code\\test\\vendor\\laravel\\framework\\src\\Illuminate\\Foundation\\Http\\Middleware\\TrimStrings.php(40): Illuminate\\Foundation\\Http\\Middleware\\TransformsRequest->handle(Object(Illuminate\\Http\\Request), Object(Closure))
#35 D:\\code\\test\\vendor\\laravel\\framework\\src\\Illuminate\\Pipeline\\Pipeline.php(183): Illuminate\\Foundation\\Http\\Middleware\\TrimStrings->handle(Object(Illuminate\\Http\\Request), Object(Closure))
#36 D:\\code\\test\\vendor\\laravel\\framework\\src\\Illuminate\\Foundation\\Http\\Middleware\\ValidatePostSize.php(27): Illuminate\\Pipeline\\Pipeline->Illuminate\\Pipeline\\{closure}(Object(Illuminate\\Http\\Request))
#37 D:\\code\\test\\vendor\\laravel\\framework\\src\\Illuminate\\Pipeline\\Pipeline.php(183): Illuminate\\Foundation\\Http\\Middleware\\ValidatePostSize->handle(Object(Illuminate\\Http\\Request), Object(Closure))
#38 D:\\code\\test\\vendor\\laravel\\framework\\src\\Illuminate\\Foundation\\Http\\Middleware\\PreventRequestsDuringMaintenance.php(99): Illuminate\\Pipeline\\Pipeline->Illuminate\\Pipeline\\{closure}(Object(Illuminate\\Http\\Request))
#39 D:\\code\\test\\vendor\\laravel\\framework\\src\\Illuminate\\Pipeline\\Pipeline.php(183): Illuminate\\Foundation\\Http\\Middleware\\PreventRequestsDuringMaintenance->handle(Object(Illuminate\\Http\\Request), Object(Closure))
#40 D:\\code\\test\\vendor\\laravel\\framework\\src\\Illuminate\\Http\\Middleware\\HandleCors.php(49): Illuminate\\Pipeline\\Pipeline->Illuminate\\Pipeline\\{closure}(Object(Illuminate\\Http\\Request))
#41 D:\\code\\test\\vendor\\laravel\\framework\\src\\Illuminate\\Pipeline\\Pipeline.php(183): Illuminate\\Http\\Middleware\\HandleCors->handle(Object(Illuminate\\Http\\Request), Object(Closure))
#42 D:\\code\\test\\vendor\\laravel\\framework\\src\\Illuminate\\Http\\Middleware\\TrustProxies.php(39): Illuminate\\Pipeline\\Pipeline->Illuminate\\Pipeline\\{closure}(Object(Illuminate\\Http\\Request))
#43 D:\\code\\test\\vendor\\laravel\\framework\\src\\Illuminate\\Pipeline\\Pipeline.php(183): Illuminate\\Http\\Middleware\\TrustProxies->handle(Object(Illuminate\\Http\\Request), Object(Closure))
#44 D:\\code\\test\\vendor\\laravel\\framework\\src\\Illuminate\\Pipeline\\Pipeline.php(119): Illuminate\\Pipeline\\Pipeline->Illuminate\\Pipeline\\{closure}(Object(Illuminate\\Http\\Request))
#45 D:\\code\\test\\vendor\\laravel\\framework\\src\\Illuminate\\Foundation\\Http\\Kernel.php(175): Illuminate\\Pipeline\\Pipeline->then(Object(Closure))
#46 D:\\code\\test\\vendor\\laravel\\framework\\src\\Illuminate\\Foundation\\Http\\Kernel.php(144): Illuminate\\Foundation\\Http\\Kernel->sendRequestThroughRouter(Object(Illuminate\\Http\\Request))
#47 D:\\code\\test\\public\\index.php(52): Illuminate\\Foundation\\Http\\Kernel->handle(Object(Illuminate\\Http\\Request))
#48 D:\\code\\test\\vendor\\laravel\\framework\\src\\Illuminate\\Foundation\\resources\\server.php(16): require_once('D:\\\\code\\\\test\\\\pu...')
#49 {main}
"} 
[2025-03-23 16:23:42] local.ERROR: View [utilisateurs.index] not found. {"exception":"[object] (InvalidArgumentException(code: 0): View [utilisateurs.index] not found. at D:\\code\\test\\vendor\\laravel\\framework\\src\\Illuminate\\View\\FileViewFinder.php:137)
[stacktrace]
#0 D:\\code\\test\\vendor\\laravel\\framework\\src\\Illuminate\\View\\FileViewFinder.php(79): Illuminate\\View\\FileViewFinder->findInPaths('utilisateurs.in...', Array)
#1 D:\\code\\test\\vendor\\laravel\\framework\\src\\Illuminate\\View\\Factory.php(138): Illuminate\\View\\FileViewFinder->find('utilisateurs.in...')
#2 D:\\code\\test\\vendor\\laravel\\framework\\src\\Illuminate\\Foundation\\helpers.php(1020): Illuminate\\View\\Factory->make('utilisateurs.in...', Array, Array)
#3 D:\\code\\test\\app\\Http\\Controllers\\UtilisateurController.php(23): view('utilisateurs.in...', Array)
#4 D:\\code\\test\\vendor\\laravel\\framework\\src\\Illuminate\\Routing\\Controller.php(54): App\\Http\\Controllers\\UtilisateurController->index(Object(Illuminate\\Http\\Request))
#5 D:\\code\\test\\vendor\\laravel\\framework\\src\\Illuminate\\Routing\\ControllerDispatcher.php(43): Illuminate\\Routing\\Controller->callAction('index', Array)
#6 D:\\code\\test\\vendor\\laravel\\framework\\src\\Illuminate\\Routing\\Route.php(260): Illuminate\\Routing\\ControllerDispatcher->dispatch(Object(Illuminate\\Routing\\Route), Object(App\\Http\\Controllers\\UtilisateurController), 'index')
#7 D:\\code\\test\\vendor\\laravel\\framework\\src\\Illuminate\\Routing\\Route.php(205): Illuminate\\Routing\\Route->runController()
#8 D:\\code\\test\\vendor\\laravel\\framework\\src\\Illuminate\\Routing\\Router.php(806): Illuminate\\Routing\\Route->run()
#9 D:\\code\\test\\vendor\\laravel\\framework\\src\\Illuminate\\Pipeline\\Pipeline.php(144): Illuminate\\Routing\\Router->Illuminate\\Routing\\{closure}(Object(Illuminate\\Http\\Request))
#10 D:\\code\\test\\vendor\\laravel\\framework\\src\\Illuminate\\Http\\Middleware\\AddLinkHeadersForPreloadedAssets.php(20): Illuminate\\Pipeline\\Pipeline->Illuminate\\Pipeline\\{closure}(Object(Illuminate\\Http\\Request))
#11 D:\\code\\test\\vendor\\laravel\\framework\\src\\Illuminate\\Pipeline\\Pipeline.php(183): Illuminate\\Http\\Middleware\\AddLinkHeadersForPreloadedAssets->handle(Object(Illuminate\\Http\\Request), Object(Closure))
#12 D:\\code\\test\\vendor\\inertiajs\\inertia-laravel\\src\\Middleware.php(87): Illuminate\\Pipeline\\Pipeline->Illuminate\\Pipeline\\{closure}(Object(Illuminate\\Http\\Request))
#13 D:\\code\\test\\vendor\\laravel\\framework\\src\\Illuminate\\Pipeline\\Pipeline.php(183): Inertia\\Middleware->handle(Object(Illuminate\\Http\\Request), Object(Closure))
#14 D:\\code\\test\\vendor\\laravel\\framework\\src\\Illuminate\\Routing\\Middleware\\SubstituteBindings.php(50): Illuminate\\Pipeline\\Pipeline->Illuminate\\Pipeline\\{closure}(Object(Illuminate\\Http\\Request))
#15 D:\\code\\test\\vendor\\laravel\\framework\\src\\Illuminate\\Pipeline\\Pipeline.php(183): Illuminate\\Routing\\Middleware\\SubstituteBindings->handle(Object(Illuminate\\Http\\Request), Object(Closure))
#16 D:\\code\\test\\vendor\\laravel\\framework\\src\\Illuminate\\Foundation\\Http\\Middleware\\VerifyCsrfToken.php(78): Illuminate\\Pipeline\\Pipeline->Illuminate\\Pipeline\\{closure}(Object(Illuminate\\Http\\Request))
#17 D:\\code\\test\\vendor\\laravel\\framework\\src\\Illuminate\\Pipeline\\Pipeline.php(183): Illuminate\\Foundation\\Http\\Middleware\\VerifyCsrfToken->handle(Object(Illuminate\\Http\\Request), Object(Closure))
#18 D:\\code\\test\\vendor\\laravel\\framework\\src\\Illuminate\\View\\Middleware\\ShareErrorsFromSession.php(49): Illuminate\\Pipeline\\Pipeline->Illuminate\\Pipeline\\{closure}(Object(Illuminate\\Http\\Request))
#19 D:\\code\\test\\vendor\\laravel\\framework\\src\\Illuminate\\Pipeline\\Pipeline.php(183): Illuminate\\View\\Middleware\\ShareErrorsFromSession->handle(Object(Illuminate\\Http\\Request), Object(Closure))
#20 D:\\code\\test\\vendor\\laravel\\framework\\src\\Illuminate\\Session\\Middleware\\StartSession.php(121): Illuminate\\Pipeline\\Pipeline->Illuminate\\Pipeline\\{closure}(Object(Illuminate\\Http\\Request))
#21 D:\\code\\test\\vendor\\laravel\\framework\\src\\Illuminate\\Session\\Middleware\\StartSession.php(64): Illuminate\\Session\\Middleware\\StartSession->handleStatefulRequest(Object(Illuminate\\Http\\Request), Object(Illuminate\\Session\\Store), Object(Closure))
#22 D:\\code\\test\\vendor\\laravel\\framework\\src\\Illuminate\\Pipeline\\Pipeline.php(183): Illuminate\\Session\\Middleware\\StartSession->handle(Object(Illuminate\\Http\\Request), Object(Closure))
#23 D:\\code\\test\\vendor\\laravel\\framework\\src\\Illuminate\\Cookie\\Middleware\\AddQueuedCookiesToResponse.php(37): Illuminate\\Pipeline\\Pipeline->Illuminate\\Pipeline\\{closure}(Object(Illuminate\\Http\\Request))
#24 D:\\code\\test\\vendor\\laravel\\framework\\src\\Illuminate\\Pipeline\\Pipeline.php(183): Illuminate\\Cookie\\Middleware\\AddQueuedCookiesToResponse->handle(Object(Illuminate\\Http\\Request), Object(Closure))
#25 D:\\code\\test\\vendor\\laravel\\framework\\src\\Illuminate\\Cookie\\Middleware\\EncryptCookies.php(67): Illuminate\\Pipeline\\Pipeline->Illuminate\\Pipeline\\{closure}(Object(Illuminate\\Http\\Request))
#26 D:\\code\\test\\vendor\\laravel\\framework\\src\\Illuminate\\Pipeline\\Pipeline.php(183): Illuminate\\Cookie\\Middleware\\EncryptCookies->handle(Object(Illuminate\\Http\\Request), Object(Closure))
#27 D:\\code\\test\\vendor\\laravel\\framework\\src\\Illuminate\\Pipeline\\Pipeline.php(119): Illuminate\\Pipeline\\Pipeline->Illuminate\\Pipeline\\{closure}(Object(Illuminate\\Http\\Request))
#28 D:\\code\\test\\vendor\\laravel\\framework\\src\\Illuminate\\Routing\\Router.php(807): Illuminate\\Pipeline\\Pipeline->then(Object(Closure))
#29 D:\\code\\test\\vendor\\laravel\\framework\\src\\Illuminate\\Routing\\Router.php(784): Illuminate\\Routing\\Router->runRouteWithinStack(Object(Illuminate\\Routing\\Route), Object(Illuminate\\Http\\Request))
#30 D:\\code\\test\\vendor\\laravel\\framework\\src\\Illuminate\\Routing\\Router.php(748): Illuminate\\Routing\\Router->runRoute(Object(Illuminate\\Http\\Request), Object(Illuminate\\Routing\\Route))
#31 D:\\code\\test\\vendor\\laravel\\framework\\src\\Illuminate\\Routing\\Router.php(737): Illuminate\\Routing\\Router->dispatchToRoute(Object(Illuminate\\Http\\Request))
#32 D:\\code\\test\\vendor\\laravel\\framework\\src\\Illuminate\\Foundation\\Http\\Kernel.php(200): Illuminate\\Routing\\Router->dispatch(Object(Illuminate\\Http\\Request))
#33 D:\\code\\test\\vendor\\laravel\\framework\\src\\Illuminate\\Pipeline\\Pipeline.php(144): Illuminate\\Foundation\\Http\\Kernel->Illuminate\\Foundation\\Http\\{closure}(Object(Illuminate\\Http\\Request))
#34 D:\\code\\test\\vendor\\laravel\\framework\\src\\Illuminate\\Foundation\\Http\\Middleware\\TransformsRequest.php(21): Illuminate\\Pipeline\\Pipeline->Illuminate\\Pipeline\\{closure}(Object(Illuminate\\Http\\Request))
#35 D:\\code\\test\\vendor\\laravel\\framework\\src\\Illuminate\\Foundation\\Http\\Middleware\\ConvertEmptyStringsToNull.php(31): Illuminate\\Foundation\\Http\\Middleware\\TransformsRequest->handle(Object(Illuminate\\Http\\Request), Object(Closure))
#36 D:\\code\\test\\vendor\\laravel\\framework\\src\\Illuminate\\Pipeline\\Pipeline.php(183): Illuminate\\Foundation\\Http\\Middleware\\ConvertEmptyStringsToNull->handle(Object(Illuminate\\Http\\Request), Object(Closure))
#37 D:\\code\\test\\vendor\\laravel\\framework\\src\\Illuminate\\Foundation\\Http\\Middleware\\TransformsRequest.php(21): Illuminate\\Pipeline\\Pipeline->Illuminate\\Pipeline\\{closure}(Object(Illuminate\\Http\\Request))
#38 D:\\code\\test\\vendor\\laravel\\framework\\src\\Illuminate\\Foundation\\Http\\Middleware\\TrimStrings.php(40): Illuminate\\Foundation\\Http\\Middleware\\TransformsRequest->handle(Object(Illuminate\\Http\\Request), Object(Closure))
#39 D:\\code\\test\\vendor\\laravel\\framework\\src\\Illuminate\\Pipeline\\Pipeline.php(183): Illuminate\\Foundation\\Http\\Middleware\\TrimStrings->handle(Object(Illuminate\\Http\\Request), Object(Closure))
#40 D:\\code\\test\\vendor\\laravel\\framework\\src\\Illuminate\\Foundation\\Http\\Middleware\\ValidatePostSize.php(27): Illuminate\\Pipeline\\Pipeline->Illuminate\\Pipeline\\{closure}(Object(Illuminate\\Http\\Request))
#41 D:\\code\\test\\vendor\\laravel\\framework\\src\\Illuminate\\Pipeline\\Pipeline.php(183): Illuminate\\Foundation\\Http\\Middleware\\ValidatePostSize->handle(Object(Illuminate\\Http\\Request), Object(Closure))
#42 D:\\code\\test\\vendor\\laravel\\framework\\src\\Illuminate\\Foundation\\Http\\Middleware\\PreventRequestsDuringMaintenance.php(99): Illuminate\\Pipeline\\Pipeline->Illuminate\\Pipeline\\{closure}(Object(Illuminate\\Http\\Request))
#43 D:\\code\\test\\vendor\\laravel\\framework\\src\\Illuminate\\Pipeline\\Pipeline.php(183): Illuminate\\Foundation\\Http\\Middleware\\PreventRequestsDuringMaintenance->handle(Object(Illuminate\\Http\\Request), Object(Closure))
#44 D:\\code\\test\\vendor\\laravel\\framework\\src\\Illuminate\\Http\\Middleware\\HandleCors.php(49): Illuminate\\Pipeline\\Pipeline->Illuminate\\Pipeline\\{closure}(Object(Illuminate\\Http\\Request))
#45 D:\\code\\test\\vendor\\laravel\\framework\\src\\Illuminate\\Pipeline\\Pipeline.php(183): Illuminate\\Http\\Middleware\\HandleCors->handle(Object(Illuminate\\Http\\Request), Object(Closure))
#46 D:\\code\\test\\vendor\\laravel\\framework\\src\\Illuminate\\Http\\Middleware\\TrustProxies.php(39): Illuminate\\Pipeline\\Pipeline->Illuminate\\Pipeline\\{closure}(Object(Illuminate\\Http\\Request))
#47 D:\\code\\test\\vendor\\laravel\\framework\\src\\Illuminate\\Pipeline\\Pipeline.php(183): Illuminate\\Http\\Middleware\\TrustProxies->handle(Object(Illuminate\\Http\\Request), Object(Closure))
#48 D:\\code\\test\\vendor\\laravel\\framework\\src\\Illuminate\\Pipeline\\Pipeline.php(119): Illuminate\\Pipeline\\Pipeline->Illuminate\\Pipeline\\{closure}(Object(Illuminate\\Http\\Request))
#49 D:\\code\\test\\vendor\\laravel\\framework\\src\\Illuminate\\Foundation\\Http\\Kernel.php(175): Illuminate\\Pipeline\\Pipeline->then(Object(Closure))
#50 D:\\code\\test\\vendor\\laravel\\framework\\src\\Illuminate\\Foundation\\Http\\Kernel.php(144): Illuminate\\Foundation\\Http\\Kernel->sendRequestThroughRouter(Object(Illuminate\\Http\\Request))
#51 D:\\code\\test\\public\\index.php(52): Illuminate\\Foundation\\Http\\Kernel->handle(Object(Illuminate\\Http\\Request))
#52 D:\\code\\test\\vendor\\laravel\\framework\\src\\Illuminate\\Foundation\\resources\\server.php(16): require_once('D:\\\\code\\\\test\\\\pu...')
#53 {main}
"} 
[2025-03-23 19:32:12] local.ERROR: SQLSTATE[42S22]: Column not found: 1054 Champ 'utilisateurs.id' inconnu dans where clause (Connection: mysql, SQL: select * from `utilisateurs` where `utilisateurs`.`id` = 2 limit 1) {"exception":"[object] (Illuminate\\Database\\QueryException(code: 42S22): SQLSTATE[42S22]: Column not found: 1054 Champ 'utilisateurs.id' inconnu dans where clause (Connection: mysql, SQL: select * from `utilisateurs` where `utilisateurs`.`id` = 2 limit 1) at D:\\code\\test\\vendor\\laravel\\framework\\src\\Illuminate\\Database\\Connection.php:829)
[stacktrace]
#0 D:\\code\\test\\vendor\\laravel\\framework\\src\\Illuminate\\Database\\Connection.php(783): Illuminate\\Database\\Connection->runQueryCallback('select * from `...', Array, Object(Closure))
#1 D:\\code\\test\\vendor\\laravel\\framework\\src\\Illuminate\\Database\\Connection.php(431): Illuminate\\Database\\Connection->run('select * from `...', Array, Object(Closure))
#2 D:\\code\\test\\vendor\\laravel\\framework\\src\\Illuminate\\Database\\Query\\Builder.php(2914): Illuminate\\Database\\Connection->select('select * from `...', Array, true)
#3 D:\\code\\test\\vendor\\laravel\\framework\\src\\Illuminate\\Database\\Query\\Builder.php(2902): Illuminate\\Database\\Query\\Builder->runSelect()
#4 D:\\code\\test\\vendor\\laravel\\framework\\src\\Illuminate\\Database\\Query\\Builder.php(3456): Illuminate\\Database\\Query\\Builder->Illuminate\\Database\\Query\\{closure}()
#5 D:\\code\\test\\vendor\\laravel\\framework\\src\\Illuminate\\Database\\Query\\Builder.php(2903): Illuminate\\Database\\Query\\Builder->onceWithColumns(Array, Object(Closure))
#6 D:\\code\\test\\vendor\\laravel\\framework\\src\\Illuminate\\Database\\Eloquent\\Builder.php(739): Illuminate\\Database\\Query\\Builder->get(Array)
#7 D:\\code\\test\\vendor\\laravel\\framework\\src\\Illuminate\\Database\\Eloquent\\Builder.php(723): Illuminate\\Database\\Eloquent\\Builder->getModels(Array)
#8 D:\\code\\test\\vendor\\laravel\\framework\\src\\Illuminate\\Database\\Concerns\\BuildsQueries.php(333): Illuminate\\Database\\Eloquent\\Builder->get(Array)
#9 D:\\code\\test\\vendor\\laravel\\framework\\src\\Illuminate\\Database\\Eloquent\\Builder.php(449): Illuminate\\Database\\Eloquent\\Builder->first(Array)
#10 D:\\code\\test\\vendor\\laravel\\framework\\src\\Illuminate\\Database\\Eloquent\\Builder.php(481): Illuminate\\Database\\Eloquent\\Builder->find('2', Array)
#11 D:\\code\\test\\vendor\\laravel\\framework\\src\\Illuminate\\Support\\Traits\\ForwardsCalls.php(23): Illuminate\\Database\\Eloquent\\Builder->findOrFail('2')
#12 D:\\code\\test\\vendor\\laravel\\framework\\src\\Illuminate\\Database\\Eloquent\\Model.php(2335): Illuminate\\Database\\Eloquent\\Model->forwardCallTo(Object(Illuminate\\Database\\Eloquent\\Builder), 'findOrFail', Array)
#13 D:\\code\\test\\vendor\\laravel\\framework\\src\\Illuminate\\Database\\Eloquent\\Model.php(2347): Illuminate\\Database\\Eloquent\\Model->__call('findOrFail', Array)
#14 D:\\code\\test\\app\\Http\\Controllers\\UtilisateurController.php(31): Illuminate\\Database\\Eloquent\\Model::__callStatic('findOrFail', Array)
#15 D:\\code\\test\\vendor\\laravel\\framework\\src\\Illuminate\\Routing\\Controller.php(54): App\\Http\\Controllers\\UtilisateurController->destroy('2')
#16 D:\\code\\test\\vendor\\laravel\\framework\\src\\Illuminate\\Routing\\ControllerDispatcher.php(43): Illuminate\\Routing\\Controller->callAction('destroy', Array)
#17 D:\\code\\test\\vendor\\laravel\\framework\\src\\Illuminate\\Routing\\Route.php(260): Illuminate\\Routing\\ControllerDispatcher->dispatch(Object(Illuminate\\Routing\\Route), Object(App\\Http\\Controllers\\UtilisateurController), 'destroy')
#18 D:\\code\\test\\vendor\\laravel\\framework\\src\\Illuminate\\Routing\\Route.php(205): Illuminate\\Routing\\Route->runController()
#19 D:\\code\\test\\vendor\\laravel\\framework\\src\\Illuminate\\Routing\\Router.php(806): Illuminate\\Routing\\Route->run()
#20 D:\\code\\test\\vendor\\laravel\\framework\\src\\Illuminate\\Pipeline\\Pipeline.php(144): Illuminate\\Routing\\Router->Illuminate\\Routing\\{closure}(Object(Illuminate\\Http\\Request))
#21 D:\\code\\test\\vendor\\laravel\\framework\\src\\Illuminate\\Http\\Middleware\\AddLinkHeadersForPreloadedAssets.php(20): Illuminate\\Pipeline\\Pipeline->Illuminate\\Pipeline\\{closure}(Object(Illuminate\\Http\\Request))
#22 D:\\code\\test\\vendor\\laravel\\framework\\src\\Illuminate\\Pipeline\\Pipeline.php(183): Illuminate\\Http\\Middleware\\AddLinkHeadersForPreloadedAssets->handle(Object(Illuminate\\Http\\Request), Object(Closure))
#23 D:\\code\\test\\vendor\\inertiajs\\inertia-laravel\\src\\Middleware.php(87): Illuminate\\Pipeline\\Pipeline->Illuminate\\Pipeline\\{closure}(Object(Illuminate\\Http\\Request))
#24 D:\\code\\test\\vendor\\laravel\\framework\\src\\Illuminate\\Pipeline\\Pipeline.php(183): Inertia\\Middleware->handle(Object(Illuminate\\Http\\Request), Object(Closure))
#25 D:\\code\\test\\vendor\\laravel\\framework\\src\\Illuminate\\Routing\\Middleware\\SubstituteBindings.php(50): Illuminate\\Pipeline\\Pipeline->Illuminate\\Pipeline\\{closure}(Object(Illuminate\\Http\\Request))
#26 D:\\code\\test\\vendor\\laravel\\framework\\src\\Illuminate\\Pipeline\\Pipeline.php(183): Illuminate\\Routing\\Middleware\\SubstituteBindings->handle(Object(Illuminate\\Http\\Request), Object(Closure))
#27 D:\\code\\test\\vendor\\laravel\\framework\\src\\Illuminate\\Foundation\\Http\\Middleware\\VerifyCsrfToken.php(78): Illuminate\\Pipeline\\Pipeline->Illuminate\\Pipeline\\{closure}(Object(Illuminate\\Http\\Request))
#28 D:\\code\\test\\vendor\\laravel\\framework\\src\\Illuminate\\Pipeline\\Pipeline.php(183): Illuminate\\Foundation\\Http\\Middleware\\VerifyCsrfToken->handle(Object(Illuminate\\Http\\Request), Object(Closure))
#29 D:\\code\\test\\vendor\\laravel\\framework\\src\\Illuminate\\View\\Middleware\\ShareErrorsFromSession.php(49): Illuminate\\Pipeline\\Pipeline->Illuminate\\Pipeline\\{closure}(Object(Illuminate\\Http\\Request))
#30 D:\\code\\test\\vendor\\laravel\\framework\\src\\Illuminate\\Pipeline\\Pipeline.php(183): Illuminate\\View\\Middleware\\ShareErrorsFromSession->handle(Object(Illuminate\\Http\\Request), Object(Closure))
#31 D:\\code\\test\\vendor\\laravel\\framework\\src\\Illuminate\\Session\\Middleware\\StartSession.php(121): Illuminate\\Pipeline\\Pipeline->Illuminate\\Pipeline\\{closure}(Object(Illuminate\\Http\\Request))
#32 D:\\code\\test\\vendor\\laravel\\framework\\src\\Illuminate\\Session\\Middleware\\StartSession.php(64): Illuminate\\Session\\Middleware\\StartSession->handleStatefulRequest(Object(Illuminate\\Http\\Request), Object(Illuminate\\Session\\Store), Object(Closure))
#33 D:\\code\\test\\vendor\\laravel\\framework\\src\\Illuminate\\Pipeline\\Pipeline.php(183): Illuminate\\Session\\Middleware\\StartSession->handle(Object(Illuminate\\Http\\Request), Object(Closure))
#34 D:\\code\\test\\vendor\\laravel\\framework\\src\\Illuminate\\Cookie\\Middleware\\AddQueuedCookiesToResponse.php(37): Illuminate\\Pipeline\\Pipeline->Illuminate\\Pipeline\\{closure}(Object(Illuminate\\Http\\Request))
#35 D:\\code\\test\\vendor\\laravel\\framework\\src\\Illuminate\\Pipeline\\Pipeline.php(183): Illuminate\\Cookie\\Middleware\\AddQueuedCookiesToResponse->handle(Object(Illuminate\\Http\\Request), Object(Closure))
#36 D:\\code\\test\\vendor\\laravel\\framework\\src\\Illuminate\\Cookie\\Middleware\\EncryptCookies.php(67): Illuminate\\Pipeline\\Pipeline->Illuminate\\Pipeline\\{closure}(Object(Illuminate\\Http\\Request))
#37 D:\\code\\test\\vendor\\laravel\\framework\\src\\Illuminate\\Pipeline\\Pipeline.php(183): Illuminate\\Cookie\\Middleware\\EncryptCookies->handle(Object(Illuminate\\Http\\Request), Object(Closure))
#38 D:\\code\\test\\vendor\\laravel\\framework\\src\\Illuminate\\Pipeline\\Pipeline.php(119): Illuminate\\Pipeline\\Pipeline->Illuminate\\Pipeline\\{closure}(Object(Illuminate\\Http\\Request))
#39 D:\\code\\test\\vendor\\laravel\\framework\\src\\Illuminate\\Routing\\Router.php(807): Illuminate\\Pipeline\\Pipeline->then(Object(Closure))
#40 D:\\code\\test\\vendor\\laravel\\framework\\src\\Illuminate\\Routing\\Router.php(784): Illuminate\\Routing\\Router->runRouteWithinStack(Object(Illuminate\\Routing\\Route), Object(Illuminate\\Http\\Request))
#41 D:\\code\\test\\vendor\\laravel\\framework\\src\\Illuminate\\Routing\\Router.php(748): Illuminate\\Routing\\Router->runRoute(Object(Illuminate\\Http\\Request), Object(Illuminate\\Routing\\Route))
#42 D:\\code\\test\\vendor\\laravel\\framework\\src\\Illuminate\\Routing\\Router.php(737): Illuminate\\Routing\\Router->dispatchToRoute(Object(Illuminate\\Http\\Request))
#43 D:\\code\\test\\vendor\\laravel\\framework\\src\\Illuminate\\Foundation\\Http\\Kernel.php(200): Illuminate\\Routing\\Router->dispatch(Object(Illuminate\\Http\\Request))
#44 D:\\code\\test\\vendor\\laravel\\framework\\src\\Illuminate\\Pipeline\\Pipeline.php(144): Illuminate\\Foundation\\Http\\Kernel->Illuminate\\Foundation\\Http\\{closure}(Object(Illuminate\\Http\\Request))
#45 D:\\code\\test\\vendor\\laravel\\framework\\src\\Illuminate\\Foundation\\Http\\Middleware\\TransformsRequest.php(21): Illuminate\\Pipeline\\Pipeline->Illuminate\\Pipeline\\{closure}(Object(Illuminate\\Http\\Request))
#46 D:\\code\\test\\vendor\\laravel\\framework\\src\\Illuminate\\Foundation\\Http\\Middleware\\ConvertEmptyStringsToNull.php(31): Illuminate\\Foundation\\Http\\Middleware\\TransformsRequest->handle(Object(Illuminate\\Http\\Request), Object(Closure))
#47 D:\\code\\test\\vendor\\laravel\\framework\\src\\Illuminate\\Pipeline\\Pipeline.php(183): Illuminate\\Foundation\\Http\\Middleware\\ConvertEmptyStringsToNull->handle(Object(Illuminate\\Http\\Request), Object(Closure))
#48 D:\\code\\test\\vendor\\laravel\\framework\\src\\Illuminate\\Foundation\\Http\\Middleware\\TransformsRequest.php(21): Illuminate\\Pipeline\\Pipeline->Illuminate\\Pipeline\\{closure}(Object(Illuminate\\Http\\Request))
#49 D:\\code\\test\\vendor\\laravel\\framework\\src\\Illuminate\\Foundation\\Http\\Middleware\\TrimStrings.php(40): Illuminate\\Foundation\\Http\\Middleware\\TransformsRequest->handle(Object(Illuminate\\Http\\Request), Object(Closure))
#50 D:\\code\\test\\vendor\\laravel\\framework\\src\\Illuminate\\Pipeline\\Pipeline.php(183): Illuminate\\Foundation\\Http\\Middleware\\TrimStrings->handle(Object(Illuminate\\Http\\Request), Object(Closure))
#51 D:\\code\\test\\vendor\\laravel\\framework\\src\\Illuminate\\Foundation\\Http\\Middleware\\ValidatePostSize.php(27): Illuminate\\Pipeline\\Pipeline->Illuminate\\Pipeline\\{closure}(Object(Illuminate\\Http\\Request))
#52 D:\\code\\test\\vendor\\laravel\\framework\\src\\Illuminate\\Pipeline\\Pipeline.php(183): Illuminate\\Foundation\\Http\\Middleware\\ValidatePostSize->handle(Object(Illuminate\\Http\\Request), Object(Closure))
#53 D:\\code\\test\\vendor\\laravel\\framework\\src\\Illuminate\\Foundation\\Http\\Middleware\\PreventRequestsDuringMaintenance.php(99): Illuminate\\Pipeline\\Pipeline->Illuminate\\Pipeline\\{closure}(Object(Illuminate\\Http\\Request))
#54 D:\\code\\test\\vendor\\laravel\\framework\\src\\Illuminate\\Pipeline\\Pipeline.php(183): Illuminate\\Foundation\\Http\\Middleware\\PreventRequestsDuringMaintenance->handle(Object(Illuminate\\Http\\Request), Object(Closure))
#55 D:\\code\\test\\vendor\\laravel\\framework\\src\\Illuminate\\Http\\Middleware\\HandleCors.php(49): Illuminate\\Pipeline\\Pipeline->Illuminate\\Pipeline\\{closure}(Object(Illuminate\\Http\\Request))
#56 D:\\code\\test\\vendor\\laravel\\framework\\src\\Illuminate\\Pipeline\\Pipeline.php(183): Illuminate\\Http\\Middleware\\HandleCors->handle(Object(Illuminate\\Http\\Request), Object(Closure))
#57 D:\\code\\test\\vendor\\laravel\\framework\\src\\Illuminate\\Http\\Middleware\\TrustProxies.php(39): Illuminate\\Pipeline\\Pipeline->Illuminate\\Pipeline\\{closure}(Object(Illuminate\\Http\\Request))
#58 D:\\code\\test\\vendor\\laravel\\framework\\src\\Illuminate\\Pipeline\\Pipeline.php(183): Illuminate\\Http\\Middleware\\TrustProxies->handle(Object(Illuminate\\Http\\Request), Object(Closure))
#59 D:\\code\\test\\vendor\\laravel\\framework\\src\\Illuminate\\Pipeline\\Pipeline.php(119): Illuminate\\Pipeline\\Pipeline->Illuminate\\Pipeline\\{closure}(Object(Illuminate\\Http\\Request))
#60 D:\\code\\test\\vendor\\laravel\\framework\\src\\Illuminate\\Foundation\\Http\\Kernel.php(175): Illuminate\\Pipeline\\Pipeline->then(Object(Closure))
#61 D:\\code\\test\\vendor\\laravel\\framework\\src\\Illuminate\\Foundation\\Http\\Kernel.php(144): Illuminate\\Foundation\\Http\\Kernel->sendRequestThroughRouter(Object(Illuminate\\Http\\Request))
#62 D:\\code\\test\\public\\index.php(52): Illuminate\\Foundation\\Http\\Kernel->handle(Object(Illuminate\\Http\\Request))
#63 D:\\code\\test\\vendor\\laravel\\framework\\src\\Illuminate\\Foundation\\resources\\server.php(16): require_once('D:\\\\code\\\\test\\\\pu...')
#64 {main}

[previous exception] [object] (PDOException(code: 42S22): SQLSTATE[42S22]: Column not found: 1054 Champ 'utilisateurs.id' inconnu dans where clause at D:\\code\\test\\vendor\\laravel\\framework\\src\\Illuminate\\Database\\Connection.php:423)
[stacktrace]
#0 D:\\code\\test\\vendor\\laravel\\framework\\src\\Illuminate\\Database\\Connection.php(423): PDO->prepare('select * from `...')
#1 D:\\code\\test\\vendor\\laravel\\framework\\src\\Illuminate\\Database\\Connection.php(816): Illuminate\\Database\\Connection->Illuminate\\Database\\{closure}('select * from `...', Array)
#2 D:\\code\\test\\vendor\\laravel\\framework\\src\\Illuminate\\Database\\Connection.php(783): Illuminate\\Database\\Connection->runQueryCallback('select * from `...', Array, Object(Closure))
#3 D:\\code\\test\\vendor\\laravel\\framework\\src\\Illuminate\\Database\\Connection.php(431): Illuminate\\Database\\Connection->run('select * from `...', Array, Object(Closure))
#4 D:\\code\\test\\vendor\\laravel\\framework\\src\\Illuminate\\Database\\Query\\Builder.php(2914): Illuminate\\Database\\Connection->select('select * from `...', Array, true)
#5 D:\\code\\test\\vendor\\laravel\\framework\\src\\Illuminate\\Database\\Query\\Builder.php(2902): Illuminate\\Database\\Query\\Builder->runSelect()
#6 D:\\code\\test\\vendor\\laravel\\framework\\src\\Illuminate\\Database\\Query\\Builder.php(3456): Illuminate\\Database\\Query\\Builder->Illuminate\\Database\\Query\\{closure}()
#7 D:\\code\\test\\vendor\\laravel\\framework\\src\\Illuminate\\Database\\Query\\Builder.php(2903): Illuminate\\Database\\Query\\Builder->onceWithColumns(Array, Object(Closure))
#8 D:\\code\\test\\vendor\\laravel\\framework\\src\\Illuminate\\Database\\Eloquent\\Builder.php(739): Illuminate\\Database\\Query\\Builder->get(Array)
#9 D:\\code\\test\\vendor\\laravel\\framework\\src\\Illuminate\\Database\\Eloquent\\Builder.php(723): Illuminate\\Database\\Eloquent\\Builder->getModels(Array)
#10 D:\\code\\test\\vendor\\laravel\\framework\\src\\Illuminate\\Database\\Concerns\\BuildsQueries.php(333): Illuminate\\Database\\Eloquent\\Builder->get(Array)
#11 D:\\code\\test\\vendor\\laravel\\framework\\src\\Illuminate\\Database\\Eloquent\\Builder.php(449): Illuminate\\Database\\Eloquent\\Builder->first(Array)
#12 D:\\code\\test\\vendor\\laravel\\framework\\src\\Illuminate\\Database\\Eloquent\\Builder.php(481): Illuminate\\Database\\Eloquent\\Builder->find('2', Array)
#13 D:\\code\\test\\vendor\\laravel\\framework\\src\\Illuminate\\Support\\Traits\\ForwardsCalls.php(23): Illuminate\\Database\\Eloquent\\Builder->findOrFail('2')
#14 D:\\code\\test\\vendor\\laravel\\framework\\src\\Illuminate\\Database\\Eloquent\\Model.php(2335): Illuminate\\Database\\Eloquent\\Model->forwardCallTo(Object(Illuminate\\Database\\Eloquent\\Builder), 'findOrFail', Array)
#15 D:\\code\\test\\vendor\\laravel\\framework\\src\\Illuminate\\Database\\Eloquent\\Model.php(2347): Illuminate\\Database\\Eloquent\\Model->__call('findOrFail', Array)
#16 D:\\code\\test\\app\\Http\\Controllers\\UtilisateurController.php(31): Illuminate\\Database\\Eloquent\\Model::__callStatic('findOrFail', Array)
#17 D:\\code\\test\\vendor\\laravel\\framework\\src\\Illuminate\\Routing\\Controller.php(54): App\\Http\\Controllers\\UtilisateurController->destroy('2')
#18 D:\\code\\test\\vendor\\laravel\\framework\\src\\Illuminate\\Routing\\ControllerDispatcher.php(43): Illuminate\\Routing\\Controller->callAction('destroy', Array)
#19 D:\\code\\test\\vendor\\laravel\\framework\\src\\Illuminate\\Routing\\Route.php(260): Illuminate\\Routing\\ControllerDispatcher->dispatch(Object(Illuminate\\Routing\\Route), Object(App\\Http\\Controllers\\UtilisateurController), 'destroy')
#20 D:\\code\\test\\vendor\\laravel\\framework\\src\\Illuminate\\Routing\\Route.php(205): Illuminate\\Routing\\Route->runController()
#21 D:\\code\\test\\vendor\\laravel\\framework\\src\\Illuminate\\Routing\\Router.php(806): Illuminate\\Routing\\Route->run()
#22 D:\\code\\test\\vendor\\laravel\\framework\\src\\Illuminate\\Pipeline\\Pipeline.php(144): Illuminate\\Routing\\Router->Illuminate\\Routing\\{closure}(Object(Illuminate\\Http\\Request))
#23 D:\\code\\test\\vendor\\laravel\\framework\\src\\Illuminate\\Http\\Middleware\\AddLinkHeadersForPreloadedAssets.php(20): Illuminate\\Pipeline\\Pipeline->Illuminate\\Pipeline\\{closure}(Object(Illuminate\\Http\\Request))
#24 D:\\code\\test\\vendor\\laravel\\framework\\src\\Illuminate\\Pipeline\\Pipeline.php(183): Illuminate\\Http\\Middleware\\AddLinkHeadersForPreloadedAssets->handle(Object(Illuminate\\Http\\Request), Object(Closure))
#25 D:\\code\\test\\vendor\\inertiajs\\inertia-laravel\\src\\Middleware.php(87): Illuminate\\Pipeline\\Pipeline->Illuminate\\Pipeline\\{closure}(Object(Illuminate\\Http\\Request))
#26 D:\\code\\test\\vendor\\laravel\\framework\\src\\Illuminate\\Pipeline\\Pipeline.php(183): Inertia\\Middleware->handle(Object(Illuminate\\Http\\Request), Object(Closure))
#27 D:\\code\\test\\vendor\\laravel\\framework\\src\\Illuminate\\Routing\\Middleware\\SubstituteBindings.php(50): Illuminate\\Pipeline\\Pipeline->Illuminate\\Pipeline\\{closure}(Object(Illuminate\\Http\\Request))
#28 D:\\code\\test\\vendor\\laravel\\framework\\src\\Illuminate\\Pipeline\\Pipeline.php(183): Illuminate\\Routing\\Middleware\\SubstituteBindings->handle(Object(Illuminate\\Http\\Request), Object(Closure))
#29 D:\\code\\test\\vendor\\laravel\\framework\\src\\Illuminate\\Foundation\\Http\\Middleware\\VerifyCsrfToken.php(78): Illuminate\\Pipeline\\Pipeline->Illuminate\\Pipeline\\{closure}(Object(Illuminate\\Http\\Request))
#30 D:\\code\\test\\vendor\\laravel\\framework\\src\\Illuminate\\Pipeline\\Pipeline.php(183): Illuminate\\Foundation\\Http\\Middleware\\VerifyCsrfToken->handle(Object(Illuminate\\Http\\Request), Object(Closure))
#31 D:\\code\\test\\vendor\\laravel\\framework\\src\\Illuminate\\View\\Middleware\\ShareErrorsFromSession.php(49): Illuminate\\Pipeline\\Pipeline->Illuminate\\Pipeline\\{closure}(Object(Illuminate\\Http\\Request))
#32 D:\\code\\test\\vendor\\laravel\\framework\\src\\Illuminate\\Pipeline\\Pipeline.php(183): Illuminate\\View\\Middleware\\ShareErrorsFromSession->handle(Object(Illuminate\\Http\\Request), Object(Closure))
#33 D:\\code\\test\\vendor\\laravel\\framework\\src\\Illuminate\\Session\\Middleware\\StartSession.php(121): Illuminate\\Pipeline\\Pipeline->Illuminate\\Pipeline\\{closure}(Object(Illuminate\\Http\\Request))
#34 D:\\code\\test\\vendor\\laravel\\framework\\src\\Illuminate\\Session\\Middleware\\StartSession.php(64): Illuminate\\Session\\Middleware\\StartSession->handleStatefulRequest(Object(Illuminate\\Http\\Request), Object(Illuminate\\Session\\Store), Object(Closure))
#35 D:\\code\\test\\vendor\\laravel\\framework\\src\\Illuminate\\Pipeline\\Pipeline.php(183): Illuminate\\Session\\Middleware\\StartSession->handle(Object(Illuminate\\Http\\Request), Object(Closure))
#36 D:\\code\\test\\vendor\\laravel\\framework\\src\\Illuminate\\Cookie\\Middleware\\AddQueuedCookiesToResponse.php(37): Illuminate\\Pipeline\\Pipeline->Illuminate\\Pipeline\\{closure}(Object(Illuminate\\Http\\Request))
#37 D:\\code\\test\\vendor\\laravel\\framework\\src\\Illuminate\\Pipeline\\Pipeline.php(183): Illuminate\\Cookie\\Middleware\\AddQueuedCookiesToResponse->handle(Object(Illuminate\\Http\\Request), Object(Closure))
#38 D:\\code\\test\\vendor\\laravel\\framework\\src\\Illuminate\\Cookie\\Middleware\\EncryptCookies.php(67): Illuminate\\Pipeline\\Pipeline->Illuminate\\Pipeline\\{closure}(Object(Illuminate\\Http\\Request))
#39 D:\\code\\test\\vendor\\laravel\\framework\\src\\Illuminate\\Pipeline\\Pipeline.php(183): Illuminate\\Cookie\\Middleware\\EncryptCookies->handle(Object(Illuminate\\Http\\Request), Object(Closure))
#40 D:\\code\\test\\vendor\\laravel\\framework\\src\\Illuminate\\Pipeline\\Pipeline.php(119): Illuminate\\Pipeline\\Pipeline->Illuminate\\Pipeline\\{closure}(Object(Illuminate\\Http\\Request))
#41 D:\\code\\test\\vendor\\laravel\\framework\\src\\Illuminate\\Routing\\Router.php(807): Illuminate\\Pipeline\\Pipeline->then(Object(Closure))
#42 D:\\code\\test\\vendor\\laravel\\framework\\src\\Illuminate\\Routing\\Router.php(784): Illuminate\\Routing\\Router->runRouteWithinStack(Object(Illuminate\\Routing\\Route), Object(Illuminate\\Http\\Request))
#43 D:\\code\\test\\vendor\\laravel\\framework\\src\\Illuminate\\Routing\\Router.php(748): Illuminate\\Routing\\Router->runRoute(Object(Illuminate\\Http\\Request), Object(Illuminate\\Routing\\Route))
#44 D:\\code\\test\\vendor\\laravel\\framework\\src\\Illuminate\\Routing\\Router.php(737): Illuminate\\Routing\\Router->dispatchToRoute(Object(Illuminate\\Http\\Request))
#45 D:\\code\\test\\vendor\\laravel\\framework\\src\\Illuminate\\Foundation\\Http\\Kernel.php(200): Illuminate\\Routing\\Router->dispatch(Object(Illuminate\\Http\\Request))
#46 D:\\code\\test\\vendor\\laravel\\framework\\src\\Illuminate\\Pipeline\\Pipeline.php(144): Illuminate\\Foundation\\Http\\Kernel->Illuminate\\Foundation\\Http\\{closure}(Object(Illuminate\\Http\\Request))
#47 D:\\code\\test\\vendor\\laravel\\framework\\src\\Illuminate\\Foundation\\Http\\Middleware\\TransformsRequest.php(21): Illuminate\\Pipeline\\Pipeline->Illuminate\\Pipeline\\{closure}(Object(Illuminate\\Http\\Request))
#48 D:\\code\\test\\vendor\\laravel\\framework\\src\\Illuminate\\Foundation\\Http\\Middleware\\ConvertEmptyStringsToNull.php(31): Illuminate\\Foundation\\Http\\Middleware\\TransformsRequest->handle(Object(Illuminate\\Http\\Request), Object(Closure))
#49 D:\\code\\test\\vendor\\laravel\\framework\\src\\Illuminate\\Pipeline\\Pipeline.php(183): Illuminate\\Foundation\\Http\\Middleware\\ConvertEmptyStringsToNull->handle(Object(Illuminate\\Http\\Request), Object(Closure))
#50 D:\\code\\test\\vendor\\laravel\\framework\\src\\Illuminate\\Foundation\\Http\\Middleware\\TransformsRequest.php(21): Illuminate\\Pipeline\\Pipeline->Illuminate\\Pipeline\\{closure}(Object(Illuminate\\Http\\Request))
#51 D:\\code\\test\\vendor\\laravel\\framework\\src\\Illuminate\\Foundation\\Http\\Middleware\\TrimStrings.php(40): Illuminate\\Foundation\\Http\\Middleware\\TransformsRequest->handle(Object(Illuminate\\Http\\Request), Object(Closure))
#52 D:\\code\\test\\vendor\\laravel\\framework\\src\\Illuminate\\Pipeline\\Pipeline.php(183): Illuminate\\Foundation\\Http\\Middleware\\TrimStrings->handle(Object(Illuminate\\Http\\Request), Object(Closure))
#53 D:\\code\\test\\vendor\\laravel\\framework\\src\\Illuminate\\Foundation\\Http\\Middleware\\ValidatePostSize.php(27): Illuminate\\Pipeline\\Pipeline->Illuminate\\Pipeline\\{closure}(Object(Illuminate\\Http\\Request))
#54 D:\\code\\test\\vendor\\laravel\\framework\\src\\Illuminate\\Pipeline\\Pipeline.php(183): Illuminate\\Foundation\\Http\\Middleware\\ValidatePostSize->handle(Object(Illuminate\\Http\\Request), Object(Closure))
#55 D:\\code\\test\\vendor\\laravel\\framework\\src\\Illuminate\\Foundation\\Http\\Middleware\\PreventRequestsDuringMaintenance.php(99): Illuminate\\Pipeline\\Pipeline->Illuminate\\Pipeline\\{closure}(Object(Illuminate\\Http\\Request))
#56 D:\\code\\test\\vendor\\laravel\\framework\\src\\Illuminate\\Pipeline\\Pipeline.php(183): Illuminate\\Foundation\\Http\\Middleware\\PreventRequestsDuringMaintenance->handle(Object(Illuminate\\Http\\Request), Object(Closure))
#57 D:\\code\\test\\vendor\\laravel\\framework\\src\\Illuminate\\Http\\Middleware\\HandleCors.php(49): Illuminate\\Pipeline\\Pipeline->Illuminate\\Pipeline\\{closure}(Object(Illuminate\\Http\\Request))
#58 D:\\code\\test\\vendor\\laravel\\framework\\src\\Illuminate\\Pipeline\\Pipeline.php(183): Illuminate\\Http\\Middleware\\HandleCors->handle(Object(Illuminate\\Http\\Request), Object(Closure))
#59 D:\\code\\test\\vendor\\laravel\\framework\\src\\Illuminate\\Http\\Middleware\\TrustProxies.php(39): Illuminate\\Pipeline\\Pipeline->Illuminate\\Pipeline\\{closure}(Object(Illuminate\\Http\\Request))
#60 D:\\code\\test\\vendor\\laravel\\framework\\src\\Illuminate\\Pipeline\\Pipeline.php(183): Illuminate\\Http\\Middleware\\TrustProxies->handle(Object(Illuminate\\Http\\Request), Object(Closure))
#61 D:\\code\\test\\vendor\\laravel\\framework\\src\\Illuminate\\Pipeline\\Pipeline.php(119): Illuminate\\Pipeline\\Pipeline->Illuminate\\Pipeline\\{closure}(Object(Illuminate\\Http\\Request))
#62 D:\\code\\test\\vendor\\laravel\\framework\\src\\Illuminate\\Foundation\\Http\\Kernel.php(175): Illuminate\\Pipeline\\Pipeline->then(Object(Closure))
#63 D:\\code\\test\\vendor\\laravel\\framework\\src\\Illuminate\\Foundation\\Http\\Kernel.php(144): Illuminate\\Foundation\\Http\\Kernel->sendRequestThroughRouter(Object(Illuminate\\Http\\Request))
#64 D:\\code\\test\\public\\index.php(52): Illuminate\\Foundation\\Http\\Kernel->handle(Object(Illuminate\\Http\\Request))
#65 D:\\code\\test\\vendor\\laravel\\framework\\src\\Illuminate\\Foundation\\resources\\server.php(16): require_once('D:\\\\code\\\\test\\\\pu...')
#66 {main}
"} 
[2025-04-28 13:05:56] local.ERROR: Undefined variable $page {"view":{"view":"D:\\code\\test\\resources\\views\\layouts\\app.blade.php","data":{"errors":"<pre class=sf-dump id=sf-dump-1888170084 data-indent-pad=\"  \"><span class=sf-dump-note>Illuminate\\Support\\ViewErrorBag</span> {<a class=sf-dump-ref>#320</a><samp data-depth=1 class=sf-dump-expanded>
  #<span class=sf-dump-protected title=\"Protected property\">bags</span>: []
</samp>}
</pre><script>Sfdump(\"sf-dump-1888170084\", {\"maxDepth\":3,\"maxStringLength\":160})</script>
","utilisateurs":"<pre class=sf-dump id=sf-dump-228489119 data-indent-pad=\"  \"><span class=sf-dump-note>Illuminate\\Pagination\\LengthAwarePaginator</span> {<a class=sf-dump-ref>#345</a><samp data-depth=1 class=sf-dump-expanded>
  #<span class=sf-dump-protected title=\"Protected property\">items</span>: <span class=\"sf-dump-note sf-dump-ellipsization\" title=\"Illuminate\\Database\\Eloquent\\Collection
\"><span class=\"sf-dump-ellipsis sf-dump-ellipsis-note\">Illuminate\\Database\\Eloquent</span><span class=\"sf-dump-ellipsis sf-dump-ellipsis-note\">\\</span><span class=\"sf-dump-ellipsis-tail\">Collection</span></span> {<a class=sf-dump-ref>#1327</a><samp data-depth=2 class=sf-dump-compact>
    #<span class=sf-dump-protected title=\"Protected property\">items</span>: <span class=sf-dump-note>array:10</span> [<samp data-depth=3 class=sf-dump-compact>
      <span class=sf-dump-index>0</span> => <span class=\"sf-dump-note sf-dump-ellipsization\" title=\"App\\Models\\Utilisateur
\"><span class=\"sf-dump-ellipsis sf-dump-ellipsis-note\">App\\Models</span><span class=\"sf-dump-ellipsis sf-dump-ellipsis-note\">\\</span><span class=\"sf-dump-ellipsis-tail\">Utilisateur</span></span> {<a class=sf-dump-ref>#1329</a> &#8230;30}
      <span class=sf-dump-index>1</span> => <span class=\"sf-dump-note sf-dump-ellipsization\" title=\"App\\Models\\Utilisateur
\"><span class=\"sf-dump-ellipsis sf-dump-ellipsis-note\">App\\Models</span><span class=\"sf-dump-ellipsis sf-dump-ellipsis-note\">\\</span><span class=\"sf-dump-ellipsis-tail\">Utilisateur</span></span> {<a class=sf-dump-ref>#1330</a> &#8230;30}
      <span class=sf-dump-index>2</span> => <span class=\"sf-dump-note sf-dump-ellipsization\" title=\"App\\Models\\Utilisateur
\"><span class=\"sf-dump-ellipsis sf-dump-ellipsis-note\">App\\Models</span><span class=\"sf-dump-ellipsis sf-dump-ellipsis-note\">\\</span><span class=\"sf-dump-ellipsis-tail\">Utilisateur</span></span> {<a class=sf-dump-ref>#1331</a> &#8230;30}
      <span class=sf-dump-index>3</span> => <span class=\"sf-dump-note sf-dump-ellipsization\" title=\"App\\Models\\Utilisateur
\"><span class=\"sf-dump-ellipsis sf-dump-ellipsis-note\">App\\Models</span><span class=\"sf-dump-ellipsis sf-dump-ellipsis-note\">\\</span><span class=\"sf-dump-ellipsis-tail\">Utilisateur</span></span> {<a class=sf-dump-ref>#1332</a> &#8230;30}
      <span class=sf-dump-index>4</span> => <span class=\"sf-dump-note sf-dump-ellipsization\" title=\"App\\Models\\Utilisateur
\"><span class=\"sf-dump-ellipsis sf-dump-ellipsis-note\">App\\Models</span><span class=\"sf-dump-ellipsis sf-dump-ellipsis-note\">\\</span><span class=\"sf-dump-ellipsis-tail\">Utilisateur</span></span> {<a class=sf-dump-ref>#1333</a> &#8230;30}
      <span class=sf-dump-index>5</span> => <span class=\"sf-dump-note sf-dump-ellipsization\" title=\"App\\Models\\Utilisateur
\"><span class=\"sf-dump-ellipsis sf-dump-ellipsis-note\">App\\Models</span><span class=\"sf-dump-ellipsis sf-dump-ellipsis-note\">\\</span><span class=\"sf-dump-ellipsis-tail\">Utilisateur</span></span> {<a class=sf-dump-ref>#1334</a> &#8230;30}
      <span class=sf-dump-index>6</span> => <span class=\"sf-dump-note sf-dump-ellipsization\" title=\"App\\Models\\Utilisateur
\"><span class=\"sf-dump-ellipsis sf-dump-ellipsis-note\">App\\Models</span><span class=\"sf-dump-ellipsis sf-dump-ellipsis-note\">\\</span><span class=\"sf-dump-ellipsis-tail\">Utilisateur</span></span> {<a class=sf-dump-ref>#1335</a> &#8230;30}
      <span class=sf-dump-index>7</span> => <span class=\"sf-dump-note sf-dump-ellipsization\" title=\"App\\Models\\Utilisateur
\"><span class=\"sf-dump-ellipsis sf-dump-ellipsis-note\">App\\Models</span><span class=\"sf-dump-ellipsis sf-dump-ellipsis-note\">\\</span><span class=\"sf-dump-ellipsis-tail\">Utilisateur</span></span> {<a class=sf-dump-ref>#1336</a> &#8230;30}
      <span class=sf-dump-index>8</span> => <span class=\"sf-dump-note sf-dump-ellipsization\" title=\"App\\Models\\Utilisateur
\"><span class=\"sf-dump-ellipsis sf-dump-ellipsis-note\">App\\Models</span><span class=\"sf-dump-ellipsis sf-dump-ellipsis-note\">\\</span><span class=\"sf-dump-ellipsis-tail\">Utilisateur</span></span> {<a class=sf-dump-ref>#1337</a> &#8230;30}
      <span class=sf-dump-index>9</span> => <span class=\"sf-dump-note sf-dump-ellipsization\" title=\"App\\Models\\Utilisateur
\"><span class=\"sf-dump-ellipsis sf-dump-ellipsis-note\">App\\Models</span><span class=\"sf-dump-ellipsis sf-dump-ellipsis-note\">\\</span><span class=\"sf-dump-ellipsis-tail\">Utilisateur</span></span> {<a class=sf-dump-ref>#1338</a> &#8230;30}
    </samp>]
    #<span class=sf-dump-protected title=\"Protected property\">escapeWhenCastingToString</span>: <span class=sf-dump-const>false</span>
  </samp>}
  #<span class=sf-dump-protected title=\"Protected property\">perPage</span>: <span class=sf-dump-num>10</span>
  #<span class=sf-dump-protected title=\"Protected property\">currentPage</span>: <span class=sf-dump-num>1</span>
  #<span class=sf-dump-protected title=\"Protected property\">path</span>: \"<span class=sf-dump-str title=\"34 characters\">http://127.0.0.1:8000/utilisateurs</span>\"
  #<span class=sf-dump-protected title=\"Protected property\">query</span>: []
  #<span class=sf-dump-protected title=\"Protected property\">fragment</span>: <span class=sf-dump-const>null</span>
  #<span class=sf-dump-protected title=\"Protected property\">pageName</span>: \"<span class=sf-dump-str title=\"4 characters\">page</span>\"
  +<span class=sf-dump-public title=\"Public property\">onEachSide</span>: <span class=sf-dump-num>1</span>
  #<span class=sf-dump-protected title=\"Protected property\">options</span>: <span class=sf-dump-note>array:2</span> [<samp data-depth=2 class=sf-dump-compact>
    \"<span class=sf-dump-key>path</span>\" => \"<span class=sf-dump-str title=\"34 characters\">http://127.0.0.1:8000/utilisateurs</span>\"
    \"<span class=sf-dump-key>pageName</span>\" => \"<span class=sf-dump-str title=\"4 characters\">page</span>\"
  </samp>]
  #<span class=sf-dump-protected title=\"Protected property\">total</span>: <span class=sf-dump-num>21</span>
  #<span class=sf-dump-protected title=\"Protected property\">lastPage</span>: <span class=sf-dump-num>3</span>
</samp>}
</pre><script>Sfdump(\"sf-dump-228489119\", {\"maxDepth\":3,\"maxStringLength\":160})</script>
","search":"<pre class=sf-dump id=sf-dump-1925466200 data-indent-pad=\"  \"><span class=sf-dump-const>null</span>
</pre><script>Sfdump(\"sf-dump-1925466200\", {\"maxDepth\":3,\"maxStringLength\":160})</script>
","__currentLoopData":"<pre class=sf-dump id=sf-dump-1560630546 data-indent-pad=\"  \"><span class=sf-dump-note>Illuminate\\Pagination\\LengthAwarePaginator</span> {<a class=sf-dump-ref>#345</a><samp data-depth=1 class=sf-dump-expanded>
  #<span class=sf-dump-protected title=\"Protected property\">items</span>: <span class=\"sf-dump-note sf-dump-ellipsization\" title=\"Illuminate\\Database\\Eloquent\\Collection
\"><span class=\"sf-dump-ellipsis sf-dump-ellipsis-note\">Illuminate\\Database\\Eloquent</span><span class=\"sf-dump-ellipsis sf-dump-ellipsis-note\">\\</span><span class=\"sf-dump-ellipsis-tail\">Collection</span></span> {<a class=sf-dump-ref>#1327</a><samp data-depth=2 class=sf-dump-compact>
    #<span class=sf-dump-protected title=\"Protected property\">items</span>: <span class=sf-dump-note>array:10</span> [<samp data-depth=3 class=sf-dump-compact>
      <span class=sf-dump-index>0</span> => <span class=\"sf-dump-note sf-dump-ellipsization\" title=\"App\\Models\\Utilisateur
\"><span class=\"sf-dump-ellipsis sf-dump-ellipsis-note\">App\\Models</span><span class=\"sf-dump-ellipsis sf-dump-ellipsis-note\">\\</span><span class=\"sf-dump-ellipsis-tail\">Utilisateur</span></span> {<a class=sf-dump-ref>#1329</a> &#8230;30}
      <span class=sf-dump-index>1</span> => <span class=\"sf-dump-note sf-dump-ellipsization\" title=\"App\\Models\\Utilisateur
\"><span class=\"sf-dump-ellipsis sf-dump-ellipsis-note\">App\\Models</span><span class=\"sf-dump-ellipsis sf-dump-ellipsis-note\">\\</span><span class=\"sf-dump-ellipsis-tail\">Utilisateur</span></span> {<a class=sf-dump-ref>#1330</a> &#8230;30}
      <span class=sf-dump-index>2</span> => <span class=\"sf-dump-note sf-dump-ellipsization\" title=\"App\\Models\\Utilisateur
\"><span class=\"sf-dump-ellipsis sf-dump-ellipsis-note\">App\\Models</span><span class=\"sf-dump-ellipsis sf-dump-ellipsis-note\">\\</span><span class=\"sf-dump-ellipsis-tail\">Utilisateur</span></span> {<a class=sf-dump-ref>#1331</a> &#8230;30}
      <span class=sf-dump-index>3</span> => <span class=\"sf-dump-note sf-dump-ellipsization\" title=\"App\\Models\\Utilisateur
\"><span class=\"sf-dump-ellipsis sf-dump-ellipsis-note\">App\\Models</span><span class=\"sf-dump-ellipsis sf-dump-ellipsis-note\">\\</span><span class=\"sf-dump-ellipsis-tail\">Utilisateur</span></span> {<a class=sf-dump-ref>#1332</a> &#8230;30}
      <span class=sf-dump-index>4</span> => <span class=\"sf-dump-note sf-dump-ellipsization\" title=\"App\\Models\\Utilisateur
\"><span class=\"sf-dump-ellipsis sf-dump-ellipsis-note\">App\\Models</span><span class=\"sf-dump-ellipsis sf-dump-ellipsis-note\">\\</span><span class=\"sf-dump-ellipsis-tail\">Utilisateur</span></span> {<a class=sf-dump-ref>#1333</a> &#8230;30}
      <span class=sf-dump-index>5</span> => <span class=\"sf-dump-note sf-dump-ellipsization\" title=\"App\\Models\\Utilisateur
\"><span class=\"sf-dump-ellipsis sf-dump-ellipsis-note\">App\\Models</span><span class=\"sf-dump-ellipsis sf-dump-ellipsis-note\">\\</span><span class=\"sf-dump-ellipsis-tail\">Utilisateur</span></span> {<a class=sf-dump-ref>#1334</a> &#8230;30}
      <span class=sf-dump-index>6</span> => <span class=\"sf-dump-note sf-dump-ellipsization\" title=\"App\\Models\\Utilisateur
\"><span class=\"sf-dump-ellipsis sf-dump-ellipsis-note\">App\\Models</span><span class=\"sf-dump-ellipsis sf-dump-ellipsis-note\">\\</span><span class=\"sf-dump-ellipsis-tail\">Utilisateur</span></span> {<a class=sf-dump-ref>#1335</a> &#8230;30}
      <span class=sf-dump-index>7</span> => <span class=\"sf-dump-note sf-dump-ellipsization\" title=\"App\\Models\\Utilisateur
\"><span class=\"sf-dump-ellipsis sf-dump-ellipsis-note\">App\\Models</span><span class=\"sf-dump-ellipsis sf-dump-ellipsis-note\">\\</span><span class=\"sf-dump-ellipsis-tail\">Utilisateur</span></span> {<a class=sf-dump-ref>#1336</a> &#8230;30}
      <span class=sf-dump-index>8</span> => <span class=\"sf-dump-note sf-dump-ellipsization\" title=\"App\\Models\\Utilisateur
\"><span class=\"sf-dump-ellipsis sf-dump-ellipsis-note\">App\\Models</span><span class=\"sf-dump-ellipsis sf-dump-ellipsis-note\">\\</span><span class=\"sf-dump-ellipsis-tail\">Utilisateur</span></span> {<a class=sf-dump-ref>#1337</a> &#8230;30}
      <span class=sf-dump-index>9</span> => <span class=\"sf-dump-note sf-dump-ellipsization\" title=\"App\\Models\\Utilisateur
\"><span class=\"sf-dump-ellipsis sf-dump-ellipsis-note\">App\\Models</span><span class=\"sf-dump-ellipsis sf-dump-ellipsis-note\">\\</span><span class=\"sf-dump-ellipsis-tail\">Utilisateur</span></span> {<a class=sf-dump-ref>#1338</a> &#8230;30}
    </samp>]
    #<span class=sf-dump-protected title=\"Protected property\">escapeWhenCastingToString</span>: <span class=sf-dump-const>false</span>
  </samp>}
  #<span class=sf-dump-protected title=\"Protected property\">perPage</span>: <span class=sf-dump-num>10</span>
  #<span class=sf-dump-protected title=\"Protected property\">currentPage</span>: <span class=sf-dump-num>1</span>
  #<span class=sf-dump-protected title=\"Protected property\">path</span>: \"<span class=sf-dump-str title=\"34 characters\">http://127.0.0.1:8000/utilisateurs</span>\"
  #<span class=sf-dump-protected title=\"Protected property\">query</span>: []
  #<span class=sf-dump-protected title=\"Protected property\">fragment</span>: <span class=sf-dump-const>null</span>
  #<span class=sf-dump-protected title=\"Protected property\">pageName</span>: \"<span class=sf-dump-str title=\"4 characters\">page</span>\"
  +<span class=sf-dump-public title=\"Public property\">onEachSide</span>: <span class=sf-dump-num>1</span>
  #<span class=sf-dump-protected title=\"Protected property\">options</span>: <span class=sf-dump-note>array:2</span> [<samp data-depth=2 class=sf-dump-compact>
    \"<span class=sf-dump-key>path</span>\" => \"<span class=sf-dump-str title=\"34 characters\">http://127.0.0.1:8000/utilisateurs</span>\"
    \"<span class=sf-dump-key>pageName</span>\" => \"<span class=sf-dump-str title=\"4 characters\">page</span>\"
  </samp>]
  #<span class=sf-dump-protected title=\"Protected property\">total</span>: <span class=sf-dump-num>21</span>
  #<span class=sf-dump-protected title=\"Protected property\">lastPage</span>: <span class=sf-dump-num>3</span>
</samp>}
</pre><script>Sfdump(\"sf-dump-1560630546\", {\"maxDepth\":3,\"maxStringLength\":160})</script>
","utilisateur":"<pre class=sf-dump id=sf-dump-1994401236 data-indent-pad=\"  \"><span class=sf-dump-note>App\\Models\\Utilisateur</span> {<a class=sf-dump-ref>#1338</a><samp data-depth=1 class=sf-dump-expanded>
  #<span class=sf-dump-protected title=\"Protected property\">connection</span>: \"<span class=sf-dump-str title=\"5 characters\">mysql</span>\"
  #<span class=sf-dump-protected title=\"Protected property\">table</span>: \"<span class=sf-dump-str title=\"12 characters\">utilisateurs</span>\"
  #<span class=sf-dump-protected title=\"Protected property\">primaryKey</span>: \"<span class=sf-dump-str title=\"2 characters\">id</span>\"
  #<span class=sf-dump-protected title=\"Protected property\">keyType</span>: \"<span class=sf-dump-str title=\"3 characters\">int</span>\"
  +<span class=sf-dump-public title=\"Public property\">incrementing</span>: <span class=sf-dump-const>true</span>
  #<span class=sf-dump-protected title=\"Protected property\">with</span>: []
  #<span class=sf-dump-protected title=\"Protected property\">withCount</span>: []
  +<span class=sf-dump-public title=\"Public property\">preventsLazyLoading</span>: <span class=sf-dump-const>false</span>
  #<span class=sf-dump-protected title=\"Protected property\">perPage</span>: <span class=sf-dump-num>15</span>
  +<span class=sf-dump-public title=\"Public property\">exists</span>: <span class=sf-dump-const>true</span>
  +<span class=sf-dump-public title=\"Public property\">wasRecentlyCreated</span>: <span class=sf-dump-const>false</span>
  #<span class=sf-dump-protected title=\"Protected property\">escapeWhenCastingToString</span>: <span class=sf-dump-const>false</span>
  #<span class=sf-dump-protected title=\"Protected property\">attributes</span>: <span class=sf-dump-note>array:12</span> [<samp data-depth=2 class=sf-dump-compact>
    \"<span class=sf-dump-key>id_utilisateur</span>\" => <span class=sf-dump-num>10</span>
    \"<span class=sf-dump-key>nom</span>\" => \"<span class=sf-dump-str title=\"9 characters\">Rosenbaum</span>\"
    \"<span class=sf-dump-key>prenom</span>\" => \"<span class=sf-dump-str title=\"6 characters\">Roslyn</span>\"
    \"<span class=sf-dump-key>email</span>\" => \"<span class=sf-dump-str title=\"29 characters\">jerrell.greenholt@example.org</span>\"
    \"<span class=sf-dump-key>mot_de_passe</span>\" => \"<span class=sf-dump-str title=\"60 characters\">$2y$12$6p3CiIszwJ5ub25v/RERa.wXStv7VQxOtCSWvDIHgZuPkAY0WY4gK</span>\"
    \"<span class=sf-dump-key>telephone</span>\" => \"<span class=sf-dump-str title=\"15 characters\">+1-341-756-7999</span>\"
    \"<span class=sf-dump-key>adresse</span>\" => \"\"\"
      <span class=sf-dump-str title=\"41 characters\">14299 Tina Forges<span class=\"sf-dump-default sf-dump-ns\">\\n</span></span>
      <span class=sf-dump-str title=\"41 characters\">North Melyssa, AR 16531</span>
      \"\"\"
    \"<span class=sf-dump-key>ville</span>\" => \"<span class=sf-dump-str title=\"9 characters\">Port Pete</span>\"
    \"<span class=sf-dump-key>code_postal</span>\" => \"<span class=sf-dump-str title=\"5 characters\">21684</span>\"
    \"<span class=sf-dump-key>type_utilisateur</span>\" => \"<span class=sf-dump-str title=\"6 characters\">client</span>\"
    \"<span class=sf-dump-key>created_at</span>\" => \"<span class=sf-dump-str title=\"19 characters\">2025-03-23 15:45:28</span>\"
    \"<span class=sf-dump-key>updated_at</span>\" => \"<span class=sf-dump-str title=\"19 characters\">2025-03-23 15:45:28</span>\"
  </samp>]
  #<span class=sf-dump-protected title=\"Protected property\">original</span>: <span class=sf-dump-note>array:12</span> [<samp data-depth=2 class=sf-dump-compact>
    \"<span class=sf-dump-key>id_utilisateur</span>\" => <span class=sf-dump-num>10</span>
    \"<span class=sf-dump-key>nom</span>\" => \"<span class=sf-dump-str title=\"9 characters\">Rosenbaum</span>\"
    \"<span class=sf-dump-key>prenom</span>\" => \"<span class=sf-dump-str title=\"6 characters\">Roslyn</span>\"
    \"<span class=sf-dump-key>email</span>\" => \"<span class=sf-dump-str title=\"29 characters\">jerrell.greenholt@example.org</span>\"
    \"<span class=sf-dump-key>mot_de_passe</span>\" => \"<span class=sf-dump-str title=\"60 characters\">$2y$12$6p3CiIszwJ5ub25v/RERa.wXStv7VQxOtCSWvDIHgZuPkAY0WY4gK</span>\"
    \"<span class=sf-dump-key>telephone</span>\" => \"<span class=sf-dump-str title=\"15 characters\">+1-341-756-7999</span>\"
    \"<span class=sf-dump-key>adresse</span>\" => \"\"\"
      <span class=sf-dump-str title=\"41 characters\">14299 Tina Forges<span class=\"sf-dump-default sf-dump-ns\">\\n</span></span>
      <span class=sf-dump-str title=\"41 characters\">North Melyssa, AR 16531</span>
      \"\"\"
    \"<span class=sf-dump-key>ville</span>\" => \"<span class=sf-dump-str title=\"9 characters\">Port Pete</span>\"
    \"<span class=sf-dump-key>code_postal</span>\" => \"<span class=sf-dump-str title=\"5 characters\">21684</span>\"
    \"<span class=sf-dump-key>type_utilisateur</span>\" => \"<span class=sf-dump-str title=\"6 characters\">client</span>\"
    \"<span class=sf-dump-key>created_at</span>\" => \"<span class=sf-dump-str title=\"19 characters\">2025-03-23 15:45:28</span>\"
    \"<span class=sf-dump-key>updated_at</span>\" => \"<span class=sf-dump-str title=\"19 characters\">2025-03-23 15:45:28</span>\"
  </samp>]
  #<span class=sf-dump-protected title=\"Protected property\">changes</span>: []
  #<span class=sf-dump-protected title=\"Protected property\">casts</span>: []
  #<span class=sf-dump-protected title=\"Protected property\">classCastCache</span>: []
  #<span class=sf-dump-protected title=\"Protected property\">attributeCastCache</span>: []
  #<span class=sf-dump-protected title=\"Protected property\">dateFormat</span>: <span class=sf-dump-const>null</span>
  #<span class=sf-dump-protected title=\"Protected property\">appends</span>: []
  #<span class=sf-dump-protected title=\"Protected property\">dispatchesEvents</span>: []
  #<span class=sf-dump-protected title=\"Protected property\">observables</span>: []
  #<span class=sf-dump-protected title=\"Protected property\">relations</span>: []
  #<span class=sf-dump-protected title=\"Protected property\">touches</span>: []
  +<span class=sf-dump-public title=\"Public property\">timestamps</span>: <span class=sf-dump-const>true</span>
  +<span class=sf-dump-public title=\"Public property\">usesUniqueIds</span>: <span class=sf-dump-const>false</span>
  #<span class=sf-dump-protected title=\"Protected property\">hidden</span>: []
  #<span class=sf-dump-protected title=\"Protected property\">visible</span>: []
  #<span class=sf-dump-protected title=\"Protected property\">fillable</span>: []
  #<span class=sf-dump-protected title=\"Protected property\">guarded</span>: <span class=sf-dump-note>array:1</span> [<samp data-depth=2 class=sf-dump-compact>
    <span class=sf-dump-index>0</span> => \"<span class=sf-dump-str>*</span>\"
  </samp>]
</samp>}
</pre><script>Sfdump(\"sf-dump-1994401236\", {\"maxDepth\":3,\"maxStringLength\":160})</script>
","loop":"<pre class=sf-dump id=sf-dump-1610026138 data-indent-pad=\"  \"><span class=sf-dump-const>null</span>
</pre><script>Sfdump(\"sf-dump-1610026138\", {\"maxDepth\":3,\"maxStringLength\":160})</script>
"}},"exception":"[object] (Spatie\\LaravelIgnition\\Exceptions\\ViewException(code: 0): Undefined variable $page at D:\\code\\test\\resources\\views\\layouts\\app.blade.php:14)
[stacktrace]
#0 D:\\code\\test\\vendor\\laravel\\framework\\src\\Illuminate\\Filesystem\\Filesystem.php(123): require('D:\\\\code\\\\test\\\\st...')
#1 D:\\code\\test\\vendor\\laravel\\framework\\src\\Illuminate\\Filesystem\\Filesystem.php(124): Illuminate\\Filesystem\\Filesystem::Illuminate\\Filesystem\\{closure}()
#2 D:\\code\\test\\vendor\\laravel\\framework\\src\\Illuminate\\View\\Engines\\PhpEngine.php(58): Illuminate\\Filesystem\\Filesystem->getRequire('D:\\\\code\\\\test\\\\st...', Array)
#3 D:\\code\\test\\vendor\\laravel\\framework\\src\\Illuminate\\View\\Engines\\CompilerEngine.php(72): Illuminate\\View\\Engines\\PhpEngine->evaluatePath('D:\\\\code\\\\test\\\\st...', Array)
#4 D:\\code\\test\\vendor\\laravel\\framework\\src\\Illuminate\\View\\View.php(207): Illuminate\\View\\Engines\\CompilerEngine->get('D:\\\\code\\\\test\\\\re...', Array)
#5 D:\\code\\test\\vendor\\laravel\\framework\\src\\Illuminate\\View\\View.php(190): Illuminate\\View\\View->getContents()
#6 D:\\code\\test\\vendor\\laravel\\framework\\src\\Illuminate\\View\\View.php(159): Illuminate\\View\\View->renderContents()
#7 D:\\code\\test\\resources\\views\\utilisateurs\\index.blade.php(58): Illuminate\\View\\View->render()
#8 D:\\code\\test\\vendor\\laravel\\framework\\src\\Illuminate\\Filesystem\\Filesystem.php(123): require('D:\\\\code\\\\test\\\\st...')
#9 D:\\code\\test\\vendor\\laravel\\framework\\src\\Illuminate\\Filesystem\\Filesystem.php(124): Illuminate\\Filesystem\\Filesystem::Illuminate\\Filesystem\\{closure}()
#10 D:\\code\\test\\vendor\\laravel\\framework\\src\\Illuminate\\View\\Engines\\PhpEngine.php(58): Illuminate\\Filesystem\\Filesystem->getRequire('D:\\\\code\\\\test\\\\st...', Array)
#11 D:\\code\\test\\vendor\\laravel\\framework\\src\\Illuminate\\View\\Engines\\CompilerEngine.php(72): Illuminate\\View\\Engines\\PhpEngine->evaluatePath('D:\\\\code\\\\test\\\\st...', Array)
#12 D:\\code\\test\\vendor\\laravel\\framework\\src\\Illuminate\\View\\View.php(207): Illuminate\\View\\Engines\\CompilerEngine->get('D:\\\\code\\\\test\\\\re...', Array)
#13 D:\\code\\test\\vendor\\laravel\\framework\\src\\Illuminate\\View\\View.php(190): Illuminate\\View\\View->getContents()
#14 D:\\code\\test\\vendor\\laravel\\framework\\src\\Illuminate\\View\\View.php(159): Illuminate\\View\\View->renderContents()
#15 D:\\code\\test\\vendor\\laravel\\framework\\src\\Illuminate\\Http\\Response.php(69): Illuminate\\View\\View->render()
#16 D:\\code\\test\\vendor\\laravel\\framework\\src\\Illuminate\\Http\\Response.php(35): Illuminate\\Http\\Response->setContent(Object(Illuminate\\View\\View))
#17 D:\\code\\test\\vendor\\laravel\\framework\\src\\Illuminate\\Routing\\Router.php(918): Illuminate\\Http\\Response->__construct(Object(Illuminate\\View\\View), 200, Array)
#18 D:\\code\\test\\vendor\\laravel\\framework\\src\\Illuminate\\Routing\\Router.php(885): Illuminate\\Routing\\Router::toResponse(Object(Illuminate\\Http\\Request), Object(Illuminate\\View\\View))
#19 D:\\code\\test\\vendor\\laravel\\framework\\src\\Illuminate\\Routing\\Router.php(806): Illuminate\\Routing\\Router->prepareResponse(Object(Illuminate\\Http\\Request), Object(Illuminate\\View\\View))
#20 D:\\code\\test\\vendor\\laravel\\framework\\src\\Illuminate\\Pipeline\\Pipeline.php(144): Illuminate\\Routing\\Router->Illuminate\\Routing\\{closure}(Object(Illuminate\\Http\\Request))
#21 D:\\code\\test\\vendor\\laravel\\framework\\src\\Illuminate\\Http\\Middleware\\AddLinkHeadersForPreloadedAssets.php(20): Illuminate\\Pipeline\\Pipeline->Illuminate\\Pipeline\\{closure}(Object(Illuminate\\Http\\Request))
#22 D:\\code\\test\\vendor\\laravel\\framework\\src\\Illuminate\\Pipeline\\Pipeline.php(183): Illuminate\\Http\\Middleware\\AddLinkHeadersForPreloadedAssets->handle(Object(Illuminate\\Http\\Request), Object(Closure))
#23 D:\\code\\test\\vendor\\inertiajs\\inertia-laravel\\src\\Middleware.php(87): Illuminate\\Pipeline\\Pipeline->Illuminate\\Pipeline\\{closure}(Object(Illuminate\\Http\\Request))
#24 D:\\code\\test\\vendor\\laravel\\framework\\src\\Illuminate\\Pipeline\\Pipeline.php(183): Inertia\\Middleware->handle(Object(Illuminate\\Http\\Request), Object(Closure))
#25 D:\\code\\test\\vendor\\laravel\\framework\\src\\Illuminate\\Routing\\Middleware\\SubstituteBindings.php(50): Illuminate\\Pipeline\\Pipeline->Illuminate\\Pipeline\\{closure}(Object(Illuminate\\Http\\Request))
#26 D:\\code\\test\\vendor\\laravel\\framework\\src\\Illuminate\\Pipeline\\Pipeline.php(183): Illuminate\\Routing\\Middleware\\SubstituteBindings->handle(Object(Illuminate\\Http\\Request), Object(Closure))
#27 D:\\code\\test\\vendor\\laravel\\framework\\src\\Illuminate\\Foundation\\Http\\Middleware\\VerifyCsrfToken.php(78): Illuminate\\Pipeline\\Pipeline->Illuminate\\Pipeline\\{closure}(Object(Illuminate\\Http\\Request))
#28 D:\\code\\test\\vendor\\laravel\\framework\\src\\Illuminate\\Pipeline\\Pipeline.php(183): Illuminate\\Foundation\\Http\\Middleware\\VerifyCsrfToken->handle(Object(Illuminate\\Http\\Request), Object(Closure))
#29 D:\\code\\test\\vendor\\laravel\\framework\\src\\Illuminate\\View\\Middleware\\ShareErrorsFromSession.php(49): Illuminate\\Pipeline\\Pipeline->Illuminate\\Pipeline\\{closure}(Object(Illuminate\\Http\\Request))
#30 D:\\code\\test\\vendor\\laravel\\framework\\src\\Illuminate\\Pipeline\\Pipeline.php(183): Illuminate\\View\\Middleware\\ShareErrorsFromSession->handle(Object(Illuminate\\Http\\Request), Object(Closure))
#31 D:\\code\\test\\vendor\\laravel\\framework\\src\\Illuminate\\Session\\Middleware\\StartSession.php(121): Illuminate\\Pipeline\\Pipeline->Illuminate\\Pipeline\\{closure}(Object(Illuminate\\Http\\Request))
#32 D:\\code\\test\\vendor\\laravel\\framework\\src\\Illuminate\\Session\\Middleware\\StartSession.php(64): Illuminate\\Session\\Middleware\\StartSession->handleStatefulRequest(Object(Illuminate\\Http\\Request), Object(Illuminate\\Session\\Store), Object(Closure))
#33 D:\\code\\test\\vendor\\laravel\\framework\\src\\Illuminate\\Pipeline\\Pipeline.php(183): Illuminate\\Session\\Middleware\\StartSession->handle(Object(Illuminate\\Http\\Request), Object(Closure))
#34 D:\\code\\test\\vendor\\laravel\\framework\\src\\Illuminate\\Cookie\\Middleware\\AddQueuedCookiesToResponse.php(37): Illuminate\\Pipeline\\Pipeline->Illuminate\\Pipeline\\{closure}(Object(Illuminate\\Http\\Request))
#35 D:\\code\\test\\vendor\\laravel\\framework\\src\\Illuminate\\Pipeline\\Pipeline.php(183): Illuminate\\Cookie\\Middleware\\AddQueuedCookiesToResponse->handle(Object(Illuminate\\Http\\Request), Object(Closure))
#36 D:\\code\\test\\vendor\\laravel\\framework\\src\\Illuminate\\Cookie\\Middleware\\EncryptCookies.php(67): Illuminate\\Pipeline\\Pipeline->Illuminate\\Pipeline\\{closure}(Object(Illuminate\\Http\\Request))
#37 D:\\code\\test\\vendor\\laravel\\framework\\src\\Illuminate\\Pipeline\\Pipeline.php(183): Illuminate\\Cookie\\Middleware\\EncryptCookies->handle(Object(Illuminate\\Http\\Request), Object(Closure))
#38 D:\\code\\test\\vendor\\laravel\\framework\\src\\Illuminate\\Pipeline\\Pipeline.php(119): Illuminate\\Pipeline\\Pipeline->Illuminate\\Pipeline\\{closure}(Object(Illuminate\\Http\\Request))
#39 D:\\code\\test\\vendor\\laravel\\framework\\src\\Illuminate\\Routing\\Router.php(807): Illuminate\\Pipeline\\Pipeline->then(Object(Closure))
#40 D:\\code\\test\\vendor\\laravel\\framework\\src\\Illuminate\\Routing\\Router.php(784): Illuminate\\Routing\\Router->runRouteWithinStack(Object(Illuminate\\Routing\\Route), Object(Illuminate\\Http\\Request))
#41 D:\\code\\test\\vendor\\laravel\\framework\\src\\Illuminate\\Routing\\Router.php(748): Illuminate\\Routing\\Router->runRoute(Object(Illuminate\\Http\\Request), Object(Illuminate\\Routing\\Route))
#42 D:\\code\\test\\vendor\\laravel\\framework\\src\\Illuminate\\Routing\\Router.php(737): Illuminate\\Routing\\Router->dispatchToRoute(Object(Illuminate\\Http\\Request))
#43 D:\\code\\test\\vendor\\laravel\\framework\\src\\Illuminate\\Foundation\\Http\\Kernel.php(200): Illuminate\\Routing\\Router->dispatch(Object(Illuminate\\Http\\Request))
#44 D:\\code\\test\\vendor\\laravel\\framework\\src\\Illuminate\\Pipeline\\Pipeline.php(144): Illuminate\\Foundation\\Http\\Kernel->Illuminate\\Foundation\\Http\\{closure}(Object(Illuminate\\Http\\Request))
#45 D:\\code\\test\\vendor\\laravel\\framework\\src\\Illuminate\\Foundation\\Http\\Middleware\\TransformsRequest.php(21): Illuminate\\Pipeline\\Pipeline->Illuminate\\Pipeline\\{closure}(Object(Illuminate\\Http\\Request))
#46 D:\\code\\test\\vendor\\laravel\\framework\\src\\Illuminate\\Foundation\\Http\\Middleware\\ConvertEmptyStringsToNull.php(31): Illuminate\\Foundation\\Http\\Middleware\\TransformsRequest->handle(Object(Illuminate\\Http\\Request), Object(Closure))
#47 D:\\code\\test\\vendor\\laravel\\framework\\src\\Illuminate\\Pipeline\\Pipeline.php(183): Illuminate\\Foundation\\Http\\Middleware\\ConvertEmptyStringsToNull->handle(Object(Illuminate\\Http\\Request), Object(Closure))
#48 D:\\code\\test\\vendor\\laravel\\framework\\src\\Illuminate\\Foundation\\Http\\Middleware\\TransformsRequest.php(21): Illuminate\\Pipeline\\Pipeline->Illuminate\\Pipeline\\{closure}(Object(Illuminate\\Http\\Request))
#49 D:\\code\\test\\vendor\\laravel\\framework\\src\\Illuminate\\Foundation\\Http\\Middleware\\TrimStrings.php(40): Illuminate\\Foundation\\Http\\Middleware\\TransformsRequest->handle(Object(Illuminate\\Http\\Request), Object(Closure))
#50 D:\\code\\test\\vendor\\laravel\\framework\\src\\Illuminate\\Pipeline\\Pipeline.php(183): Illuminate\\Foundation\\Http\\Middleware\\TrimStrings->handle(Object(Illuminate\\Http\\Request), Object(Closure))
#51 D:\\code\\test\\vendor\\laravel\\framework\\src\\Illuminate\\Foundation\\Http\\Middleware\\ValidatePostSize.php(27): Illuminate\\Pipeline\\Pipeline->Illuminate\\Pipeline\\{closure}(Object(Illuminate\\Http\\Request))
#52 D:\\code\\test\\vendor\\laravel\\framework\\src\\Illuminate\\Pipeline\\Pipeline.php(183): Illuminate\\Foundation\\Http\\Middleware\\ValidatePostSize->handle(Object(Illuminate\\Http\\Request), Object(Closure))
#53 D:\\code\\test\\vendor\\laravel\\framework\\src\\Illuminate\\Foundation\\Http\\Middleware\\PreventRequestsDuringMaintenance.php(99): Illuminate\\Pipeline\\Pipeline->Illuminate\\Pipeline\\{closure}(Object(Illuminate\\Http\\Request))
#54 D:\\code\\test\\vendor\\laravel\\framework\\src\\Illuminate\\Pipeline\\Pipeline.php(183): Illuminate\\Foundation\\Http\\Middleware\\PreventRequestsDuringMaintenance->handle(Object(Illuminate\\Http\\Request), Object(Closure))
#55 D:\\code\\test\\vendor\\laravel\\framework\\src\\Illuminate\\Http\\Middleware\\HandleCors.php(49): Illuminate\\Pipeline\\Pipeline->Illuminate\\Pipeline\\{closure}(Object(Illuminate\\Http\\Request))
#56 D:\\code\\test\\vendor\\laravel\\framework\\src\\Illuminate\\Pipeline\\Pipeline.php(183): Illuminate\\Http\\Middleware\\HandleCors->handle(Object(Illuminate\\Http\\Request), Object(Closure))
#57 D:\\code\\test\\vendor\\laravel\\framework\\src\\Illuminate\\Http\\Middleware\\TrustProxies.php(39): Illuminate\\Pipeline\\Pipeline->Illuminate\\Pipeline\\{closure}(Object(Illuminate\\Http\\Request))
#58 D:\\code\\test\\vendor\\laravel\\framework\\src\\Illuminate\\Pipeline\\Pipeline.php(183): Illuminate\\Http\\Middleware\\TrustProxies->handle(Object(Illuminate\\Http\\Request), Object(Closure))
#59 D:\\code\\test\\vendor\\laravel\\framework\\src\\Illuminate\\Pipeline\\Pipeline.php(119): Illuminate\\Pipeline\\Pipeline->Illuminate\\Pipeline\\{closure}(Object(Illuminate\\Http\\Request))
#60 D:\\code\\test\\vendor\\laravel\\framework\\src\\Illuminate\\Foundation\\Http\\Kernel.php(175): Illuminate\\Pipeline\\Pipeline->then(Object(Closure))
#61 D:\\code\\test\\vendor\\laravel\\framework\\src\\Illuminate\\Foundation\\Http\\Kernel.php(144): Illuminate\\Foundation\\Http\\Kernel->sendRequestThroughRouter(Object(Illuminate\\Http\\Request))
#62 D:\\code\\test\\public\\index.php(52): Illuminate\\Foundation\\Http\\Kernel->handle(Object(Illuminate\\Http\\Request))
#63 D:\\code\\test\\vendor\\laravel\\framework\\src\\Illuminate\\Foundation\\resources\\server.php(16): require_once('D:\\\\code\\\\test\\\\pu...')
#64 {main}

[previous exception] [object] (ErrorException(code: 0): Undefined variable $page at D:\\code\\test\\storage\\framework\\views\\33ca4c329d1125844323c7f95332907f.php:14)
[stacktrace]
#0 D:\\code\\test\\vendor\\laravel\\framework\\src\\Illuminate\\Foundation\\Bootstrap\\HandleExceptions.php(255): Illuminate\\Foundation\\Bootstrap\\HandleExceptions->handleError(2, 'Undefined varia...', 'D:\\\\code\\\\test\\\\st...', 14)
#1 D:\\code\\test\\storage\\framework\\views\\33ca4c329d1125844323c7f95332907f.php(14): Illuminate\\Foundation\\Bootstrap\\HandleExceptions->Illuminate\\Foundation\\Bootstrap\\{closure}(2, 'Undefined varia...', 'D:\\\\code\\\\test\\\\st...', 14)
#2 D:\\code\\test\\vendor\\laravel\\framework\\src\\Illuminate\\Filesystem\\Filesystem.php(123): require('D:\\\\code\\\\test\\\\st...')
#3 D:\\code\\test\\vendor\\laravel\\framework\\src\\Illuminate\\Filesystem\\Filesystem.php(124): Illuminate\\Filesystem\\Filesystem::Illuminate\\Filesystem\\{closure}()
#4 D:\\code\\test\\vendor\\laravel\\framework\\src\\Illuminate\\View\\Engines\\PhpEngine.php(58): Illuminate\\Filesystem\\Filesystem->getRequire('D:\\\\code\\\\test\\\\st...', Array)
#5 D:\\code\\test\\vendor\\laravel\\framework\\src\\Illuminate\\View\\Engines\\CompilerEngine.php(72): Illuminate\\View\\Engines\\PhpEngine->evaluatePath('D:\\\\code\\\\test\\\\st...', Array)
#6 D:\\code\\test\\vendor\\laravel\\framework\\src\\Illuminate\\View\\View.php(207): Illuminate\\View\\Engines\\CompilerEngine->get('D:\\\\code\\\\test\\\\re...', Array)
#7 D:\\code\\test\\vendor\\laravel\\framework\\src\\Illuminate\\View\\View.php(190): Illuminate\\View\\View->getContents()
#8 D:\\code\\test\\vendor\\laravel\\framework\\src\\Illuminate\\View\\View.php(159): Illuminate\\View\\View->renderContents()
#9 D:\\code\\test\\storage\\framework\\views\\dbd4836c57b6d97aa3d0878fdf3a7d8d.php(62): Illuminate\\View\\View->render()
#10 D:\\code\\test\\vendor\\laravel\\framework\\src\\Illuminate\\Filesystem\\Filesystem.php(123): require('D:\\\\code\\\\test\\\\st...')
#11 D:\\code\\test\\vendor\\laravel\\framework\\src\\Illuminate\\Filesystem\\Filesystem.php(124): Illuminate\\Filesystem\\Filesystem::Illuminate\\Filesystem\\{closure}()
#12 D:\\code\\test\\vendor\\laravel\\framework\\src\\Illuminate\\View\\Engines\\PhpEngine.php(58): Illuminate\\Filesystem\\Filesystem->getRequire('D:\\\\code\\\\test\\\\st...', Array)
#13 D:\\code\\test\\vendor\\laravel\\framework\\src\\Illuminate\\View\\Engines\\CompilerEngine.php(72): Illuminate\\View\\Engines\\PhpEngine->evaluatePath('D:\\\\code\\\\test\\\\st...', Array)
#14 D:\\code\\test\\vendor\\laravel\\framework\\src\\Illuminate\\View\\View.php(207): Illuminate\\View\\Engines\\CompilerEngine->get('D:\\\\code\\\\test\\\\re...', Array)
#15 D:\\code\\test\\vendor\\laravel\\framework\\src\\Illuminate\\View\\View.php(190): Illuminate\\View\\View->getContents()
#16 D:\\code\\test\\vendor\\laravel\\framework\\src\\Illuminate\\View\\View.php(159): Illuminate\\View\\View->renderContents()
#17 D:\\code\\test\\vendor\\laravel\\framework\\src\\Illuminate\\Http\\Response.php(69): Illuminate\\View\\View->render()
#18 D:\\code\\test\\vendor\\laravel\\framework\\src\\Illuminate\\Http\\Response.php(35): Illuminate\\Http\\Response->setContent(Object(Illuminate\\View\\View))
#19 D:\\code\\test\\vendor\\laravel\\framework\\src\\Illuminate\\Routing\\Router.php(918): Illuminate\\Http\\Response->__construct(Object(Illuminate\\View\\View), 200, Array)
#20 D:\\code\\test\\vendor\\laravel\\framework\\src\\Illuminate\\Routing\\Router.php(885): Illuminate\\Routing\\Router::toResponse(Object(Illuminate\\Http\\Request), Object(Illuminate\\View\\View))
#21 D:\\code\\test\\vendor\\laravel\\framework\\src\\Illuminate\\Routing\\Router.php(806): Illuminate\\Routing\\Router->prepareResponse(Object(Illuminate\\Http\\Request), Object(Illuminate\\View\\View))
#22 D:\\code\\test\\vendor\\laravel\\framework\\src\\Illuminate\\Pipeline\\Pipeline.php(144): Illuminate\\Routing\\Router->Illuminate\\Routing\\{closure}(Object(Illuminate\\Http\\Request))
#23 D:\\code\\test\\vendor\\laravel\\framework\\src\\Illuminate\\Http\\Middleware\\AddLinkHeadersForPreloadedAssets.php(20): Illuminate\\Pipeline\\Pipeline->Illuminate\\Pipeline\\{closure}(Object(Illuminate\\Http\\Request))
#24 D:\\code\\test\\vendor\\laravel\\framework\\src\\Illuminate\\Pipeline\\Pipeline.php(183): Illuminate\\Http\\Middleware\\AddLinkHeadersForPreloadedAssets->handle(Object(Illuminate\\Http\\Request), Object(Closure))
#25 D:\\code\\test\\vendor\\inertiajs\\inertia-laravel\\src\\Middleware.php(87): Illuminate\\Pipeline\\Pipeline->Illuminate\\Pipeline\\{closure}(Object(Illuminate\\Http\\Request))
#26 D:\\code\\test\\vendor\\laravel\\framework\\src\\Illuminate\\Pipeline\\Pipeline.php(183): Inertia\\Middleware->handle(Object(Illuminate\\Http\\Request), Object(Closure))
#27 D:\\code\\test\\vendor\\laravel\\framework\\src\\Illuminate\\Routing\\Middleware\\SubstituteBindings.php(50): Illuminate\\Pipeline\\Pipeline->Illuminate\\Pipeline\\{closure}(Object(Illuminate\\Http\\Request))
#28 D:\\code\\test\\vendor\\laravel\\framework\\src\\Illuminate\\Pipeline\\Pipeline.php(183): Illuminate\\Routing\\Middleware\\SubstituteBindings->handle(Object(Illuminate\\Http\\Request), Object(Closure))
#29 D:\\code\\test\\vendor\\laravel\\framework\\src\\Illuminate\\Foundation\\Http\\Middleware\\VerifyCsrfToken.php(78): Illuminate\\Pipeline\\Pipeline->Illuminate\\Pipeline\\{closure}(Object(Illuminate\\Http\\Request))
#30 D:\\code\\test\\vendor\\laravel\\framework\\src\\Illuminate\\Pipeline\\Pipeline.php(183): Illuminate\\Foundation\\Http\\Middleware\\VerifyCsrfToken->handle(Object(Illuminate\\Http\\Request), Object(Closure))
#31 D:\\code\\test\\vendor\\laravel\\framework\\src\\Illuminate\\View\\Middleware\\ShareErrorsFromSession.php(49): Illuminate\\Pipeline\\Pipeline->Illuminate\\Pipeline\\{closure}(Object(Illuminate\\Http\\Request))
#32 D:\\code\\test\\vendor\\laravel\\framework\\src\\Illuminate\\Pipeline\\Pipeline.php(183): Illuminate\\View\\Middleware\\ShareErrorsFromSession->handle(Object(Illuminate\\Http\\Request), Object(Closure))
#33 D:\\code\\test\\vendor\\laravel\\framework\\src\\Illuminate\\Session\\Middleware\\StartSession.php(121): Illuminate\\Pipeline\\Pipeline->Illuminate\\Pipeline\\{closure}(Object(Illuminate\\Http\\Request))
#34 D:\\code\\test\\vendor\\laravel\\framework\\src\\Illuminate\\Session\\Middleware\\StartSession.php(64): Illuminate\\Session\\Middleware\\StartSession->handleStatefulRequest(Object(Illuminate\\Http\\Request), Object(Illuminate\\Session\\Store), Object(Closure))
#35 D:\\code\\test\\vendor\\laravel\\framework\\src\\Illuminate\\Pipeline\\Pipeline.php(183): Illuminate\\Session\\Middleware\\StartSession->handle(Object(Illuminate\\Http\\Request), Object(Closure))
#36 D:\\code\\test\\vendor\\laravel\\framework\\src\\Illuminate\\Cookie\\Middleware\\AddQueuedCookiesToResponse.php(37): Illuminate\\Pipeline\\Pipeline->Illuminate\\Pipeline\\{closure}(Object(Illuminate\\Http\\Request))
#37 D:\\code\\test\\vendor\\laravel\\framework\\src\\Illuminate\\Pipeline\\Pipeline.php(183): Illuminate\\Cookie\\Middleware\\AddQueuedCookiesToResponse->handle(Object(Illuminate\\Http\\Request), Object(Closure))
#38 D:\\code\\test\\vendor\\laravel\\framework\\src\\Illuminate\\Cookie\\Middleware\\EncryptCookies.php(67): Illuminate\\Pipeline\\Pipeline->Illuminate\\Pipeline\\{closure}(Object(Illuminate\\Http\\Request))
#39 D:\\code\\test\\vendor\\laravel\\framework\\src\\Illuminate\\Pipeline\\Pipeline.php(183): Illuminate\\Cookie\\Middleware\\EncryptCookies->handle(Object(Illuminate\\Http\\Request), Object(Closure))
#40 D:\\code\\test\\vendor\\laravel\\framework\\src\\Illuminate\\Pipeline\\Pipeline.php(119): Illuminate\\Pipeline\\Pipeline->Illuminate\\Pipeline\\{closure}(Object(Illuminate\\Http\\Request))
#41 D:\\code\\test\\vendor\\laravel\\framework\\src\\Illuminate\\Routing\\Router.php(807): Illuminate\\Pipeline\\Pipeline->then(Object(Closure))
#42 D:\\code\\test\\vendor\\laravel\\framework\\src\\Illuminate\\Routing\\Router.php(784): Illuminate\\Routing\\Router->runRouteWithinStack(Object(Illuminate\\Routing\\Route), Object(Illuminate\\Http\\Request))
#43 D:\\code\\test\\vendor\\laravel\\framework\\src\\Illuminate\\Routing\\Router.php(748): Illuminate\\Routing\\Router->runRoute(Object(Illuminate\\Http\\Request), Object(Illuminate\\Routing\\Route))
#44 D:\\code\\test\\vendor\\laravel\\framework\\src\\Illuminate\\Routing\\Router.php(737): Illuminate\\Routing\\Router->dispatchToRoute(Object(Illuminate\\Http\\Request))
#45 D:\\code\\test\\vendor\\laravel\\framework\\src\\Illuminate\\Foundation\\Http\\Kernel.php(200): Illuminate\\Routing\\Router->dispatch(Object(Illuminate\\Http\\Request))
#46 D:\\code\\test\\vendor\\laravel\\framework\\src\\Illuminate\\Pipeline\\Pipeline.php(144): Illuminate\\Foundation\\Http\\Kernel->Illuminate\\Foundation\\Http\\{closure}(Object(Illuminate\\Http\\Request))
#47 D:\\code\\test\\vendor\\laravel\\framework\\src\\Illuminate\\Foundation\\Http\\Middleware\\TransformsRequest.php(21): Illuminate\\Pipeline\\Pipeline->Illuminate\\Pipeline\\{closure}(Object(Illuminate\\Http\\Request))
#48 D:\\code\\test\\vendor\\laravel\\framework\\src\\Illuminate\\Foundation\\Http\\Middleware\\ConvertEmptyStringsToNull.php(31): Illuminate\\Foundation\\Http\\Middleware\\TransformsRequest->handle(Object(Illuminate\\Http\\Request), Object(Closure))
#49 D:\\code\\test\\vendor\\laravel\\framework\\src\\Illuminate\\Pipeline\\Pipeline.php(183): Illuminate\\Foundation\\Http\\Middleware\\ConvertEmptyStringsToNull->handle(Object(Illuminate\\Http\\Request), Object(Closure))
#50 D:\\code\\test\\vendor\\laravel\\framework\\src\\Illuminate\\Foundation\\Http\\Middleware\\TransformsRequest.php(21): Illuminate\\Pipeline\\Pipeline->Illuminate\\Pipeline\\{closure}(Object(Illuminate\\Http\\Request))
#51 D:\\code\\test\\vendor\\laravel\\framework\\src\\Illuminate\\Foundation\\Http\\Middleware\\TrimStrings.php(40): Illuminate\\Foundation\\Http\\Middleware\\TransformsRequest->handle(Object(Illuminate\\Http\\Request), Object(Closure))
#52 D:\\code\\test\\vendor\\laravel\\framework\\src\\Illuminate\\Pipeline\\Pipeline.php(183): Illuminate\\Foundation\\Http\\Middleware\\TrimStrings->handle(Object(Illuminate\\Http\\Request), Object(Closure))
#53 D:\\code\\test\\vendor\\laravel\\framework\\src\\Illuminate\\Foundation\\Http\\Middleware\\ValidatePostSize.php(27): Illuminate\\Pipeline\\Pipeline->Illuminate\\Pipeline\\{closure}(Object(Illuminate\\Http\\Request))
#54 D:\\code\\test\\vendor\\laravel\\framework\\src\\Illuminate\\Pipeline\\Pipeline.php(183): Illuminate\\Foundation\\Http\\Middleware\\ValidatePostSize->handle(Object(Illuminate\\Http\\Request), Object(Closure))
#55 D:\\code\\test\\vendor\\laravel\\framework\\src\\Illuminate\\Foundation\\Http\\Middleware\\PreventRequestsDuringMaintenance.php(99): Illuminate\\Pipeline\\Pipeline->Illuminate\\Pipeline\\{closure}(Object(Illuminate\\Http\\Request))
#56 D:\\code\\test\\vendor\\laravel\\framework\\src\\Illuminate\\Pipeline\\Pipeline.php(183): Illuminate\\Foundation\\Http\\Middleware\\PreventRequestsDuringMaintenance->handle(Object(Illuminate\\Http\\Request), Object(Closure))
#57 D:\\code\\test\\vendor\\laravel\\framework\\src\\Illuminate\\Http\\Middleware\\HandleCors.php(49): Illuminate\\Pipeline\\Pipeline->Illuminate\\Pipeline\\{closure}(Object(Illuminate\\Http\\Request))
#58 D:\\code\\test\\vendor\\laravel\\framework\\src\\Illuminate\\Pipeline\\Pipeline.php(183): Illuminate\\Http\\Middleware\\HandleCors->handle(Object(Illuminate\\Http\\Request), Object(Closure))
#59 D:\\code\\test\\vendor\\laravel\\framework\\src\\Illuminate\\Http\\Middleware\\TrustProxies.php(39): Illuminate\\Pipeline\\Pipeline->Illuminate\\Pipeline\\{closure}(Object(Illuminate\\Http\\Request))
#60 D:\\code\\test\\vendor\\laravel\\framework\\src\\Illuminate\\Pipeline\\Pipeline.php(183): Illuminate\\Http\\Middleware\\TrustProxies->handle(Object(Illuminate\\Http\\Request), Object(Closure))
#61 D:\\code\\test\\vendor\\laravel\\framework\\src\\Illuminate\\Pipeline\\Pipeline.php(119): Illuminate\\Pipeline\\Pipeline->Illuminate\\Pipeline\\{closure}(Object(Illuminate\\Http\\Request))
#62 D:\\code\\test\\vendor\\laravel\\framework\\src\\Illuminate\\Foundation\\Http\\Kernel.php(175): Illuminate\\Pipeline\\Pipeline->then(Object(Closure))
#63 D:\\code\\test\\vendor\\laravel\\framework\\src\\Illuminate\\Foundation\\Http\\Kernel.php(144): Illuminate\\Foundation\\Http\\Kernel->sendRequestThroughRouter(Object(Illuminate\\Http\\Request))
#64 D:\\code\\test\\public\\index.php(52): Illuminate\\Foundation\\Http\\Kernel->handle(Object(Illuminate\\Http\\Request))
#65 D:\\code\\test\\vendor\\laravel\\framework\\src\\Illuminate\\Foundation\\resources\\server.php(16): require_once('D:\\\\code\\\\test\\\\pu...')
#66 {main}
"} 
[2025-04-29 13:07:55] local.ERROR: This password does not use the Bcrypt algorithm. {"exception":"[object] (RuntimeException(code: 0): This password does not use the Bcrypt algorithm. at D:\\code\\test\\vendor\\laravel\\framework\\src\\Illuminate\\Hashing\\BcryptHasher.php:71)
[stacktrace]
#0 D:\\code\\test\\vendor\\laravel\\framework\\src\\Illuminate\\Hashing\\HashManager.php(76): Illuminate\\Hashing\\BcryptHasher->check('caca', 'caca', Array)
#1 D:\\code\\test\\vendor\\laravel\\framework\\src\\Illuminate\\Auth\\EloquentUserProvider.php(155): Illuminate\\Hashing\\HashManager->check('caca', 'caca')
#2 D:\\code\\test\\vendor\\laravel\\framework\\src\\Illuminate\\Auth\\SessionGuard.php(438): Illuminate\\Auth\\EloquentUserProvider->validateCredentials(Object(App\\Models\\Utilisateur), Array)
#3 D:\\code\\test\\vendor\\laravel\\framework\\src\\Illuminate\\Support\\Timebox.php(32): Illuminate\\Auth\\SessionGuard->Illuminate\\Auth\\{closure}(Object(Illuminate\\Support\\Timebox))
#4 D:\\code\\test\\vendor\\laravel\\framework\\src\\Illuminate\\Auth\\SessionGuard.php(447): Illuminate\\Support\\Timebox->call(Object(Closure), 200000)
#5 D:\\code\\test\\vendor\\laravel\\framework\\src\\Illuminate\\Auth\\SessionGuard.php(386): Illuminate\\Auth\\SessionGuard->hasValidCredentials(Object(App\\Models\\Utilisateur), Array)
#6 D:\\code\\test\\vendor\\laravel\\framework\\src\\Illuminate\\Auth\\AuthManager.php(340): Illuminate\\Auth\\SessionGuard->attempt(Array, NULL)
#7 D:\\code\\test\\vendor\\laravel\\framework\\src\\Illuminate\\Support\\Facades\\Facade.php(355): Illuminate\\Auth\\AuthManager->__call('attempt', Array)
#8 D:\\code\\test\\app\\Http\\Controllers\\Auth\\LoginController.php(28): Illuminate\\Support\\Facades\\Facade::__callStatic('attempt', Array)
#9 D:\\code\\test\\vendor\\laravel\\framework\\src\\Illuminate\\Routing\\Controller.php(54): App\\Http\\Controllers\\Auth\\LoginController->login(Object(Illuminate\\Http\\Request))
#10 D:\\code\\test\\vendor\\laravel\\framework\\src\\Illuminate\\Routing\\ControllerDispatcher.php(43): Illuminate\\Routing\\Controller->callAction('login', Array)
#11 D:\\code\\test\\vendor\\laravel\\framework\\src\\Illuminate\\Routing\\Route.php(260): Illuminate\\Routing\\ControllerDispatcher->dispatch(Object(Illuminate\\Routing\\Route), Object(App\\Http\\Controllers\\Auth\\LoginController), 'login')
#12 D:\\code\\test\\vendor\\laravel\\framework\\src\\Illuminate\\Routing\\Route.php(205): Illuminate\\Routing\\Route->runController()
#13 D:\\code\\test\\vendor\\laravel\\framework\\src\\Illuminate\\Routing\\Router.php(806): Illuminate\\Routing\\Route->run()
#14 D:\\code\\test\\vendor\\laravel\\framework\\src\\Illuminate\\Pipeline\\Pipeline.php(144): Illuminate\\Routing\\Router->Illuminate\\Routing\\{closure}(Object(Illuminate\\Http\\Request))
#15 D:\\code\\test\\vendor\\laravel\\framework\\src\\Illuminate\\Http\\Middleware\\AddLinkHeadersForPreloadedAssets.php(20): Illuminate\\Pipeline\\Pipeline->Illuminate\\Pipeline\\{closure}(Object(Illuminate\\Http\\Request))
#16 D:\\code\\test\\vendor\\laravel\\framework\\src\\Illuminate\\Pipeline\\Pipeline.php(183): Illuminate\\Http\\Middleware\\AddLinkHeadersForPreloadedAssets->handle(Object(Illuminate\\Http\\Request), Object(Closure))
#17 D:\\code\\test\\vendor\\inertiajs\\inertia-laravel\\src\\Middleware.php(87): Illuminate\\Pipeline\\Pipeline->Illuminate\\Pipeline\\{closure}(Object(Illuminate\\Http\\Request))
#18 D:\\code\\test\\vendor\\laravel\\framework\\src\\Illuminate\\Pipeline\\Pipeline.php(183): Inertia\\Middleware->handle(Object(Illuminate\\Http\\Request), Object(Closure))
#19 D:\\code\\test\\vendor\\laravel\\framework\\src\\Illuminate\\Routing\\Middleware\\SubstituteBindings.php(50): Illuminate\\Pipeline\\Pipeline->Illuminate\\Pipeline\\{closure}(Object(Illuminate\\Http\\Request))
#20 D:\\code\\test\\vendor\\laravel\\framework\\src\\Illuminate\\Pipeline\\Pipeline.php(183): Illuminate\\Routing\\Middleware\\SubstituteBindings->handle(Object(Illuminate\\Http\\Request), Object(Closure))
#21 D:\\code\\test\\vendor\\laravel\\framework\\src\\Illuminate\\Foundation\\Http\\Middleware\\VerifyCsrfToken.php(78): Illuminate\\Pipeline\\Pipeline->Illuminate\\Pipeline\\{closure}(Object(Illuminate\\Http\\Request))
#22 D:\\code\\test\\vendor\\laravel\\framework\\src\\Illuminate\\Pipeline\\Pipeline.php(183): Illuminate\\Foundation\\Http\\Middleware\\VerifyCsrfToken->handle(Object(Illuminate\\Http\\Request), Object(Closure))
#23 D:\\code\\test\\vendor\\laravel\\framework\\src\\Illuminate\\View\\Middleware\\ShareErrorsFromSession.php(49): Illuminate\\Pipeline\\Pipeline->Illuminate\\Pipeline\\{closure}(Object(Illuminate\\Http\\Request))
#24 D:\\code\\test\\vendor\\laravel\\framework\\src\\Illuminate\\Pipeline\\Pipeline.php(183): Illuminate\\View\\Middleware\\ShareErrorsFromSession->handle(Object(Illuminate\\Http\\Request), Object(Closure))
#25 D:\\code\\test\\vendor\\laravel\\framework\\src\\Illuminate\\Session\\Middleware\\StartSession.php(121): Illuminate\\Pipeline\\Pipeline->Illuminate\\Pipeline\\{closure}(Object(Illuminate\\Http\\Request))
#26 D:\\code\\test\\vendor\\laravel\\framework\\src\\Illuminate\\Session\\Middleware\\StartSession.php(64): Illuminate\\Session\\Middleware\\StartSession->handleStatefulRequest(Object(Illuminate\\Http\\Request), Object(Illuminate\\Session\\Store), Object(Closure))
#27 D:\\code\\test\\vendor\\laravel\\framework\\src\\Illuminate\\Pipeline\\Pipeline.php(183): Illuminate\\Session\\Middleware\\StartSession->handle(Object(Illuminate\\Http\\Request), Object(Closure))
#28 D:\\code\\test\\vendor\\laravel\\framework\\src\\Illuminate\\Cookie\\Middleware\\AddQueuedCookiesToResponse.php(37): Illuminate\\Pipeline\\Pipeline->Illuminate\\Pipeline\\{closure}(Object(Illuminate\\Http\\Request))
#29 D:\\code\\test\\vendor\\laravel\\framework\\src\\Illuminate\\Pipeline\\Pipeline.php(183): Illuminate\\Cookie\\Middleware\\AddQueuedCookiesToResponse->handle(Object(Illuminate\\Http\\Request), Object(Closure))
#30 D:\\code\\test\\vendor\\laravel\\framework\\src\\Illuminate\\Cookie\\Middleware\\EncryptCookies.php(67): Illuminate\\Pipeline\\Pipeline->Illuminate\\Pipeline\\{closure}(Object(Illuminate\\Http\\Request))
#31 D:\\code\\test\\vendor\\laravel\\framework\\src\\Illuminate\\Pipeline\\Pipeline.php(183): Illuminate\\Cookie\\Middleware\\EncryptCookies->handle(Object(Illuminate\\Http\\Request), Object(Closure))
#32 D:\\code\\test\\vendor\\laravel\\framework\\src\\Illuminate\\Pipeline\\Pipeline.php(119): Illuminate\\Pipeline\\Pipeline->Illuminate\\Pipeline\\{closure}(Object(Illuminate\\Http\\Request))
#33 D:\\code\\test\\vendor\\laravel\\framework\\src\\Illuminate\\Routing\\Router.php(807): Illuminate\\Pipeline\\Pipeline->then(Object(Closure))
#34 D:\\code\\test\\vendor\\laravel\\framework\\src\\Illuminate\\Routing\\Router.php(784): Illuminate\\Routing\\Router->runRouteWithinStack(Object(Illuminate\\Routing\\Route), Object(Illuminate\\Http\\Request))
#35 D:\\code\\test\\vendor\\laravel\\framework\\src\\Illuminate\\Routing\\Router.php(748): Illuminate\\Routing\\Router->runRoute(Object(Illuminate\\Http\\Request), Object(Illuminate\\Routing\\Route))
#36 D:\\code\\test\\vendor\\laravel\\framework\\src\\Illuminate\\Routing\\Router.php(737): Illuminate\\Routing\\Router->dispatchToRoute(Object(Illuminate\\Http\\Request))
#37 D:\\code\\test\\vendor\\laravel\\framework\\src\\Illuminate\\Foundation\\Http\\Kernel.php(200): Illuminate\\Routing\\Router->dispatch(Object(Illuminate\\Http\\Request))
#38 D:\\code\\test\\vendor\\laravel\\framework\\src\\Illuminate\\Pipeline\\Pipeline.php(144): Illuminate\\Foundation\\Http\\Kernel->Illuminate\\Foundation\\Http\\{closure}(Object(Illuminate\\Http\\Request))
#39 D:\\code\\test\\vendor\\laravel\\framework\\src\\Illuminate\\Foundation\\Http\\Middleware\\TransformsRequest.php(21): Illuminate\\Pipeline\\Pipeline->Illuminate\\Pipeline\\{closure}(Object(Illuminate\\Http\\Request))
#40 D:\\code\\test\\vendor\\laravel\\framework\\src\\Illuminate\\Foundation\\Http\\Middleware\\ConvertEmptyStringsToNull.php(31): Illuminate\\Foundation\\Http\\Middleware\\TransformsRequest->handle(Object(Illuminate\\Http\\Request), Object(Closure))
#41 D:\\code\\test\\vendor\\laravel\\framework\\src\\Illuminate\\Pipeline\\Pipeline.php(183): Illuminate\\Foundation\\Http\\Middleware\\ConvertEmptyStringsToNull->handle(Object(Illuminate\\Http\\Request), Object(Closure))
#42 D:\\code\\test\\vendor\\laravel\\framework\\src\\Illuminate\\Foundation\\Http\\Middleware\\TransformsRequest.php(21): Illuminate\\Pipeline\\Pipeline->Illuminate\\Pipeline\\{closure}(Object(Illuminate\\Http\\Request))
#43 D:\\code\\test\\vendor\\laravel\\framework\\src\\Illuminate\\Foundation\\Http\\Middleware\\TrimStrings.php(40): Illuminate\\Foundation\\Http\\Middleware\\TransformsRequest->handle(Object(Illuminate\\Http\\Request), Object(Closure))
#44 D:\\code\\test\\vendor\\laravel\\framework\\src\\Illuminate\\Pipeline\\Pipeline.php(183): Illuminate\\Foundation\\Http\\Middleware\\TrimStrings->handle(Object(Illuminate\\Http\\Request), Object(Closure))
#45 D:\\code\\test\\vendor\\laravel\\framework\\src\\Illuminate\\Foundation\\Http\\Middleware\\ValidatePostSize.php(27): Illuminate\\Pipeline\\Pipeline->Illuminate\\Pipeline\\{closure}(Object(Illuminate\\Http\\Request))
#46 D:\\code\\test\\vendor\\laravel\\framework\\src\\Illuminate\\Pipeline\\Pipeline.php(183): Illuminate\\Foundation\\Http\\Middleware\\ValidatePostSize->handle(Object(Illuminate\\Http\\Request), Object(Closure))
#47 D:\\code\\test\\vendor\\laravel\\framework\\src\\Illuminate\\Foundation\\Http\\Middleware\\PreventRequestsDuringMaintenance.php(99): Illuminate\\Pipeline\\Pipeline->Illuminate\\Pipeline\\{closure}(Object(Illuminate\\Http\\Request))
#48 D:\\code\\test\\vendor\\laravel\\framework\\src\\Illuminate\\Pipeline\\Pipeline.php(183): Illuminate\\Foundation\\Http\\Middleware\\PreventRequestsDuringMaintenance->handle(Object(Illuminate\\Http\\Request), Object(Closure))
#49 D:\\code\\test\\vendor\\laravel\\framework\\src\\Illuminate\\Http\\Middleware\\HandleCors.php(49): Illuminate\\Pipeline\\Pipeline->Illuminate\\Pipeline\\{closure}(Object(Illuminate\\Http\\Request))
#50 D:\\code\\test\\vendor\\laravel\\framework\\src\\Illuminate\\Pipeline\\Pipeline.php(183): Illuminate\\Http\\Middleware\\HandleCors->handle(Object(Illuminate\\Http\\Request), Object(Closure))
#51 D:\\code\\test\\vendor\\laravel\\framework\\src\\Illuminate\\Http\\Middleware\\TrustProxies.php(39): Illuminate\\Pipeline\\Pipeline->Illuminate\\Pipeline\\{closure}(Object(Illuminate\\Http\\Request))
#52 D:\\code\\test\\vendor\\laravel\\framework\\src\\Illuminate\\Pipeline\\Pipeline.php(183): Illuminate\\Http\\Middleware\\TrustProxies->handle(Object(Illuminate\\Http\\Request), Object(Closure))
#53 D:\\code\\test\\vendor\\laravel\\framework\\src\\Illuminate\\Pipeline\\Pipeline.php(119): Illuminate\\Pipeline\\Pipeline->Illuminate\\Pipeline\\{closure}(Object(Illuminate\\Http\\Request))
#54 D:\\code\\test\\vendor\\laravel\\framework\\src\\Illuminate\\Foundation\\Http\\Kernel.php(175): Illuminate\\Pipeline\\Pipeline->then(Object(Closure))
#55 D:\\code\\test\\vendor\\laravel\\framework\\src\\Illuminate\\Foundation\\Http\\Kernel.php(144): Illuminate\\Foundation\\Http\\Kernel->sendRequestThroughRouter(Object(Illuminate\\Http\\Request))
#56 D:\\code\\test\\public\\index.php(52): Illuminate\\Foundation\\Http\\Kernel->handle(Object(Illuminate\\Http\\Request))
#57 D:\\code\\test\\vendor\\laravel\\framework\\src\\Illuminate\\Foundation\\resources\\server.php(16): require_once('D:\\\\code\\\\test\\\\pu...')
#58 {main}
"} 
[2025-05-05 11:43:35] local.ERROR: SQLSTATE[HY000] [2002] Aucune connexion n’a pu être établie car l’ordinateur cible l’a expressément refusée (Connection: mysql, SQL: select count(*) as aggregate from `utilisateurs` where `nom` LIKE %% or `prenom` LIKE %% or `email` LIKE %% or `type_utilisateur` LIKE %%) {"exception":"[object] (Illuminate\\Database\\QueryException(code: 2002): SQLSTATE[HY000] [2002] Aucune connexion n’a pu être établie car l’ordinateur cible l’a expressément refusée (Connection: mysql, SQL: select count(*) as aggregate from `utilisateurs` where `nom` LIKE %% or `prenom` LIKE %% or `email` LIKE %% or `type_utilisateur` LIKE %%) at D:\\Code\\C\\projet\\ProjetAnnuelAmYaYaz\\vendor\\laravel\\framework\\src\\Illuminate\\Database\\Connection.php:829)
[stacktrace]
#0 D:\\Code\\C\\projet\\ProjetAnnuelAmYaYaz\\vendor\\laravel\\framework\\src\\Illuminate\\Database\\Connection.php(783): Illuminate\\Database\\Connection->runQueryCallback('select count(*)...', Array, Object(Closure))
#1 D:\\Code\\C\\projet\\ProjetAnnuelAmYaYaz\\vendor\\laravel\\framework\\src\\Illuminate\\Database\\Connection.php(431): Illuminate\\Database\\Connection->run('select count(*)...', Array, Object(Closure))
#2 D:\\Code\\C\\projet\\ProjetAnnuelAmYaYaz\\vendor\\laravel\\framework\\src\\Illuminate\\Database\\Query\\Builder.php(2914): Illuminate\\Database\\Connection->select('select count(*)...', Array, true)
#3 D:\\Code\\C\\projet\\ProjetAnnuelAmYaYaz\\vendor\\laravel\\framework\\src\\Illuminate\\Database\\Query\\Builder.php(2902): Illuminate\\Database\\Query\\Builder->runSelect()
#4 D:\\Code\\C\\projet\\ProjetAnnuelAmYaYaz\\vendor\\laravel\\framework\\src\\Illuminate\\Database\\Query\\Builder.php(3456): Illuminate\\Database\\Query\\Builder->Illuminate\\Database\\Query\\{closure}()
#5 D:\\Code\\C\\projet\\ProjetAnnuelAmYaYaz\\vendor\\laravel\\framework\\src\\Illuminate\\Database\\Query\\Builder.php(2903): Illuminate\\Database\\Query\\Builder->onceWithColumns(Array, Object(Closure))
#6 D:\\Code\\C\\projet\\ProjetAnnuelAmYaYaz\\vendor\\laravel\\framework\\src\\Illuminate\\Database\\Query\\Builder.php(3066): Illuminate\\Database\\Query\\Builder->get()
#7 D:\\Code\\C\\projet\\ProjetAnnuelAmYaYaz\\vendor\\laravel\\framework\\src\\Illuminate\\Database\\Query\\Builder.php(3025): Illuminate\\Database\\Query\\Builder->runPaginationCountQuery(Array)
#8 D:\\Code\\C\\projet\\ProjetAnnuelAmYaYaz\\vendor\\laravel\\framework\\src\\Illuminate\\Database\\Eloquent\\Builder.php(923): Illuminate\\Database\\Query\\Builder->getCountForPagination()
#9 D:\\Code\\C\\projet\\ProjetAnnuelAmYaYaz\\app\\Http\\Controllers\\UtilisateurController.php(21): Illuminate\\Database\\Eloquent\\Builder->paginate(10)
#10 D:\\Code\\C\\projet\\ProjetAnnuelAmYaYaz\\vendor\\laravel\\framework\\src\\Illuminate\\Routing\\Controller.php(54): App\\Http\\Controllers\\UtilisateurController->index(Object(Illuminate\\Http\\Request))
#11 D:\\Code\\C\\projet\\ProjetAnnuelAmYaYaz\\vendor\\laravel\\framework\\src\\Illuminate\\Routing\\ControllerDispatcher.php(43): Illuminate\\Routing\\Controller->callAction('index', Array)
#12 D:\\Code\\C\\projet\\ProjetAnnuelAmYaYaz\\vendor\\laravel\\framework\\src\\Illuminate\\Routing\\Route.php(260): Illuminate\\Routing\\ControllerDispatcher->dispatch(Object(Illuminate\\Routing\\Route), Object(App\\Http\\Controllers\\UtilisateurController), 'index')
#13 D:\\Code\\C\\projet\\ProjetAnnuelAmYaYaz\\vendor\\laravel\\framework\\src\\Illuminate\\Routing\\Route.php(205): Illuminate\\Routing\\Route->runController()
#14 D:\\Code\\C\\projet\\ProjetAnnuelAmYaYaz\\vendor\\laravel\\framework\\src\\Illuminate\\Routing\\Router.php(806): Illuminate\\Routing\\Route->run()
#15 D:\\Code\\C\\projet\\ProjetAnnuelAmYaYaz\\vendor\\laravel\\framework\\src\\Illuminate\\Pipeline\\Pipeline.php(144): Illuminate\\Routing\\Router->Illuminate\\Routing\\{closure}(Object(Illuminate\\Http\\Request))
#16 D:\\Code\\C\\projet\\ProjetAnnuelAmYaYaz\\vendor\\laravel\\framework\\src\\Illuminate\\Http\\Middleware\\AddLinkHeadersForPreloadedAssets.php(20): Illuminate\\Pipeline\\Pipeline->Illuminate\\Pipeline\\{closure}(Object(Illuminate\\Http\\Request))
#17 D:\\Code\\C\\projet\\ProjetAnnuelAmYaYaz\\vendor\\laravel\\framework\\src\\Illuminate\\Pipeline\\Pipeline.php(183): Illuminate\\Http\\Middleware\\AddLinkHeadersForPreloadedAssets->handle(Object(Illuminate\\Http\\Request), Object(Closure))
#18 D:\\Code\\C\\projet\\ProjetAnnuelAmYaYaz\\vendor\\inertiajs\\inertia-laravel\\src\\Middleware.php(87): Illuminate\\Pipeline\\Pipeline->Illuminate\\Pipeline\\{closure}(Object(Illuminate\\Http\\Request))
#19 D:\\Code\\C\\projet\\ProjetAnnuelAmYaYaz\\vendor\\laravel\\framework\\src\\Illuminate\\Pipeline\\Pipeline.php(183): Inertia\\Middleware->handle(Object(Illuminate\\Http\\Request), Object(Closure))
#20 D:\\Code\\C\\projet\\ProjetAnnuelAmYaYaz\\vendor\\laravel\\framework\\src\\Illuminate\\Routing\\Middleware\\SubstituteBindings.php(50): Illuminate\\Pipeline\\Pipeline->Illuminate\\Pipeline\\{closure}(Object(Illuminate\\Http\\Request))
#21 D:\\Code\\C\\projet\\ProjetAnnuelAmYaYaz\\vendor\\laravel\\framework\\src\\Illuminate\\Pipeline\\Pipeline.php(183): Illuminate\\Routing\\Middleware\\SubstituteBindings->handle(Object(Illuminate\\Http\\Request), Object(Closure))
#22 D:\\Code\\C\\projet\\ProjetAnnuelAmYaYaz\\vendor\\laravel\\framework\\src\\Illuminate\\Foundation\\Http\\Middleware\\VerifyCsrfToken.php(78): Illuminate\\Pipeline\\Pipeline->Illuminate\\Pipeline\\{closure}(Object(Illuminate\\Http\\Request))
#23 D:\\Code\\C\\projet\\ProjetAnnuelAmYaYaz\\vendor\\laravel\\framework\\src\\Illuminate\\Pipeline\\Pipeline.php(183): Illuminate\\Foundation\\Http\\Middleware\\VerifyCsrfToken->handle(Object(Illuminate\\Http\\Request), Object(Closure))
#24 D:\\Code\\C\\projet\\ProjetAnnuelAmYaYaz\\vendor\\laravel\\framework\\src\\Illuminate\\View\\Middleware\\ShareErrorsFromSession.php(49): Illuminate\\Pipeline\\Pipeline->Illuminate\\Pipeline\\{closure}(Object(Illuminate\\Http\\Request))
#25 D:\\Code\\C\\projet\\ProjetAnnuelAmYaYaz\\vendor\\laravel\\framework\\src\\Illuminate\\Pipeline\\Pipeline.php(183): Illuminate\\View\\Middleware\\ShareErrorsFromSession->handle(Object(Illuminate\\Http\\Request), Object(Closure))
#26 D:\\Code\\C\\projet\\ProjetAnnuelAmYaYaz\\vendor\\laravel\\framework\\src\\Illuminate\\Session\\Middleware\\StartSession.php(121): Illuminate\\Pipeline\\Pipeline->Illuminate\\Pipeline\\{closure}(Object(Illuminate\\Http\\Request))
#27 D:\\Code\\C\\projet\\ProjetAnnuelAmYaYaz\\vendor\\laravel\\framework\\src\\Illuminate\\Session\\Middleware\\StartSession.php(64): Illuminate\\Session\\Middleware\\StartSession->handleStatefulRequest(Object(Illuminate\\Http\\Request), Object(Illuminate\\Session\\Store), Object(Closure))
#28 D:\\Code\\C\\projet\\ProjetAnnuelAmYaYaz\\vendor\\laravel\\framework\\src\\Illuminate\\Pipeline\\Pipeline.php(183): Illuminate\\Session\\Middleware\\StartSession->handle(Object(Illuminate\\Http\\Request), Object(Closure))
#29 D:\\Code\\C\\projet\\ProjetAnnuelAmYaYaz\\vendor\\laravel\\framework\\src\\Illuminate\\Cookie\\Middleware\\AddQueuedCookiesToResponse.php(37): Illuminate\\Pipeline\\Pipeline->Illuminate\\Pipeline\\{closure}(Object(Illuminate\\Http\\Request))
#30 D:\\Code\\C\\projet\\ProjetAnnuelAmYaYaz\\vendor\\laravel\\framework\\src\\Illuminate\\Pipeline\\Pipeline.php(183): Illuminate\\Cookie\\Middleware\\AddQueuedCookiesToResponse->handle(Object(Illuminate\\Http\\Request), Object(Closure))
#31 D:\\Code\\C\\projet\\ProjetAnnuelAmYaYaz\\vendor\\laravel\\framework\\src\\Illuminate\\Cookie\\Middleware\\EncryptCookies.php(67): Illuminate\\Pipeline\\Pipeline->Illuminate\\Pipeline\\{closure}(Object(Illuminate\\Http\\Request))
#32 D:\\Code\\C\\projet\\ProjetAnnuelAmYaYaz\\vendor\\laravel\\framework\\src\\Illuminate\\Pipeline\\Pipeline.php(183): Illuminate\\Cookie\\Middleware\\EncryptCookies->handle(Object(Illuminate\\Http\\Request), Object(Closure))
#33 D:\\Code\\C\\projet\\ProjetAnnuelAmYaYaz\\vendor\\laravel\\framework\\src\\Illuminate\\Pipeline\\Pipeline.php(119): Illuminate\\Pipeline\\Pipeline->Illuminate\\Pipeline\\{closure}(Object(Illuminate\\Http\\Request))
#34 D:\\Code\\C\\projet\\ProjetAnnuelAmYaYaz\\vendor\\laravel\\framework\\src\\Illuminate\\Routing\\Router.php(807): Illuminate\\Pipeline\\Pipeline->then(Object(Closure))
#35 D:\\Code\\C\\projet\\ProjetAnnuelAmYaYaz\\vendor\\laravel\\framework\\src\\Illuminate\\Routing\\Router.php(784): Illuminate\\Routing\\Router->runRouteWithinStack(Object(Illuminate\\Routing\\Route), Object(Illuminate\\Http\\Request))
#36 D:\\Code\\C\\projet\\ProjetAnnuelAmYaYaz\\vendor\\laravel\\framework\\src\\Illuminate\\Routing\\Router.php(748): Illuminate\\Routing\\Router->runRoute(Object(Illuminate\\Http\\Request), Object(Illuminate\\Routing\\Route))
#37 D:\\Code\\C\\projet\\ProjetAnnuelAmYaYaz\\vendor\\laravel\\framework\\src\\Illuminate\\Routing\\Router.php(737): Illuminate\\Routing\\Router->dispatchToRoute(Object(Illuminate\\Http\\Request))
#38 D:\\Code\\C\\projet\\ProjetAnnuelAmYaYaz\\vendor\\laravel\\framework\\src\\Illuminate\\Foundation\\Http\\Kernel.php(200): Illuminate\\Routing\\Router->dispatch(Object(Illuminate\\Http\\Request))
#39 D:\\Code\\C\\projet\\ProjetAnnuelAmYaYaz\\vendor\\laravel\\framework\\src\\Illuminate\\Pipeline\\Pipeline.php(144): Illuminate\\Foundation\\Http\\Kernel->Illuminate\\Foundation\\Http\\{closure}(Object(Illuminate\\Http\\Request))
#40 D:\\Code\\C\\projet\\ProjetAnnuelAmYaYaz\\vendor\\laravel\\framework\\src\\Illuminate\\Foundation\\Http\\Middleware\\TransformsRequest.php(21): Illuminate\\Pipeline\\Pipeline->Illuminate\\Pipeline\\{closure}(Object(Illuminate\\Http\\Request))
#41 D:\\Code\\C\\projet\\ProjetAnnuelAmYaYaz\\vendor\\laravel\\framework\\src\\Illuminate\\Foundation\\Http\\Middleware\\ConvertEmptyStringsToNull.php(31): Illuminate\\Foundation\\Http\\Middleware\\TransformsRequest->handle(Object(Illuminate\\Http\\Request), Object(Closure))
#42 D:\\Code\\C\\projet\\ProjetAnnuelAmYaYaz\\vendor\\laravel\\framework\\src\\Illuminate\\Pipeline\\Pipeline.php(183): Illuminate\\Foundation\\Http\\Middleware\\ConvertEmptyStringsToNull->handle(Object(Illuminate\\Http\\Request), Object(Closure))
#43 D:\\Code\\C\\projet\\ProjetAnnuelAmYaYaz\\vendor\\laravel\\framework\\src\\Illuminate\\Foundation\\Http\\Middleware\\TransformsRequest.php(21): Illuminate\\Pipeline\\Pipeline->Illuminate\\Pipeline\\{closure}(Object(Illuminate\\Http\\Request))
#44 D:\\Code\\C\\projet\\ProjetAnnuelAmYaYaz\\vendor\\laravel\\framework\\src\\Illuminate\\Foundation\\Http\\Middleware\\TrimStrings.php(40): Illuminate\\Foundation\\Http\\Middleware\\TransformsRequest->handle(Object(Illuminate\\Http\\Request), Object(Closure))
#45 D:\\Code\\C\\projet\\ProjetAnnuelAmYaYaz\\vendor\\laravel\\framework\\src\\Illuminate\\Pipeline\\Pipeline.php(183): Illuminate\\Foundation\\Http\\Middleware\\TrimStrings->handle(Object(Illuminate\\Http\\Request), Object(Closure))
#46 D:\\Code\\C\\projet\\ProjetAnnuelAmYaYaz\\vendor\\laravel\\framework\\src\\Illuminate\\Foundation\\Http\\Middleware\\ValidatePostSize.php(27): Illuminate\\Pipeline\\Pipeline->Illuminate\\Pipeline\\{closure}(Object(Illuminate\\Http\\Request))
#47 D:\\Code\\C\\projet\\ProjetAnnuelAmYaYaz\\vendor\\laravel\\framework\\src\\Illuminate\\Pipeline\\Pipeline.php(183): Illuminate\\Foundation\\Http\\Middleware\\ValidatePostSize->handle(Object(Illuminate\\Http\\Request), Object(Closure))
#48 D:\\Code\\C\\projet\\ProjetAnnuelAmYaYaz\\vendor\\laravel\\framework\\src\\Illuminate\\Foundation\\Http\\Middleware\\PreventRequestsDuringMaintenance.php(99): Illuminate\\Pipeline\\Pipeline->Illuminate\\Pipeline\\{closure}(Object(Illuminate\\Http\\Request))
#49 D:\\Code\\C\\projet\\ProjetAnnuelAmYaYaz\\vendor\\laravel\\framework\\src\\Illuminate\\Pipeline\\Pipeline.php(183): Illuminate\\Foundation\\Http\\Middleware\\PreventRequestsDuringMaintenance->handle(Object(Illuminate\\Http\\Request), Object(Closure))
#50 D:\\Code\\C\\projet\\ProjetAnnuelAmYaYaz\\vendor\\laravel\\framework\\src\\Illuminate\\Http\\Middleware\\HandleCors.php(49): Illuminate\\Pipeline\\Pipeline->Illuminate\\Pipeline\\{closure}(Object(Illuminate\\Http\\Request))
#51 D:\\Code\\C\\projet\\ProjetAnnuelAmYaYaz\\vendor\\laravel\\framework\\src\\Illuminate\\Pipeline\\Pipeline.php(183): Illuminate\\Http\\Middleware\\HandleCors->handle(Object(Illuminate\\Http\\Request), Object(Closure))
#52 D:\\Code\\C\\projet\\ProjetAnnuelAmYaYaz\\vendor\\laravel\\framework\\src\\Illuminate\\Http\\Middleware\\TrustProxies.php(39): Illuminate\\Pipeline\\Pipeline->Illuminate\\Pipeline\\{closure}(Object(Illuminate\\Http\\Request))
#53 D:\\Code\\C\\projet\\ProjetAnnuelAmYaYaz\\vendor\\laravel\\framework\\src\\Illuminate\\Pipeline\\Pipeline.php(183): Illuminate\\Http\\Middleware\\TrustProxies->handle(Object(Illuminate\\Http\\Request), Object(Closure))
#54 D:\\Code\\C\\projet\\ProjetAnnuelAmYaYaz\\vendor\\laravel\\framework\\src\\Illuminate\\Pipeline\\Pipeline.php(119): Illuminate\\Pipeline\\Pipeline->Illuminate\\Pipeline\\{closure}(Object(Illuminate\\Http\\Request))
#55 D:\\Code\\C\\projet\\ProjetAnnuelAmYaYaz\\vendor\\laravel\\framework\\src\\Illuminate\\Foundation\\Http\\Kernel.php(175): Illuminate\\Pipeline\\Pipeline->then(Object(Closure))
#56 D:\\Code\\C\\projet\\ProjetAnnuelAmYaYaz\\vendor\\laravel\\framework\\src\\Illuminate\\Foundation\\Http\\Kernel.php(144): Illuminate\\Foundation\\Http\\Kernel->sendRequestThroughRouter(Object(Illuminate\\Http\\Request))
#57 D:\\Code\\C\\projet\\ProjetAnnuelAmYaYaz\\public\\index.php(52): Illuminate\\Foundation\\Http\\Kernel->handle(Object(Illuminate\\Http\\Request))
#58 D:\\Code\\C\\projet\\ProjetAnnuelAmYaYaz\\vendor\\laravel\\framework\\src\\Illuminate\\Foundation\\resources\\server.php(16): require_once('D:\\\\Code\\\\C\\\\proje...')
#59 {main}

[previous exception] [object] (PDOException(code: 2002): SQLSTATE[HY000] [2002] Aucune connexion n’a pu être établie car l’ordinateur cible l’a expressément refusée at D:\\Code\\C\\projet\\ProjetAnnuelAmYaYaz\\vendor\\laravel\\framework\\src\\Illuminate\\Database\\Connectors\\Connector.php:65)
[stacktrace]
#0 D:\\Code\\C\\projet\\ProjetAnnuelAmYaYaz\\vendor\\laravel\\framework\\src\\Illuminate\\Database\\Connectors\\Connector.php(65): PDO->__construct('mysql:host=127....', 'root', '', Array)
#1 D:\\Code\\C\\projet\\ProjetAnnuelAmYaYaz\\vendor\\laravel\\framework\\src\\Illuminate\\Database\\Connectors\\Connector.php(45): Illuminate\\Database\\Connectors\\Connector->createPdoConnection('mysql:host=127....', 'root', '', Array)
#2 D:\\Code\\C\\projet\\ProjetAnnuelAmYaYaz\\vendor\\laravel\\framework\\src\\Illuminate\\Database\\Connectors\\MySqlConnector.php(24): Illuminate\\Database\\Connectors\\Connector->createConnection('mysql:host=127....', Array, Array)
#3 D:\\Code\\C\\projet\\ProjetAnnuelAmYaYaz\\vendor\\laravel\\framework\\src\\Illuminate\\Database\\Connectors\\ConnectionFactory.php(184): Illuminate\\Database\\Connectors\\MySqlConnector->connect(Array)
#4 [internal function]: Illuminate\\Database\\Connectors\\ConnectionFactory->Illuminate\\Database\\Connectors\\{closure}()
#5 D:\\Code\\C\\projet\\ProjetAnnuelAmYaYaz\\vendor\\laravel\\framework\\src\\Illuminate\\Database\\Connection.php(1339): call_user_func(Object(Closure))
#6 D:\\Code\\C\\projet\\ProjetAnnuelAmYaYaz\\vendor\\laravel\\framework\\src\\Illuminate\\Database\\Connection.php(1375): Illuminate\\Database\\Connection->getPdo()
#7 D:\\Code\\C\\projet\\ProjetAnnuelAmYaYaz\\vendor\\laravel\\framework\\src\\Illuminate\\Database\\Connection.php(528): Illuminate\\Database\\Connection->getReadPdo()
#8 D:\\Code\\C\\projet\\ProjetAnnuelAmYaYaz\\vendor\\laravel\\framework\\src\\Illuminate\\Database\\Connection.php(423): Illuminate\\Database\\Connection->getPdoForSelect(true)
#9 D:\\Code\\C\\projet\\ProjetAnnuelAmYaYaz\\vendor\\laravel\\framework\\src\\Illuminate\\Database\\Connection.php(816): Illuminate\\Database\\Connection->Illuminate\\Database\\{closure}('select count(*)...', Array)
#10 D:\\Code\\C\\projet\\ProjetAnnuelAmYaYaz\\vendor\\laravel\\framework\\src\\Illuminate\\Database\\Connection.php(783): Illuminate\\Database\\Connection->runQueryCallback('select count(*)...', Array, Object(Closure))
#11 D:\\Code\\C\\projet\\ProjetAnnuelAmYaYaz\\vendor\\laravel\\framework\\src\\Illuminate\\Database\\Connection.php(431): Illuminate\\Database\\Connection->run('select count(*)...', Array, Object(Closure))
#12 D:\\Code\\C\\projet\\ProjetAnnuelAmYaYaz\\vendor\\laravel\\framework\\src\\Illuminate\\Database\\Query\\Builder.php(2914): Illuminate\\Database\\Connection->select('select count(*)...', Array, true)
#13 D:\\Code\\C\\projet\\ProjetAnnuelAmYaYaz\\vendor\\laravel\\framework\\src\\Illuminate\\Database\\Query\\Builder.php(2902): Illuminate\\Database\\Query\\Builder->runSelect()
#14 D:\\Code\\C\\projet\\ProjetAnnuelAmYaYaz\\vendor\\laravel\\framework\\src\\Illuminate\\Database\\Query\\Builder.php(3456): Illuminate\\Database\\Query\\Builder->Illuminate\\Database\\Query\\{closure}()
#15 D:\\Code\\C\\projet\\ProjetAnnuelAmYaYaz\\vendor\\laravel\\framework\\src\\Illuminate\\Database\\Query\\Builder.php(2903): Illuminate\\Database\\Query\\Builder->onceWithColumns(Array, Object(Closure))
#16 D:\\Code\\C\\projet\\ProjetAnnuelAmYaYaz\\vendor\\laravel\\framework\\src\\Illuminate\\Database\\Query\\Builder.php(3066): Illuminate\\Database\\Query\\Builder->get()
#17 D:\\Code\\C\\projet\\ProjetAnnuelAmYaYaz\\vendor\\laravel\\framework\\src\\Illuminate\\Database\\Query\\Builder.php(3025): Illuminate\\Database\\Query\\Builder->runPaginationCountQuery(Array)
#18 D:\\Code\\C\\projet\\ProjetAnnuelAmYaYaz\\vendor\\laravel\\framework\\src\\Illuminate\\Database\\Eloquent\\Builder.php(923): Illuminate\\Database\\Query\\Builder->getCountForPagination()
#19 D:\\Code\\C\\projet\\ProjetAnnuelAmYaYaz\\app\\Http\\Controllers\\UtilisateurController.php(21): Illuminate\\Database\\Eloquent\\Builder->paginate(10)
#20 D:\\Code\\C\\projet\\ProjetAnnuelAmYaYaz\\vendor\\laravel\\framework\\src\\Illuminate\\Routing\\Controller.php(54): App\\Http\\Controllers\\UtilisateurController->index(Object(Illuminate\\Http\\Request))
#21 D:\\Code\\C\\projet\\ProjetAnnuelAmYaYaz\\vendor\\laravel\\framework\\src\\Illuminate\\Routing\\ControllerDispatcher.php(43): Illuminate\\Routing\\Controller->callAction('index', Array)
#22 D:\\Code\\C\\projet\\ProjetAnnuelAmYaYaz\\vendor\\laravel\\framework\\src\\Illuminate\\Routing\\Route.php(260): Illuminate\\Routing\\ControllerDispatcher->dispatch(Object(Illuminate\\Routing\\Route), Object(App\\Http\\Controllers\\UtilisateurController), 'index')
#23 D:\\Code\\C\\projet\\ProjetAnnuelAmYaYaz\\vendor\\laravel\\framework\\src\\Illuminate\\Routing\\Route.php(205): Illuminate\\Routing\\Route->runController()
#24 D:\\Code\\C\\projet\\ProjetAnnuelAmYaYaz\\vendor\\laravel\\framework\\src\\Illuminate\\Routing\\Router.php(806): Illuminate\\Routing\\Route->run()
#25 D:\\Code\\C\\projet\\ProjetAnnuelAmYaYaz\\vendor\\laravel\\framework\\src\\Illuminate\\Pipeline\\Pipeline.php(144): Illuminate\\Routing\\Router->Illuminate\\Routing\\{closure}(Object(Illuminate\\Http\\Request))
#26 D:\\Code\\C\\projet\\ProjetAnnuelAmYaYaz\\vendor\\laravel\\framework\\src\\Illuminate\\Http\\Middleware\\AddLinkHeadersForPreloadedAssets.php(20): Illuminate\\Pipeline\\Pipeline->Illuminate\\Pipeline\\{closure}(Object(Illuminate\\Http\\Request))
#27 D:\\Code\\C\\projet\\ProjetAnnuelAmYaYaz\\vendor\\laravel\\framework\\src\\Illuminate\\Pipeline\\Pipeline.php(183): Illuminate\\Http\\Middleware\\AddLinkHeadersForPreloadedAssets->handle(Object(Illuminate\\Http\\Request), Object(Closure))
#28 D:\\Code\\C\\projet\\ProjetAnnuelAmYaYaz\\vendor\\inertiajs\\inertia-laravel\\src\\Middleware.php(87): Illuminate\\Pipeline\\Pipeline->Illuminate\\Pipeline\\{closure}(Object(Illuminate\\Http\\Request))
#29 D:\\Code\\C\\projet\\ProjetAnnuelAmYaYaz\\vendor\\laravel\\framework\\src\\Illuminate\\Pipeline\\Pipeline.php(183): Inertia\\Middleware->handle(Object(Illuminate\\Http\\Request), Object(Closure))
#30 D:\\Code\\C\\projet\\ProjetAnnuelAmYaYaz\\vendor\\laravel\\framework\\src\\Illuminate\\Routing\\Middleware\\SubstituteBindings.php(50): Illuminate\\Pipeline\\Pipeline->Illuminate\\Pipeline\\{closure}(Object(Illuminate\\Http\\Request))
#31 D:\\Code\\C\\projet\\ProjetAnnuelAmYaYaz\\vendor\\laravel\\framework\\src\\Illuminate\\Pipeline\\Pipeline.php(183): Illuminate\\Routing\\Middleware\\SubstituteBindings->handle(Object(Illuminate\\Http\\Request), Object(Closure))
#32 D:\\Code\\C\\projet\\ProjetAnnuelAmYaYaz\\vendor\\laravel\\framework\\src\\Illuminate\\Foundation\\Http\\Middleware\\VerifyCsrfToken.php(78): Illuminate\\Pipeline\\Pipeline->Illuminate\\Pipeline\\{closure}(Object(Illuminate\\Http\\Request))
#33 D:\\Code\\C\\projet\\ProjetAnnuelAmYaYaz\\vendor\\laravel\\framework\\src\\Illuminate\\Pipeline\\Pipeline.php(183): Illuminate\\Foundation\\Http\\Middleware\\VerifyCsrfToken->handle(Object(Illuminate\\Http\\Request), Object(Closure))
#34 D:\\Code\\C\\projet\\ProjetAnnuelAmYaYaz\\vendor\\laravel\\framework\\src\\Illuminate\\View\\Middleware\\ShareErrorsFromSession.php(49): Illuminate\\Pipeline\\Pipeline->Illuminate\\Pipeline\\{closure}(Object(Illuminate\\Http\\Request))
#35 D:\\Code\\C\\projet\\ProjetAnnuelAmYaYaz\\vendor\\laravel\\framework\\src\\Illuminate\\Pipeline\\Pipeline.php(183): Illuminate\\View\\Middleware\\ShareErrorsFromSession->handle(Object(Illuminate\\Http\\Request), Object(Closure))
#36 D:\\Code\\C\\projet\\ProjetAnnuelAmYaYaz\\vendor\\laravel\\framework\\src\\Illuminate\\Session\\Middleware\\StartSession.php(121): Illuminate\\Pipeline\\Pipeline->Illuminate\\Pipeline\\{closure}(Object(Illuminate\\Http\\Request))
#37 D:\\Code\\C\\projet\\ProjetAnnuelAmYaYaz\\vendor\\laravel\\framework\\src\\Illuminate\\Session\\Middleware\\StartSession.php(64): Illuminate\\Session\\Middleware\\StartSession->handleStatefulRequest(Object(Illuminate\\Http\\Request), Object(Illuminate\\Session\\Store), Object(Closure))
#38 D:\\Code\\C\\projet\\ProjetAnnuelAmYaYaz\\vendor\\laravel\\framework\\src\\Illuminate\\Pipeline\\Pipeline.php(183): Illuminate\\Session\\Middleware\\StartSession->handle(Object(Illuminate\\Http\\Request), Object(Closure))
#39 D:\\Code\\C\\projet\\ProjetAnnuelAmYaYaz\\vendor\\laravel\\framework\\src\\Illuminate\\Cookie\\Middleware\\AddQueuedCookiesToResponse.php(37): Illuminate\\Pipeline\\Pipeline->Illuminate\\Pipeline\\{closure}(Object(Illuminate\\Http\\Request))
#40 D:\\Code\\C\\projet\\ProjetAnnuelAmYaYaz\\vendor\\laravel\\framework\\src\\Illuminate\\Pipeline\\Pipeline.php(183): Illuminate\\Cookie\\Middleware\\AddQueuedCookiesToResponse->handle(Object(Illuminate\\Http\\Request), Object(Closure))
#41 D:\\Code\\C\\projet\\ProjetAnnuelAmYaYaz\\vendor\\laravel\\framework\\src\\Illuminate\\Cookie\\Middleware\\EncryptCookies.php(67): Illuminate\\Pipeline\\Pipeline->Illuminate\\Pipeline\\{closure}(Object(Illuminate\\Http\\Request))
#42 D:\\Code\\C\\projet\\ProjetAnnuelAmYaYaz\\vendor\\laravel\\framework\\src\\Illuminate\\Pipeline\\Pipeline.php(183): Illuminate\\Cookie\\Middleware\\EncryptCookies->handle(Object(Illuminate\\Http\\Request), Object(Closure))
#43 D:\\Code\\C\\projet\\ProjetAnnuelAmYaYaz\\vendor\\laravel\\framework\\src\\Illuminate\\Pipeline\\Pipeline.php(119): Illuminate\\Pipeline\\Pipeline->Illuminate\\Pipeline\\{closure}(Object(Illuminate\\Http\\Request))
#44 D:\\Code\\C\\projet\\ProjetAnnuelAmYaYaz\\vendor\\laravel\\framework\\src\\Illuminate\\Routing\\Router.php(807): Illuminate\\Pipeline\\Pipeline->then(Object(Closure))
#45 D:\\Code\\C\\projet\\ProjetAnnuelAmYaYaz\\vendor\\laravel\\framework\\src\\Illuminate\\Routing\\Router.php(784): Illuminate\\Routing\\Router->runRouteWithinStack(Object(Illuminate\\Routing\\Route), Object(Illuminate\\Http\\Request))
#46 D:\\Code\\C\\projet\\ProjetAnnuelAmYaYaz\\vendor\\laravel\\framework\\src\\Illuminate\\Routing\\Router.php(748): Illuminate\\Routing\\Router->runRoute(Object(Illuminate\\Http\\Request), Object(Illuminate\\Routing\\Route))
#47 D:\\Code\\C\\projet\\ProjetAnnuelAmYaYaz\\vendor\\laravel\\framework\\src\\Illuminate\\Routing\\Router.php(737): Illuminate\\Routing\\Router->dispatchToRoute(Object(Illuminate\\Http\\Request))
#48 D:\\Code\\C\\projet\\ProjetAnnuelAmYaYaz\\vendor\\laravel\\framework\\src\\Illuminate\\Foundation\\Http\\Kernel.php(200): Illuminate\\Routing\\Router->dispatch(Object(Illuminate\\Http\\Request))
#49 D:\\Code\\C\\projet\\ProjetAnnuelAmYaYaz\\vendor\\laravel\\framework\\src\\Illuminate\\Pipeline\\Pipeline.php(144): Illuminate\\Foundation\\Http\\Kernel->Illuminate\\Foundation\\Http\\{closure}(Object(Illuminate\\Http\\Request))
#50 D:\\Code\\C\\projet\\ProjetAnnuelAmYaYaz\\vendor\\laravel\\framework\\src\\Illuminate\\Foundation\\Http\\Middleware\\TransformsRequest.php(21): Illuminate\\Pipeline\\Pipeline->Illuminate\\Pipeline\\{closure}(Object(Illuminate\\Http\\Request))
#51 D:\\Code\\C\\projet\\ProjetAnnuelAmYaYaz\\vendor\\laravel\\framework\\src\\Illuminate\\Foundation\\Http\\Middleware\\ConvertEmptyStringsToNull.php(31): Illuminate\\Foundation\\Http\\Middleware\\TransformsRequest->handle(Object(Illuminate\\Http\\Request), Object(Closure))
#52 D:\\Code\\C\\projet\\ProjetAnnuelAmYaYaz\\vendor\\laravel\\framework\\src\\Illuminate\\Pipeline\\Pipeline.php(183): Illuminate\\Foundation\\Http\\Middleware\\ConvertEmptyStringsToNull->handle(Object(Illuminate\\Http\\Request), Object(Closure))
#53 D:\\Code\\C\\projet\\ProjetAnnuelAmYaYaz\\vendor\\laravel\\framework\\src\\Illuminate\\Foundation\\Http\\Middleware\\TransformsRequest.php(21): Illuminate\\Pipeline\\Pipeline->Illuminate\\Pipeline\\{closure}(Object(Illuminate\\Http\\Request))
#54 D:\\Code\\C\\projet\\ProjetAnnuelAmYaYaz\\vendor\\laravel\\framework\\src\\Illuminate\\Foundation\\Http\\Middleware\\TrimStrings.php(40): Illuminate\\Foundation\\Http\\Middleware\\TransformsRequest->handle(Object(Illuminate\\Http\\Request), Object(Closure))
#55 D:\\Code\\C\\projet\\ProjetAnnuelAmYaYaz\\vendor\\laravel\\framework\\src\\Illuminate\\Pipeline\\Pipeline.php(183): Illuminate\\Foundation\\Http\\Middleware\\TrimStrings->handle(Object(Illuminate\\Http\\Request), Object(Closure))
#56 D:\\Code\\C\\projet\\ProjetAnnuelAmYaYaz\\vendor\\laravel\\framework\\src\\Illuminate\\Foundation\\Http\\Middleware\\ValidatePostSize.php(27): Illuminate\\Pipeline\\Pipeline->Illuminate\\Pipeline\\{closure}(Object(Illuminate\\Http\\Request))
#57 D:\\Code\\C\\projet\\ProjetAnnuelAmYaYaz\\vendor\\laravel\\framework\\src\\Illuminate\\Pipeline\\Pipeline.php(183): Illuminate\\Foundation\\Http\\Middleware\\ValidatePostSize->handle(Object(Illuminate\\Http\\Request), Object(Closure))
#58 D:\\Code\\C\\projet\\ProjetAnnuelAmYaYaz\\vendor\\laravel\\framework\\src\\Illuminate\\Foundation\\Http\\Middleware\\PreventRequestsDuringMaintenance.php(99): Illuminate\\Pipeline\\Pipeline->Illuminate\\Pipeline\\{closure}(Object(Illuminate\\Http\\Request))
#59 D:\\Code\\C\\projet\\ProjetAnnuelAmYaYaz\\vendor\\laravel\\framework\\src\\Illuminate\\Pipeline\\Pipeline.php(183): Illuminate\\Foundation\\Http\\Middleware\\PreventRequestsDuringMaintenance->handle(Object(Illuminate\\Http\\Request), Object(Closure))
#60 D:\\Code\\C\\projet\\ProjetAnnuelAmYaYaz\\vendor\\laravel\\framework\\src\\Illuminate\\Http\\Middleware\\HandleCors.php(49): Illuminate\\Pipeline\\Pipeline->Illuminate\\Pipeline\\{closure}(Object(Illuminate\\Http\\Request))
#61 D:\\Code\\C\\projet\\ProjetAnnuelAmYaYaz\\vendor\\laravel\\framework\\src\\Illuminate\\Pipeline\\Pipeline.php(183): Illuminate\\Http\\Middleware\\HandleCors->handle(Object(Illuminate\\Http\\Request), Object(Closure))
#62 D:\\Code\\C\\projet\\ProjetAnnuelAmYaYaz\\vendor\\laravel\\framework\\src\\Illuminate\\Http\\Middleware\\TrustProxies.php(39): Illuminate\\Pipeline\\Pipeline->Illuminate\\Pipeline\\{closure}(Object(Illuminate\\Http\\Request))
#63 D:\\Code\\C\\projet\\ProjetAnnuelAmYaYaz\\vendor\\laravel\\framework\\src\\Illuminate\\Pipeline\\Pipeline.php(183): Illuminate\\Http\\Middleware\\TrustProxies->handle(Object(Illuminate\\Http\\Request), Object(Closure))
#64 D:\\Code\\C\\projet\\ProjetAnnuelAmYaYaz\\vendor\\laravel\\framework\\src\\Illuminate\\Pipeline\\Pipeline.php(119): Illuminate\\Pipeline\\Pipeline->Illuminate\\Pipeline\\{closure}(Object(Illuminate\\Http\\Request))
#65 D:\\Code\\C\\projet\\ProjetAnnuelAmYaYaz\\vendor\\laravel\\framework\\src\\Illuminate\\Foundation\\Http\\Kernel.php(175): Illuminate\\Pipeline\\Pipeline->then(Object(Closure))
#66 D:\\Code\\C\\projet\\ProjetAnnuelAmYaYaz\\vendor\\laravel\\framework\\src\\Illuminate\\Foundation\\Http\\Kernel.php(144): Illuminate\\Foundation\\Http\\Kernel->sendRequestThroughRouter(Object(Illuminate\\Http\\Request))
#67 D:\\Code\\C\\projet\\ProjetAnnuelAmYaYaz\\public\\index.php(52): Illuminate\\Foundation\\Http\\Kernel->handle(Object(Illuminate\\Http\\Request))
#68 D:\\Code\\C\\projet\\ProjetAnnuelAmYaYaz\\vendor\\laravel\\framework\\src\\Illuminate\\Foundation\\resources\\server.php(16): require_once('D:\\\\Code\\\\C\\\\proje...')
#69 {main}
"} 
[2025-05-05 12:11:27] local.ERROR: This password does not use the Bcrypt algorithm. {"exception":"[object] (RuntimeException(code: 0): This password does not use the Bcrypt algorithm. at D:\\Code\\C\\projet\\ProjetAnnuelAmYaYaz\\vendor\\laravel\\framework\\src\\Illuminate\\Hashing\\BcryptHasher.php:71)
[stacktrace]
#0 D:\\Code\\C\\projet\\ProjetAnnuelAmYaYaz\\vendor\\laravel\\framework\\src\\Illuminate\\Hashing\\HashManager.php(76): Illuminate\\Hashing\\BcryptHasher->check('root', 'root', Array)
#1 D:\\Code\\C\\projet\\ProjetAnnuelAmYaYaz\\vendor\\laravel\\framework\\src\\Illuminate\\Auth\\EloquentUserProvider.php(155): Illuminate\\Hashing\\HashManager->check('root', 'root')
#2 D:\\Code\\C\\projet\\ProjetAnnuelAmYaYaz\\vendor\\laravel\\framework\\src\\Illuminate\\Auth\\SessionGuard.php(438): Illuminate\\Auth\\EloquentUserProvider->validateCredentials(Object(App\\Models\\Utilisateur), Array)
#3 D:\\Code\\C\\projet\\ProjetAnnuelAmYaYaz\\vendor\\laravel\\framework\\src\\Illuminate\\Support\\Timebox.php(32): Illuminate\\Auth\\SessionGuard->Illuminate\\Auth\\{closure}(Object(Illuminate\\Support\\Timebox))
#4 D:\\Code\\C\\projet\\ProjetAnnuelAmYaYaz\\vendor\\laravel\\framework\\src\\Illuminate\\Auth\\SessionGuard.php(447): Illuminate\\Support\\Timebox->call(Object(Closure), 200000)
#5 D:\\Code\\C\\projet\\ProjetAnnuelAmYaYaz\\vendor\\laravel\\framework\\src\\Illuminate\\Auth\\SessionGuard.php(386): Illuminate\\Auth\\SessionGuard->hasValidCredentials(Object(App\\Models\\Utilisateur), Array)
#6 D:\\Code\\C\\projet\\ProjetAnnuelAmYaYaz\\vendor\\laravel\\framework\\src\\Illuminate\\Auth\\AuthManager.php(340): Illuminate\\Auth\\SessionGuard->attempt(Array, NULL)
#7 D:\\Code\\C\\projet\\ProjetAnnuelAmYaYaz\\vendor\\laravel\\framework\\src\\Illuminate\\Support\\Facades\\Facade.php(355): Illuminate\\Auth\\AuthManager->__call('attempt', Array)
#8 D:\\Code\\C\\projet\\ProjetAnnuelAmYaYaz\\app\\Http\\Controllers\\Auth\\LoginController.php(29): Illuminate\\Support\\Facades\\Facade::__callStatic('attempt', Array)
#9 D:\\Code\\C\\projet\\ProjetAnnuelAmYaYaz\\vendor\\laravel\\framework\\src\\Illuminate\\Routing\\Controller.php(54): App\\Http\\Controllers\\Auth\\LoginController->login(Object(Illuminate\\Http\\Request))
#10 D:\\Code\\C\\projet\\ProjetAnnuelAmYaYaz\\vendor\\laravel\\framework\\src\\Illuminate\\Routing\\ControllerDispatcher.php(43): Illuminate\\Routing\\Controller->callAction('login', Array)
#11 D:\\Code\\C\\projet\\ProjetAnnuelAmYaYaz\\vendor\\laravel\\framework\\src\\Illuminate\\Routing\\Route.php(260): Illuminate\\Routing\\ControllerDispatcher->dispatch(Object(Illuminate\\Routing\\Route), Object(App\\Http\\Controllers\\Auth\\LoginController), 'login')
#12 D:\\Code\\C\\projet\\ProjetAnnuelAmYaYaz\\vendor\\laravel\\framework\\src\\Illuminate\\Routing\\Route.php(205): Illuminate\\Routing\\Route->runController()
#13 D:\\Code\\C\\projet\\ProjetAnnuelAmYaYaz\\vendor\\laravel\\framework\\src\\Illuminate\\Routing\\Router.php(806): Illuminate\\Routing\\Route->run()
#14 D:\\Code\\C\\projet\\ProjetAnnuelAmYaYaz\\vendor\\laravel\\framework\\src\\Illuminate\\Pipeline\\Pipeline.php(144): Illuminate\\Routing\\Router->Illuminate\\Routing\\{closure}(Object(Illuminate\\Http\\Request))
#15 D:\\Code\\C\\projet\\ProjetAnnuelAmYaYaz\\vendor\\laravel\\framework\\src\\Illuminate\\Http\\Middleware\\AddLinkHeadersForPreloadedAssets.php(20): Illuminate\\Pipeline\\Pipeline->Illuminate\\Pipeline\\{closure}(Object(Illuminate\\Http\\Request))
#16 D:\\Code\\C\\projet\\ProjetAnnuelAmYaYaz\\vendor\\laravel\\framework\\src\\Illuminate\\Pipeline\\Pipeline.php(183): Illuminate\\Http\\Middleware\\AddLinkHeadersForPreloadedAssets->handle(Object(Illuminate\\Http\\Request), Object(Closure))
#17 D:\\Code\\C\\projet\\ProjetAnnuelAmYaYaz\\vendor\\inertiajs\\inertia-laravel\\src\\Middleware.php(87): Illuminate\\Pipeline\\Pipeline->Illuminate\\Pipeline\\{closure}(Object(Illuminate\\Http\\Request))
#18 D:\\Code\\C\\projet\\ProjetAnnuelAmYaYaz\\vendor\\laravel\\framework\\src\\Illuminate\\Pipeline\\Pipeline.php(183): Inertia\\Middleware->handle(Object(Illuminate\\Http\\Request), Object(Closure))
#19 D:\\Code\\C\\projet\\ProjetAnnuelAmYaYaz\\vendor\\laravel\\framework\\src\\Illuminate\\Routing\\Middleware\\SubstituteBindings.php(50): Illuminate\\Pipeline\\Pipeline->Illuminate\\Pipeline\\{closure}(Object(Illuminate\\Http\\Request))
#20 D:\\Code\\C\\projet\\ProjetAnnuelAmYaYaz\\vendor\\laravel\\framework\\src\\Illuminate\\Pipeline\\Pipeline.php(183): Illuminate\\Routing\\Middleware\\SubstituteBindings->handle(Object(Illuminate\\Http\\Request), Object(Closure))
#21 D:\\Code\\C\\projet\\ProjetAnnuelAmYaYaz\\vendor\\laravel\\framework\\src\\Illuminate\\Foundation\\Http\\Middleware\\VerifyCsrfToken.php(78): Illuminate\\Pipeline\\Pipeline->Illuminate\\Pipeline\\{closure}(Object(Illuminate\\Http\\Request))
#22 D:\\Code\\C\\projet\\ProjetAnnuelAmYaYaz\\vendor\\laravel\\framework\\src\\Illuminate\\Pipeline\\Pipeline.php(183): Illuminate\\Foundation\\Http\\Middleware\\VerifyCsrfToken->handle(Object(Illuminate\\Http\\Request), Object(Closure))
#23 D:\\Code\\C\\projet\\ProjetAnnuelAmYaYaz\\vendor\\laravel\\framework\\src\\Illuminate\\View\\Middleware\\ShareErrorsFromSession.php(49): Illuminate\\Pipeline\\Pipeline->Illuminate\\Pipeline\\{closure}(Object(Illuminate\\Http\\Request))
#24 D:\\Code\\C\\projet\\ProjetAnnuelAmYaYaz\\vendor\\laravel\\framework\\src\\Illuminate\\Pipeline\\Pipeline.php(183): Illuminate\\View\\Middleware\\ShareErrorsFromSession->handle(Object(Illuminate\\Http\\Request), Object(Closure))
#25 D:\\Code\\C\\projet\\ProjetAnnuelAmYaYaz\\vendor\\laravel\\framework\\src\\Illuminate\\Session\\Middleware\\StartSession.php(121): Illuminate\\Pipeline\\Pipeline->Illuminate\\Pipeline\\{closure}(Object(Illuminate\\Http\\Request))
#26 D:\\Code\\C\\projet\\ProjetAnnuelAmYaYaz\\vendor\\laravel\\framework\\src\\Illuminate\\Session\\Middleware\\StartSession.php(64): Illuminate\\Session\\Middleware\\StartSession->handleStatefulRequest(Object(Illuminate\\Http\\Request), Object(Illuminate\\Session\\Store), Object(Closure))
#27 D:\\Code\\C\\projet\\ProjetAnnuelAmYaYaz\\vendor\\laravel\\framework\\src\\Illuminate\\Pipeline\\Pipeline.php(183): Illuminate\\Session\\Middleware\\StartSession->handle(Object(Illuminate\\Http\\Request), Object(Closure))
#28 D:\\Code\\C\\projet\\ProjetAnnuelAmYaYaz\\vendor\\laravel\\framework\\src\\Illuminate\\Cookie\\Middleware\\AddQueuedCookiesToResponse.php(37): Illuminate\\Pipeline\\Pipeline->Illuminate\\Pipeline\\{closure}(Object(Illuminate\\Http\\Request))
#29 D:\\Code\\C\\projet\\ProjetAnnuelAmYaYaz\\vendor\\laravel\\framework\\src\\Illuminate\\Pipeline\\Pipeline.php(183): Illuminate\\Cookie\\Middleware\\AddQueuedCookiesToResponse->handle(Object(Illuminate\\Http\\Request), Object(Closure))
#30 D:\\Code\\C\\projet\\ProjetAnnuelAmYaYaz\\vendor\\laravel\\framework\\src\\Illuminate\\Cookie\\Middleware\\EncryptCookies.php(67): Illuminate\\Pipeline\\Pipeline->Illuminate\\Pipeline\\{closure}(Object(Illuminate\\Http\\Request))
#31 D:\\Code\\C\\projet\\ProjetAnnuelAmYaYaz\\vendor\\laravel\\framework\\src\\Illuminate\\Pipeline\\Pipeline.php(183): Illuminate\\Cookie\\Middleware\\EncryptCookies->handle(Object(Illuminate\\Http\\Request), Object(Closure))
#32 D:\\Code\\C\\projet\\ProjetAnnuelAmYaYaz\\vendor\\laravel\\framework\\src\\Illuminate\\Pipeline\\Pipeline.php(119): Illuminate\\Pipeline\\Pipeline->Illuminate\\Pipeline\\{closure}(Object(Illuminate\\Http\\Request))
#33 D:\\Code\\C\\projet\\ProjetAnnuelAmYaYaz\\vendor\\laravel\\framework\\src\\Illuminate\\Routing\\Router.php(807): Illuminate\\Pipeline\\Pipeline->then(Object(Closure))
#34 D:\\Code\\C\\projet\\ProjetAnnuelAmYaYaz\\vendor\\laravel\\framework\\src\\Illuminate\\Routing\\Router.php(784): Illuminate\\Routing\\Router->runRouteWithinStack(Object(Illuminate\\Routing\\Route), Object(Illuminate\\Http\\Request))
#35 D:\\Code\\C\\projet\\ProjetAnnuelAmYaYaz\\vendor\\laravel\\framework\\src\\Illuminate\\Routing\\Router.php(748): Illuminate\\Routing\\Router->runRoute(Object(Illuminate\\Http\\Request), Object(Illuminate\\Routing\\Route))
#36 D:\\Code\\C\\projet\\ProjetAnnuelAmYaYaz\\vendor\\laravel\\framework\\src\\Illuminate\\Routing\\Router.php(737): Illuminate\\Routing\\Router->dispatchToRoute(Object(Illuminate\\Http\\Request))
#37 D:\\Code\\C\\projet\\ProjetAnnuelAmYaYaz\\vendor\\laravel\\framework\\src\\Illuminate\\Foundation\\Http\\Kernel.php(200): Illuminate\\Routing\\Router->dispatch(Object(Illuminate\\Http\\Request))
#38 D:\\Code\\C\\projet\\ProjetAnnuelAmYaYaz\\vendor\\laravel\\framework\\src\\Illuminate\\Pipeline\\Pipeline.php(144): Illuminate\\Foundation\\Http\\Kernel->Illuminate\\Foundation\\Http\\{closure}(Object(Illuminate\\Http\\Request))
#39 D:\\Code\\C\\projet\\ProjetAnnuelAmYaYaz\\vendor\\laravel\\framework\\src\\Illuminate\\Foundation\\Http\\Middleware\\TransformsRequest.php(21): Illuminate\\Pipeline\\Pipeline->Illuminate\\Pipeline\\{closure}(Object(Illuminate\\Http\\Request))
#40 D:\\Code\\C\\projet\\ProjetAnnuelAmYaYaz\\vendor\\laravel\\framework\\src\\Illuminate\\Foundation\\Http\\Middleware\\ConvertEmptyStringsToNull.php(31): Illuminate\\Foundation\\Http\\Middleware\\TransformsRequest->handle(Object(Illuminate\\Http\\Request), Object(Closure))
#41 D:\\Code\\C\\projet\\ProjetAnnuelAmYaYaz\\vendor\\laravel\\framework\\src\\Illuminate\\Pipeline\\Pipeline.php(183): Illuminate\\Foundation\\Http\\Middleware\\ConvertEmptyStringsToNull->handle(Object(Illuminate\\Http\\Request), Object(Closure))
#42 D:\\Code\\C\\projet\\ProjetAnnuelAmYaYaz\\vendor\\laravel\\framework\\src\\Illuminate\\Foundation\\Http\\Middleware\\TransformsRequest.php(21): Illuminate\\Pipeline\\Pipeline->Illuminate\\Pipeline\\{closure}(Object(Illuminate\\Http\\Request))
#43 D:\\Code\\C\\projet\\ProjetAnnuelAmYaYaz\\vendor\\laravel\\framework\\src\\Illuminate\\Foundation\\Http\\Middleware\\TrimStrings.php(40): Illuminate\\Foundation\\Http\\Middleware\\TransformsRequest->handle(Object(Illuminate\\Http\\Request), Object(Closure))
#44 D:\\Code\\C\\projet\\ProjetAnnuelAmYaYaz\\vendor\\laravel\\framework\\src\\Illuminate\\Pipeline\\Pipeline.php(183): Illuminate\\Foundation\\Http\\Middleware\\TrimStrings->handle(Object(Illuminate\\Http\\Request), Object(Closure))
#45 D:\\Code\\C\\projet\\ProjetAnnuelAmYaYaz\\vendor\\laravel\\framework\\src\\Illuminate\\Foundation\\Http\\Middleware\\ValidatePostSize.php(27): Illuminate\\Pipeline\\Pipeline->Illuminate\\Pipeline\\{closure}(Object(Illuminate\\Http\\Request))
#46 D:\\Code\\C\\projet\\ProjetAnnuelAmYaYaz\\vendor\\laravel\\framework\\src\\Illuminate\\Pipeline\\Pipeline.php(183): Illuminate\\Foundation\\Http\\Middleware\\ValidatePostSize->handle(Object(Illuminate\\Http\\Request), Object(Closure))
#47 D:\\Code\\C\\projet\\ProjetAnnuelAmYaYaz\\vendor\\laravel\\framework\\src\\Illuminate\\Foundation\\Http\\Middleware\\PreventRequestsDuringMaintenance.php(99): Illuminate\\Pipeline\\Pipeline->Illuminate\\Pipeline\\{closure}(Object(Illuminate\\Http\\Request))
#48 D:\\Code\\C\\projet\\ProjetAnnuelAmYaYaz\\vendor\\laravel\\framework\\src\\Illuminate\\Pipeline\\Pipeline.php(183): Illuminate\\Foundation\\Http\\Middleware\\PreventRequestsDuringMaintenance->handle(Object(Illuminate\\Http\\Request), Object(Closure))
#49 D:\\Code\\C\\projet\\ProjetAnnuelAmYaYaz\\vendor\\laravel\\framework\\src\\Illuminate\\Http\\Middleware\\HandleCors.php(49): Illuminate\\Pipeline\\Pipeline->Illuminate\\Pipeline\\{closure}(Object(Illuminate\\Http\\Request))
#50 D:\\Code\\C\\projet\\ProjetAnnuelAmYaYaz\\vendor\\laravel\\framework\\src\\Illuminate\\Pipeline\\Pipeline.php(183): Illuminate\\Http\\Middleware\\HandleCors->handle(Object(Illuminate\\Http\\Request), Object(Closure))
#51 D:\\Code\\C\\projet\\ProjetAnnuelAmYaYaz\\vendor\\laravel\\framework\\src\\Illuminate\\Http\\Middleware\\TrustProxies.php(39): Illuminate\\Pipeline\\Pipeline->Illuminate\\Pipeline\\{closure}(Object(Illuminate\\Http\\Request))
#52 D:\\Code\\C\\projet\\ProjetAnnuelAmYaYaz\\vendor\\laravel\\framework\\src\\Illuminate\\Pipeline\\Pipeline.php(183): Illuminate\\Http\\Middleware\\TrustProxies->handle(Object(Illuminate\\Http\\Request), Object(Closure))
#53 D:\\Code\\C\\projet\\ProjetAnnuelAmYaYaz\\vendor\\laravel\\framework\\src\\Illuminate\\Pipeline\\Pipeline.php(119): Illuminate\\Pipeline\\Pipeline->Illuminate\\Pipeline\\{closure}(Object(Illuminate\\Http\\Request))
#54 D:\\Code\\C\\projet\\ProjetAnnuelAmYaYaz\\vendor\\laravel\\framework\\src\\Illuminate\\Foundation\\Http\\Kernel.php(175): Illuminate\\Pipeline\\Pipeline->then(Object(Closure))
#55 D:\\Code\\C\\projet\\ProjetAnnuelAmYaYaz\\vendor\\laravel\\framework\\src\\Illuminate\\Foundation\\Http\\Kernel.php(144): Illuminate\\Foundation\\Http\\Kernel->sendRequestThroughRouter(Object(Illuminate\\Http\\Request))
#56 D:\\Code\\C\\projet\\ProjetAnnuelAmYaYaz\\public\\index.php(52): Illuminate\\Foundation\\Http\\Kernel->handle(Object(Illuminate\\Http\\Request))
#57 D:\\Code\\C\\projet\\ProjetAnnuelAmYaYaz\\vendor\\laravel\\framework\\src\\Illuminate\\Foundation\\resources\\server.php(16): require_once('D:\\\\Code\\\\C\\\\proje...')
#58 {main}
"} 
[2025-05-05 19:03:06] local.ERROR: SQLSTATE[42S22]: Column not found: 1054 Champ 'actif' inconnu dans field list (Connection: mysql, SQL: update `utilisateurs` set `actif` = 1, `utilisateurs`.`updated_at` = 2025-05-05 19:03:06 where `id_utilisateur` = 1) {"userId":22,"exception":"[object] (Illuminate\\Database\\QueryException(code: 42S22): SQLSTATE[42S22]: Column not found: 1054 Champ 'actif' inconnu dans field list (Connection: mysql, SQL: update `utilisateurs` set `actif` = 1, `utilisateurs`.`updated_at` = 2025-05-05 19:03:06 where `id_utilisateur` = 1) at D:\\Code\\C\\projet\\ProjetAnnuelAmYaYaz\\vendor\\laravel\\framework\\src\\Illuminate\\Database\\Connection.php:829)
[stacktrace]
#0 D:\\Code\\C\\projet\\ProjetAnnuelAmYaYaz\\vendor\\laravel\\framework\\src\\Illuminate\\Database\\Connection.php(783): Illuminate\\Database\\Connection->runQueryCallback('update `utilisa...', Array, Object(Closure))
#1 D:\\Code\\C\\projet\\ProjetAnnuelAmYaYaz\\vendor\\laravel\\framework\\src\\Illuminate\\Database\\Connection.php(619): Illuminate\\Database\\Connection->run('update `utilisa...', Array, Object(Closure))
#2 D:\\Code\\C\\projet\\ProjetAnnuelAmYaYaz\\vendor\\laravel\\framework\\src\\Illuminate\\Database\\Connection.php(552): Illuminate\\Database\\Connection->affectingStatement('update `utilisa...', Array)
#3 D:\\Code\\C\\projet\\ProjetAnnuelAmYaYaz\\vendor\\laravel\\framework\\src\\Illuminate\\Database\\Query\\Builder.php(3603): Illuminate\\Database\\Connection->update('update `utilisa...', Array)
#4 D:\\Code\\C\\projet\\ProjetAnnuelAmYaYaz\\vendor\\laravel\\framework\\src\\Illuminate\\Database\\Eloquent\\Builder.php(1061): Illuminate\\Database\\Query\\Builder->update(Array)
#5 D:\\Code\\C\\projet\\ProjetAnnuelAmYaYaz\\vendor\\laravel\\framework\\src\\Illuminate\\Database\\Eloquent\\Model.php(1214): Illuminate\\Database\\Eloquent\\Builder->update(Array)
#6 D:\\Code\\C\\projet\\ProjetAnnuelAmYaYaz\\vendor\\laravel\\framework\\src\\Illuminate\\Database\\Eloquent\\Model.php(1131): Illuminate\\Database\\Eloquent\\Model->performUpdate(Object(Illuminate\\Database\\Eloquent\\Builder))
#7 D:\\Code\\C\\projet\\ProjetAnnuelAmYaYaz\\app\\Http\\Controllers\\UtilisateurController.php(72): Illuminate\\Database\\Eloquent\\Model->save()
#8 D:\\Code\\C\\projet\\ProjetAnnuelAmYaYaz\\vendor\\laravel\\framework\\src\\Illuminate\\Routing\\Controller.php(54): App\\Http\\Controllers\\UtilisateurController->toggleActivation('1')
#9 D:\\Code\\C\\projet\\ProjetAnnuelAmYaYaz\\vendor\\laravel\\framework\\src\\Illuminate\\Routing\\ControllerDispatcher.php(43): Illuminate\\Routing\\Controller->callAction('toggleActivatio...', Array)
#10 D:\\Code\\C\\projet\\ProjetAnnuelAmYaYaz\\vendor\\laravel\\framework\\src\\Illuminate\\Routing\\Route.php(260): Illuminate\\Routing\\ControllerDispatcher->dispatch(Object(Illuminate\\Routing\\Route), Object(App\\Http\\Controllers\\UtilisateurController), 'toggleActivatio...')
#11 D:\\Code\\C\\projet\\ProjetAnnuelAmYaYaz\\vendor\\laravel\\framework\\src\\Illuminate\\Routing\\Route.php(205): Illuminate\\Routing\\Route->runController()
#12 D:\\Code\\C\\projet\\ProjetAnnuelAmYaYaz\\vendor\\laravel\\framework\\src\\Illuminate\\Routing\\Router.php(806): Illuminate\\Routing\\Route->run()
#13 D:\\Code\\C\\projet\\ProjetAnnuelAmYaYaz\\vendor\\laravel\\framework\\src\\Illuminate\\Pipeline\\Pipeline.php(144): Illuminate\\Routing\\Router->Illuminate\\Routing\\{closure}(Object(Illuminate\\Http\\Request))
#14 D:\\Code\\C\\projet\\ProjetAnnuelAmYaYaz\\vendor\\laravel\\framework\\src\\Illuminate\\Http\\Middleware\\AddLinkHeadersForPreloadedAssets.php(20): Illuminate\\Pipeline\\Pipeline->Illuminate\\Pipeline\\{closure}(Object(Illuminate\\Http\\Request))
#15 D:\\Code\\C\\projet\\ProjetAnnuelAmYaYaz\\vendor\\laravel\\framework\\src\\Illuminate\\Pipeline\\Pipeline.php(183): Illuminate\\Http\\Middleware\\AddLinkHeadersForPreloadedAssets->handle(Object(Illuminate\\Http\\Request), Object(Closure))
#16 D:\\Code\\C\\projet\\ProjetAnnuelAmYaYaz\\vendor\\inertiajs\\inertia-laravel\\src\\Middleware.php(87): Illuminate\\Pipeline\\Pipeline->Illuminate\\Pipeline\\{closure}(Object(Illuminate\\Http\\Request))
#17 D:\\Code\\C\\projet\\ProjetAnnuelAmYaYaz\\vendor\\laravel\\framework\\src\\Illuminate\\Pipeline\\Pipeline.php(183): Inertia\\Middleware->handle(Object(Illuminate\\Http\\Request), Object(Closure))
#18 D:\\Code\\C\\projet\\ProjetAnnuelAmYaYaz\\vendor\\laravel\\framework\\src\\Illuminate\\Routing\\Middleware\\SubstituteBindings.php(50): Illuminate\\Pipeline\\Pipeline->Illuminate\\Pipeline\\{closure}(Object(Illuminate\\Http\\Request))
#19 D:\\Code\\C\\projet\\ProjetAnnuelAmYaYaz\\vendor\\laravel\\framework\\src\\Illuminate\\Pipeline\\Pipeline.php(183): Illuminate\\Routing\\Middleware\\SubstituteBindings->handle(Object(Illuminate\\Http\\Request), Object(Closure))
#20 D:\\Code\\C\\projet\\ProjetAnnuelAmYaYaz\\vendor\\laravel\\framework\\src\\Illuminate\\Foundation\\Http\\Middleware\\VerifyCsrfToken.php(78): Illuminate\\Pipeline\\Pipeline->Illuminate\\Pipeline\\{closure}(Object(Illuminate\\Http\\Request))
#21 D:\\Code\\C\\projet\\ProjetAnnuelAmYaYaz\\vendor\\laravel\\framework\\src\\Illuminate\\Pipeline\\Pipeline.php(183): Illuminate\\Foundation\\Http\\Middleware\\VerifyCsrfToken->handle(Object(Illuminate\\Http\\Request), Object(Closure))
#22 D:\\Code\\C\\projet\\ProjetAnnuelAmYaYaz\\vendor\\laravel\\framework\\src\\Illuminate\\View\\Middleware\\ShareErrorsFromSession.php(49): Illuminate\\Pipeline\\Pipeline->Illuminate\\Pipeline\\{closure}(Object(Illuminate\\Http\\Request))
#23 D:\\Code\\C\\projet\\ProjetAnnuelAmYaYaz\\vendor\\laravel\\framework\\src\\Illuminate\\Pipeline\\Pipeline.php(183): Illuminate\\View\\Middleware\\ShareErrorsFromSession->handle(Object(Illuminate\\Http\\Request), Object(Closure))
#24 D:\\Code\\C\\projet\\ProjetAnnuelAmYaYaz\\vendor\\laravel\\framework\\src\\Illuminate\\Session\\Middleware\\StartSession.php(121): Illuminate\\Pipeline\\Pipeline->Illuminate\\Pipeline\\{closure}(Object(Illuminate\\Http\\Request))
#25 D:\\Code\\C\\projet\\ProjetAnnuelAmYaYaz\\vendor\\laravel\\framework\\src\\Illuminate\\Session\\Middleware\\StartSession.php(64): Illuminate\\Session\\Middleware\\StartSession->handleStatefulRequest(Object(Illuminate\\Http\\Request), Object(Illuminate\\Session\\Store), Object(Closure))
#26 D:\\Code\\C\\projet\\ProjetAnnuelAmYaYaz\\vendor\\laravel\\framework\\src\\Illuminate\\Pipeline\\Pipeline.php(183): Illuminate\\Session\\Middleware\\StartSession->handle(Object(Illuminate\\Http\\Request), Object(Closure))
#27 D:\\Code\\C\\projet\\ProjetAnnuelAmYaYaz\\vendor\\laravel\\framework\\src\\Illuminate\\Cookie\\Middleware\\AddQueuedCookiesToResponse.php(37): Illuminate\\Pipeline\\Pipeline->Illuminate\\Pipeline\\{closure}(Object(Illuminate\\Http\\Request))
#28 D:\\Code\\C\\projet\\ProjetAnnuelAmYaYaz\\vendor\\laravel\\framework\\src\\Illuminate\\Pipeline\\Pipeline.php(183): Illuminate\\Cookie\\Middleware\\AddQueuedCookiesToResponse->handle(Object(Illuminate\\Http\\Request), Object(Closure))
#29 D:\\Code\\C\\projet\\ProjetAnnuelAmYaYaz\\vendor\\laravel\\framework\\src\\Illuminate\\Cookie\\Middleware\\EncryptCookies.php(67): Illuminate\\Pipeline\\Pipeline->Illuminate\\Pipeline\\{closure}(Object(Illuminate\\Http\\Request))
#30 D:\\Code\\C\\projet\\ProjetAnnuelAmYaYaz\\vendor\\laravel\\framework\\src\\Illuminate\\Pipeline\\Pipeline.php(183): Illuminate\\Cookie\\Middleware\\EncryptCookies->handle(Object(Illuminate\\Http\\Request), Object(Closure))
#31 D:\\Code\\C\\projet\\ProjetAnnuelAmYaYaz\\vendor\\laravel\\framework\\src\\Illuminate\\Pipeline\\Pipeline.php(119): Illuminate\\Pipeline\\Pipeline->Illuminate\\Pipeline\\{closure}(Object(Illuminate\\Http\\Request))
#32 D:\\Code\\C\\projet\\ProjetAnnuelAmYaYaz\\vendor\\laravel\\framework\\src\\Illuminate\\Routing\\Router.php(807): Illuminate\\Pipeline\\Pipeline->then(Object(Closure))
#33 D:\\Code\\C\\projet\\ProjetAnnuelAmYaYaz\\vendor\\laravel\\framework\\src\\Illuminate\\Routing\\Router.php(784): Illuminate\\Routing\\Router->runRouteWithinStack(Object(Illuminate\\Routing\\Route), Object(Illuminate\\Http\\Request))
#34 D:\\Code\\C\\projet\\ProjetAnnuelAmYaYaz\\vendor\\laravel\\framework\\src\\Illuminate\\Routing\\Router.php(748): Illuminate\\Routing\\Router->runRoute(Object(Illuminate\\Http\\Request), Object(Illuminate\\Routing\\Route))
#35 D:\\Code\\C\\projet\\ProjetAnnuelAmYaYaz\\vendor\\laravel\\framework\\src\\Illuminate\\Routing\\Router.php(737): Illuminate\\Routing\\Router->dispatchToRoute(Object(Illuminate\\Http\\Request))
#36 D:\\Code\\C\\projet\\ProjetAnnuelAmYaYaz\\vendor\\laravel\\framework\\src\\Illuminate\\Foundation\\Http\\Kernel.php(200): Illuminate\\Routing\\Router->dispatch(Object(Illuminate\\Http\\Request))
#37 D:\\Code\\C\\projet\\ProjetAnnuelAmYaYaz\\vendor\\laravel\\framework\\src\\Illuminate\\Pipeline\\Pipeline.php(144): Illuminate\\Foundation\\Http\\Kernel->Illuminate\\Foundation\\Http\\{closure}(Object(Illuminate\\Http\\Request))
#38 D:\\Code\\C\\projet\\ProjetAnnuelAmYaYaz\\vendor\\laravel\\framework\\src\\Illuminate\\Foundation\\Http\\Middleware\\TransformsRequest.php(21): Illuminate\\Pipeline\\Pipeline->Illuminate\\Pipeline\\{closure}(Object(Illuminate\\Http\\Request))
#39 D:\\Code\\C\\projet\\ProjetAnnuelAmYaYaz\\vendor\\laravel\\framework\\src\\Illuminate\\Foundation\\Http\\Middleware\\ConvertEmptyStringsToNull.php(31): Illuminate\\Foundation\\Http\\Middleware\\TransformsRequest->handle(Object(Illuminate\\Http\\Request), Object(Closure))
#40 D:\\Code\\C\\projet\\ProjetAnnuelAmYaYaz\\vendor\\laravel\\framework\\src\\Illuminate\\Pipeline\\Pipeline.php(183): Illuminate\\Foundation\\Http\\Middleware\\ConvertEmptyStringsToNull->handle(Object(Illuminate\\Http\\Request), Object(Closure))
#41 D:\\Code\\C\\projet\\ProjetAnnuelAmYaYaz\\vendor\\laravel\\framework\\src\\Illuminate\\Foundation\\Http\\Middleware\\TransformsRequest.php(21): Illuminate\\Pipeline\\Pipeline->Illuminate\\Pipeline\\{closure}(Object(Illuminate\\Http\\Request))
#42 D:\\Code\\C\\projet\\ProjetAnnuelAmYaYaz\\vendor\\laravel\\framework\\src\\Illuminate\\Foundation\\Http\\Middleware\\TrimStrings.php(40): Illuminate\\Foundation\\Http\\Middleware\\TransformsRequest->handle(Object(Illuminate\\Http\\Request), Object(Closure))
#43 D:\\Code\\C\\projet\\ProjetAnnuelAmYaYaz\\vendor\\laravel\\framework\\src\\Illuminate\\Pipeline\\Pipeline.php(183): Illuminate\\Foundation\\Http\\Middleware\\TrimStrings->handle(Object(Illuminate\\Http\\Request), Object(Closure))
#44 D:\\Code\\C\\projet\\ProjetAnnuelAmYaYaz\\vendor\\laravel\\framework\\src\\Illuminate\\Foundation\\Http\\Middleware\\ValidatePostSize.php(27): Illuminate\\Pipeline\\Pipeline->Illuminate\\Pipeline\\{closure}(Object(Illuminate\\Http\\Request))
#45 D:\\Code\\C\\projet\\ProjetAnnuelAmYaYaz\\vendor\\laravel\\framework\\src\\Illuminate\\Pipeline\\Pipeline.php(183): Illuminate\\Foundation\\Http\\Middleware\\ValidatePostSize->handle(Object(Illuminate\\Http\\Request), Object(Closure))
#46 D:\\Code\\C\\projet\\ProjetAnnuelAmYaYaz\\vendor\\laravel\\framework\\src\\Illuminate\\Foundation\\Http\\Middleware\\PreventRequestsDuringMaintenance.php(99): Illuminate\\Pipeline\\Pipeline->Illuminate\\Pipeline\\{closure}(Object(Illuminate\\Http\\Request))
#47 D:\\Code\\C\\projet\\ProjetAnnuelAmYaYaz\\vendor\\laravel\\framework\\src\\Illuminate\\Pipeline\\Pipeline.php(183): Illuminate\\Foundation\\Http\\Middleware\\PreventRequestsDuringMaintenance->handle(Object(Illuminate\\Http\\Request), Object(Closure))
#48 D:\\Code\\C\\projet\\ProjetAnnuelAmYaYaz\\vendor\\laravel\\framework\\src\\Illuminate\\Http\\Middleware\\HandleCors.php(49): Illuminate\\Pipeline\\Pipeline->Illuminate\\Pipeline\\{closure}(Object(Illuminate\\Http\\Request))
#49 D:\\Code\\C\\projet\\ProjetAnnuelAmYaYaz\\vendor\\laravel\\framework\\src\\Illuminate\\Pipeline\\Pipeline.php(183): Illuminate\\Http\\Middleware\\HandleCors->handle(Object(Illuminate\\Http\\Request), Object(Closure))
#50 D:\\Code\\C\\projet\\ProjetAnnuelAmYaYaz\\vendor\\laravel\\framework\\src\\Illuminate\\Http\\Middleware\\TrustProxies.php(39): Illuminate\\Pipeline\\Pipeline->Illuminate\\Pipeline\\{closure}(Object(Illuminate\\Http\\Request))
#51 D:\\Code\\C\\projet\\ProjetAnnuelAmYaYaz\\vendor\\laravel\\framework\\src\\Illuminate\\Pipeline\\Pipeline.php(183): Illuminate\\Http\\Middleware\\TrustProxies->handle(Object(Illuminate\\Http\\Request), Object(Closure))
#52 D:\\Code\\C\\projet\\ProjetAnnuelAmYaYaz\\vendor\\laravel\\framework\\src\\Illuminate\\Pipeline\\Pipeline.php(119): Illuminate\\Pipeline\\Pipeline->Illuminate\\Pipeline\\{closure}(Object(Illuminate\\Http\\Request))
#53 D:\\Code\\C\\projet\\ProjetAnnuelAmYaYaz\\vendor\\laravel\\framework\\src\\Illuminate\\Foundation\\Http\\Kernel.php(175): Illuminate\\Pipeline\\Pipeline->then(Object(Closure))
#54 D:\\Code\\C\\projet\\ProjetAnnuelAmYaYaz\\vendor\\laravel\\framework\\src\\Illuminate\\Foundation\\Http\\Kernel.php(144): Illuminate\\Foundation\\Http\\Kernel->sendRequestThroughRouter(Object(Illuminate\\Http\\Request))
#55 D:\\Code\\C\\projet\\ProjetAnnuelAmYaYaz\\public\\index.php(52): Illuminate\\Foundation\\Http\\Kernel->handle(Object(Illuminate\\Http\\Request))
#56 D:\\Code\\C\\projet\\ProjetAnnuelAmYaYaz\\vendor\\laravel\\framework\\src\\Illuminate\\Foundation\\resources\\server.php(16): require_once('D:\\\\Code\\\\C\\\\proje...')
#57 {main}

[previous exception] [object] (PDOException(code: 42S22): SQLSTATE[42S22]: Column not found: 1054 Champ 'actif' inconnu dans field list at D:\\Code\\C\\projet\\ProjetAnnuelAmYaYaz\\vendor\\laravel\\framework\\src\\Illuminate\\Database\\Connection.php:608)
[stacktrace]
#0 D:\\Code\\C\\projet\\ProjetAnnuelAmYaYaz\\vendor\\laravel\\framework\\src\\Illuminate\\Database\\Connection.php(608): PDO->prepare('update `utilisa...')
#1 D:\\Code\\C\\projet\\ProjetAnnuelAmYaYaz\\vendor\\laravel\\framework\\src\\Illuminate\\Database\\Connection.php(816): Illuminate\\Database\\Connection->Illuminate\\Database\\{closure}('update `utilisa...', Array)
#2 D:\\Code\\C\\projet\\ProjetAnnuelAmYaYaz\\vendor\\laravel\\framework\\src\\Illuminate\\Database\\Connection.php(783): Illuminate\\Database\\Connection->runQueryCallback('update `utilisa...', Array, Object(Closure))
#3 D:\\Code\\C\\projet\\ProjetAnnuelAmYaYaz\\vendor\\laravel\\framework\\src\\Illuminate\\Database\\Connection.php(619): Illuminate\\Database\\Connection->run('update `utilisa...', Array, Object(Closure))
#4 D:\\Code\\C\\projet\\ProjetAnnuelAmYaYaz\\vendor\\laravel\\framework\\src\\Illuminate\\Database\\Connection.php(552): Illuminate\\Database\\Connection->affectingStatement('update `utilisa...', Array)
#5 D:\\Code\\C\\projet\\ProjetAnnuelAmYaYaz\\vendor\\laravel\\framework\\src\\Illuminate\\Database\\Query\\Builder.php(3603): Illuminate\\Database\\Connection->update('update `utilisa...', Array)
#6 D:\\Code\\C\\projet\\ProjetAnnuelAmYaYaz\\vendor\\laravel\\framework\\src\\Illuminate\\Database\\Eloquent\\Builder.php(1061): Illuminate\\Database\\Query\\Builder->update(Array)
#7 D:\\Code\\C\\projet\\ProjetAnnuelAmYaYaz\\vendor\\laravel\\framework\\src\\Illuminate\\Database\\Eloquent\\Model.php(1214): Illuminate\\Database\\Eloquent\\Builder->update(Array)
#8 D:\\Code\\C\\projet\\ProjetAnnuelAmYaYaz\\vendor\\laravel\\framework\\src\\Illuminate\\Database\\Eloquent\\Model.php(1131): Illuminate\\Database\\Eloquent\\Model->performUpdate(Object(Illuminate\\Database\\Eloquent\\Builder))
#9 D:\\Code\\C\\projet\\ProjetAnnuelAmYaYaz\\app\\Http\\Controllers\\UtilisateurController.php(72): Illuminate\\Database\\Eloquent\\Model->save()
#10 D:\\Code\\C\\projet\\ProjetAnnuelAmYaYaz\\vendor\\laravel\\framework\\src\\Illuminate\\Routing\\Controller.php(54): App\\Http\\Controllers\\UtilisateurController->toggleActivation('1')
#11 D:\\Code\\C\\projet\\ProjetAnnuelAmYaYaz\\vendor\\laravel\\framework\\src\\Illuminate\\Routing\\ControllerDispatcher.php(43): Illuminate\\Routing\\Controller->callAction('toggleActivatio...', Array)
#12 D:\\Code\\C\\projet\\ProjetAnnuelAmYaYaz\\vendor\\laravel\\framework\\src\\Illuminate\\Routing\\Route.php(260): Illuminate\\Routing\\ControllerDispatcher->dispatch(Object(Illuminate\\Routing\\Route), Object(App\\Http\\Controllers\\UtilisateurController), 'toggleActivatio...')
#13 D:\\Code\\C\\projet\\ProjetAnnuelAmYaYaz\\vendor\\laravel\\framework\\src\\Illuminate\\Routing\\Route.php(205): Illuminate\\Routing\\Route->runController()
#14 D:\\Code\\C\\projet\\ProjetAnnuelAmYaYaz\\vendor\\laravel\\framework\\src\\Illuminate\\Routing\\Router.php(806): Illuminate\\Routing\\Route->run()
#15 D:\\Code\\C\\projet\\ProjetAnnuelAmYaYaz\\vendor\\laravel\\framework\\src\\Illuminate\\Pipeline\\Pipeline.php(144): Illuminate\\Routing\\Router->Illuminate\\Routing\\{closure}(Object(Illuminate\\Http\\Request))
#16 D:\\Code\\C\\projet\\ProjetAnnuelAmYaYaz\\vendor\\laravel\\framework\\src\\Illuminate\\Http\\Middleware\\AddLinkHeadersForPreloadedAssets.php(20): Illuminate\\Pipeline\\Pipeline->Illuminate\\Pipeline\\{closure}(Object(Illuminate\\Http\\Request))
#17 D:\\Code\\C\\projet\\ProjetAnnuelAmYaYaz\\vendor\\laravel\\framework\\src\\Illuminate\\Pipeline\\Pipeline.php(183): Illuminate\\Http\\Middleware\\AddLinkHeadersForPreloadedAssets->handle(Object(Illuminate\\Http\\Request), Object(Closure))
#18 D:\\Code\\C\\projet\\ProjetAnnuelAmYaYaz\\vendor\\inertiajs\\inertia-laravel\\src\\Middleware.php(87): Illuminate\\Pipeline\\Pipeline->Illuminate\\Pipeline\\{closure}(Object(Illuminate\\Http\\Request))
#19 D:\\Code\\C\\projet\\ProjetAnnuelAmYaYaz\\vendor\\laravel\\framework\\src\\Illuminate\\Pipeline\\Pipeline.php(183): Inertia\\Middleware->handle(Object(Illuminate\\Http\\Request), Object(Closure))
#20 D:\\Code\\C\\projet\\ProjetAnnuelAmYaYaz\\vendor\\laravel\\framework\\src\\Illuminate\\Routing\\Middleware\\SubstituteBindings.php(50): Illuminate\\Pipeline\\Pipeline->Illuminate\\Pipeline\\{closure}(Object(Illuminate\\Http\\Request))
#21 D:\\Code\\C\\projet\\ProjetAnnuelAmYaYaz\\vendor\\laravel\\framework\\src\\Illuminate\\Pipeline\\Pipeline.php(183): Illuminate\\Routing\\Middleware\\SubstituteBindings->handle(Object(Illuminate\\Http\\Request), Object(Closure))
#22 D:\\Code\\C\\projet\\ProjetAnnuelAmYaYaz\\vendor\\laravel\\framework\\src\\Illuminate\\Foundation\\Http\\Middleware\\VerifyCsrfToken.php(78): Illuminate\\Pipeline\\Pipeline->Illuminate\\Pipeline\\{closure}(Object(Illuminate\\Http\\Request))
#23 D:\\Code\\C\\projet\\ProjetAnnuelAmYaYaz\\vendor\\laravel\\framework\\src\\Illuminate\\Pipeline\\Pipeline.php(183): Illuminate\\Foundation\\Http\\Middleware\\VerifyCsrfToken->handle(Object(Illuminate\\Http\\Request), Object(Closure))
#24 D:\\Code\\C\\projet\\ProjetAnnuelAmYaYaz\\vendor\\laravel\\framework\\src\\Illuminate\\View\\Middleware\\ShareErrorsFromSession.php(49): Illuminate\\Pipeline\\Pipeline->Illuminate\\Pipeline\\{closure}(Object(Illuminate\\Http\\Request))
#25 D:\\Code\\C\\projet\\ProjetAnnuelAmYaYaz\\vendor\\laravel\\framework\\src\\Illuminate\\Pipeline\\Pipeline.php(183): Illuminate\\View\\Middleware\\ShareErrorsFromSession->handle(Object(Illuminate\\Http\\Request), Object(Closure))
#26 D:\\Code\\C\\projet\\ProjetAnnuelAmYaYaz\\vendor\\laravel\\framework\\src\\Illuminate\\Session\\Middleware\\StartSession.php(121): Illuminate\\Pipeline\\Pipeline->Illuminate\\Pipeline\\{closure}(Object(Illuminate\\Http\\Request))
#27 D:\\Code\\C\\projet\\ProjetAnnuelAmYaYaz\\vendor\\laravel\\framework\\src\\Illuminate\\Session\\Middleware\\StartSession.php(64): Illuminate\\Session\\Middleware\\StartSession->handleStatefulRequest(Object(Illuminate\\Http\\Request), Object(Illuminate\\Session\\Store), Object(Closure))
#28 D:\\Code\\C\\projet\\ProjetAnnuelAmYaYaz\\vendor\\laravel\\framework\\src\\Illuminate\\Pipeline\\Pipeline.php(183): Illuminate\\Session\\Middleware\\StartSession->handle(Object(Illuminate\\Http\\Request), Object(Closure))
#29 D:\\Code\\C\\projet\\ProjetAnnuelAmYaYaz\\vendor\\laravel\\framework\\src\\Illuminate\\Cookie\\Middleware\\AddQueuedCookiesToResponse.php(37): Illuminate\\Pipeline\\Pipeline->Illuminate\\Pipeline\\{closure}(Object(Illuminate\\Http\\Request))
#30 D:\\Code\\C\\projet\\ProjetAnnuelAmYaYaz\\vendor\\laravel\\framework\\src\\Illuminate\\Pipeline\\Pipeline.php(183): Illuminate\\Cookie\\Middleware\\AddQueuedCookiesToResponse->handle(Object(Illuminate\\Http\\Request), Object(Closure))
#31 D:\\Code\\C\\projet\\ProjetAnnuelAmYaYaz\\vendor\\laravel\\framework\\src\\Illuminate\\Cookie\\Middleware\\EncryptCookies.php(67): Illuminate\\Pipeline\\Pipeline->Illuminate\\Pipeline\\{closure}(Object(Illuminate\\Http\\Request))
#32 D:\\Code\\C\\projet\\ProjetAnnuelAmYaYaz\\vendor\\laravel\\framework\\src\\Illuminate\\Pipeline\\Pipeline.php(183): Illuminate\\Cookie\\Middleware\\EncryptCookies->handle(Object(Illuminate\\Http\\Request), Object(Closure))
#33 D:\\Code\\C\\projet\\ProjetAnnuelAmYaYaz\\vendor\\laravel\\framework\\src\\Illuminate\\Pipeline\\Pipeline.php(119): Illuminate\\Pipeline\\Pipeline->Illuminate\\Pipeline\\{closure}(Object(Illuminate\\Http\\Request))
#34 D:\\Code\\C\\projet\\ProjetAnnuelAmYaYaz\\vendor\\laravel\\framework\\src\\Illuminate\\Routing\\Router.php(807): Illuminate\\Pipeline\\Pipeline->then(Object(Closure))
#35 D:\\Code\\C\\projet\\ProjetAnnuelAmYaYaz\\vendor\\laravel\\framework\\src\\Illuminate\\Routing\\Router.php(784): Illuminate\\Routing\\Router->runRouteWithinStack(Object(Illuminate\\Routing\\Route), Object(Illuminate\\Http\\Request))
#36 D:\\Code\\C\\projet\\ProjetAnnuelAmYaYaz\\vendor\\laravel\\framework\\src\\Illuminate\\Routing\\Router.php(748): Illuminate\\Routing\\Router->runRoute(Object(Illuminate\\Http\\Request), Object(Illuminate\\Routing\\Route))
#37 D:\\Code\\C\\projet\\ProjetAnnuelAmYaYaz\\vendor\\laravel\\framework\\src\\Illuminate\\Routing\\Router.php(737): Illuminate\\Routing\\Router->dispatchToRoute(Object(Illuminate\\Http\\Request))
#38 D:\\Code\\C\\projet\\ProjetAnnuelAmYaYaz\\vendor\\laravel\\framework\\src\\Illuminate\\Foundation\\Http\\Kernel.php(200): Illuminate\\Routing\\Router->dispatch(Object(Illuminate\\Http\\Request))
#39 D:\\Code\\C\\projet\\ProjetAnnuelAmYaYaz\\vendor\\laravel\\framework\\src\\Illuminate\\Pipeline\\Pipeline.php(144): Illuminate\\Foundation\\Http\\Kernel->Illuminate\\Foundation\\Http\\{closure}(Object(Illuminate\\Http\\Request))
#40 D:\\Code\\C\\projet\\ProjetAnnuelAmYaYaz\\vendor\\laravel\\framework\\src\\Illuminate\\Foundation\\Http\\Middleware\\TransformsRequest.php(21): Illuminate\\Pipeline\\Pipeline->Illuminate\\Pipeline\\{closure}(Object(Illuminate\\Http\\Request))
#41 D:\\Code\\C\\projet\\ProjetAnnuelAmYaYaz\\vendor\\laravel\\framework\\src\\Illuminate\\Foundation\\Http\\Middleware\\ConvertEmptyStringsToNull.php(31): Illuminate\\Foundation\\Http\\Middleware\\TransformsRequest->handle(Object(Illuminate\\Http\\Request), Object(Closure))
#42 D:\\Code\\C\\projet\\ProjetAnnuelAmYaYaz\\vendor\\laravel\\framework\\src\\Illuminate\\Pipeline\\Pipeline.php(183): Illuminate\\Foundation\\Http\\Middleware\\ConvertEmptyStringsToNull->handle(Object(Illuminate\\Http\\Request), Object(Closure))
#43 D:\\Code\\C\\projet\\ProjetAnnuelAmYaYaz\\vendor\\laravel\\framework\\src\\Illuminate\\Foundation\\Http\\Middleware\\TransformsRequest.php(21): Illuminate\\Pipeline\\Pipeline->Illuminate\\Pipeline\\{closure}(Object(Illuminate\\Http\\Request))
#44 D:\\Code\\C\\projet\\ProjetAnnuelAmYaYaz\\vendor\\laravel\\framework\\src\\Illuminate\\Foundation\\Http\\Middleware\\TrimStrings.php(40): Illuminate\\Foundation\\Http\\Middleware\\TransformsRequest->handle(Object(Illuminate\\Http\\Request), Object(Closure))
#45 D:\\Code\\C\\projet\\ProjetAnnuelAmYaYaz\\vendor\\laravel\\framework\\src\\Illuminate\\Pipeline\\Pipeline.php(183): Illuminate\\Foundation\\Http\\Middleware\\TrimStrings->handle(Object(Illuminate\\Http\\Request), Object(Closure))
#46 D:\\Code\\C\\projet\\ProjetAnnuelAmYaYaz\\vendor\\laravel\\framework\\src\\Illuminate\\Foundation\\Http\\Middleware\\ValidatePostSize.php(27): Illuminate\\Pipeline\\Pipeline->Illuminate\\Pipeline\\{closure}(Object(Illuminate\\Http\\Request))
#47 D:\\Code\\C\\projet\\ProjetAnnuelAmYaYaz\\vendor\\laravel\\framework\\src\\Illuminate\\Pipeline\\Pipeline.php(183): Illuminate\\Foundation\\Http\\Middleware\\ValidatePostSize->handle(Object(Illuminate\\Http\\Request), Object(Closure))
#48 D:\\Code\\C\\projet\\ProjetAnnuelAmYaYaz\\vendor\\laravel\\framework\\src\\Illuminate\\Foundation\\Http\\Middleware\\PreventRequestsDuringMaintenance.php(99): Illuminate\\Pipeline\\Pipeline->Illuminate\\Pipeline\\{closure}(Object(Illuminate\\Http\\Request))
#49 D:\\Code\\C\\projet\\ProjetAnnuelAmYaYaz\\vendor\\laravel\\framework\\src\\Illuminate\\Pipeline\\Pipeline.php(183): Illuminate\\Foundation\\Http\\Middleware\\PreventRequestsDuringMaintenance->handle(Object(Illuminate\\Http\\Request), Object(Closure))
#50 D:\\Code\\C\\projet\\ProjetAnnuelAmYaYaz\\vendor\\laravel\\framework\\src\\Illuminate\\Http\\Middleware\\HandleCors.php(49): Illuminate\\Pipeline\\Pipeline->Illuminate\\Pipeline\\{closure}(Object(Illuminate\\Http\\Request))
#51 D:\\Code\\C\\projet\\ProjetAnnuelAmYaYaz\\vendor\\laravel\\framework\\src\\Illuminate\\Pipeline\\Pipeline.php(183): Illuminate\\Http\\Middleware\\HandleCors->handle(Object(Illuminate\\Http\\Request), Object(Closure))
#52 D:\\Code\\C\\projet\\ProjetAnnuelAmYaYaz\\vendor\\laravel\\framework\\src\\Illuminate\\Http\\Middleware\\TrustProxies.php(39): Illuminate\\Pipeline\\Pipeline->Illuminate\\Pipeline\\{closure}(Object(Illuminate\\Http\\Request))
#53 D:\\Code\\C\\projet\\ProjetAnnuelAmYaYaz\\vendor\\laravel\\framework\\src\\Illuminate\\Pipeline\\Pipeline.php(183): Illuminate\\Http\\Middleware\\TrustProxies->handle(Object(Illuminate\\Http\\Request), Object(Closure))
#54 D:\\Code\\C\\projet\\ProjetAnnuelAmYaYaz\\vendor\\laravel\\framework\\src\\Illuminate\\Pipeline\\Pipeline.php(119): Illuminate\\Pipeline\\Pipeline->Illuminate\\Pipeline\\{closure}(Object(Illuminate\\Http\\Request))
#55 D:\\Code\\C\\projet\\ProjetAnnuelAmYaYaz\\vendor\\laravel\\framework\\src\\Illuminate\\Foundation\\Http\\Kernel.php(175): Illuminate\\Pipeline\\Pipeline->then(Object(Closure))
#56 D:\\Code\\C\\projet\\ProjetAnnuelAmYaYaz\\vendor\\laravel\\framework\\src\\Illuminate\\Foundation\\Http\\Kernel.php(144): Illuminate\\Foundation\\Http\\Kernel->sendRequestThroughRouter(Object(Illuminate\\Http\\Request))
#57 D:\\Code\\C\\projet\\ProjetAnnuelAmYaYaz\\public\\index.php(52): Illuminate\\Foundation\\Http\\Kernel->handle(Object(Illuminate\\Http\\Request))
#58 D:\\Code\\C\\projet\\ProjetAnnuelAmYaYaz\\vendor\\laravel\\framework\\src\\Illuminate\\Foundation\\resources\\server.php(16): require_once('D:\\\\Code\\\\C\\\\proje...')
#59 {main}
"} 
[2025-05-05 19:03:26] local.ERROR: SQLSTATE[42S22]: Column not found: 1054 Champ 'actif' inconnu dans field list (Connection: mysql, SQL: update `utilisateurs` set `actif` = 1, `utilisateurs`.`updated_at` = 2025-05-05 19:03:26 where `id_utilisateur` = 1) {"userId":22,"exception":"[object] (Illuminate\\Database\\QueryException(code: 42S22): SQLSTATE[42S22]: Column not found: 1054 Champ 'actif' inconnu dans field list (Connection: mysql, SQL: update `utilisateurs` set `actif` = 1, `utilisateurs`.`updated_at` = 2025-05-05 19:03:26 where `id_utilisateur` = 1) at D:\\Code\\C\\projet\\ProjetAnnuelAmYaYaz\\vendor\\laravel\\framework\\src\\Illuminate\\Database\\Connection.php:829)
[stacktrace]
#0 D:\\Code\\C\\projet\\ProjetAnnuelAmYaYaz\\vendor\\laravel\\framework\\src\\Illuminate\\Database\\Connection.php(783): Illuminate\\Database\\Connection->runQueryCallback('update `utilisa...', Array, Object(Closure))
#1 D:\\Code\\C\\projet\\ProjetAnnuelAmYaYaz\\vendor\\laravel\\framework\\src\\Illuminate\\Database\\Connection.php(619): Illuminate\\Database\\Connection->run('update `utilisa...', Array, Object(Closure))
#2 D:\\Code\\C\\projet\\ProjetAnnuelAmYaYaz\\vendor\\laravel\\framework\\src\\Illuminate\\Database\\Connection.php(552): Illuminate\\Database\\Connection->affectingStatement('update `utilisa...', Array)
#3 D:\\Code\\C\\projet\\ProjetAnnuelAmYaYaz\\vendor\\laravel\\framework\\src\\Illuminate\\Database\\Query\\Builder.php(3603): Illuminate\\Database\\Connection->update('update `utilisa...', Array)
#4 D:\\Code\\C\\projet\\ProjetAnnuelAmYaYaz\\vendor\\laravel\\framework\\src\\Illuminate\\Database\\Eloquent\\Builder.php(1061): Illuminate\\Database\\Query\\Builder->update(Array)
#5 D:\\Code\\C\\projet\\ProjetAnnuelAmYaYaz\\vendor\\laravel\\framework\\src\\Illuminate\\Database\\Eloquent\\Model.php(1214): Illuminate\\Database\\Eloquent\\Builder->update(Array)
#6 D:\\Code\\C\\projet\\ProjetAnnuelAmYaYaz\\vendor\\laravel\\framework\\src\\Illuminate\\Database\\Eloquent\\Model.php(1131): Illuminate\\Database\\Eloquent\\Model->performUpdate(Object(Illuminate\\Database\\Eloquent\\Builder))
#7 D:\\Code\\C\\projet\\ProjetAnnuelAmYaYaz\\app\\Http\\Controllers\\UtilisateurController.php(72): Illuminate\\Database\\Eloquent\\Model->save()
#8 D:\\Code\\C\\projet\\ProjetAnnuelAmYaYaz\\vendor\\laravel\\framework\\src\\Illuminate\\Routing\\Controller.php(54): App\\Http\\Controllers\\UtilisateurController->toggleActivation('1')
#9 D:\\Code\\C\\projet\\ProjetAnnuelAmYaYaz\\vendor\\laravel\\framework\\src\\Illuminate\\Routing\\ControllerDispatcher.php(43): Illuminate\\Routing\\Controller->callAction('toggleActivatio...', Array)
#10 D:\\Code\\C\\projet\\ProjetAnnuelAmYaYaz\\vendor\\laravel\\framework\\src\\Illuminate\\Routing\\Route.php(260): Illuminate\\Routing\\ControllerDispatcher->dispatch(Object(Illuminate\\Routing\\Route), Object(App\\Http\\Controllers\\UtilisateurController), 'toggleActivatio...')
#11 D:\\Code\\C\\projet\\ProjetAnnuelAmYaYaz\\vendor\\laravel\\framework\\src\\Illuminate\\Routing\\Route.php(205): Illuminate\\Routing\\Route->runController()
#12 D:\\Code\\C\\projet\\ProjetAnnuelAmYaYaz\\vendor\\laravel\\framework\\src\\Illuminate\\Routing\\Router.php(806): Illuminate\\Routing\\Route->run()
#13 D:\\Code\\C\\projet\\ProjetAnnuelAmYaYaz\\vendor\\laravel\\framework\\src\\Illuminate\\Pipeline\\Pipeline.php(144): Illuminate\\Routing\\Router->Illuminate\\Routing\\{closure}(Object(Illuminate\\Http\\Request))
#14 D:\\Code\\C\\projet\\ProjetAnnuelAmYaYaz\\vendor\\laravel\\framework\\src\\Illuminate\\Http\\Middleware\\AddLinkHeadersForPreloadedAssets.php(20): Illuminate\\Pipeline\\Pipeline->Illuminate\\Pipeline\\{closure}(Object(Illuminate\\Http\\Request))
#15 D:\\Code\\C\\projet\\ProjetAnnuelAmYaYaz\\vendor\\laravel\\framework\\src\\Illuminate\\Pipeline\\Pipeline.php(183): Illuminate\\Http\\Middleware\\AddLinkHeadersForPreloadedAssets->handle(Object(Illuminate\\Http\\Request), Object(Closure))
#16 D:\\Code\\C\\projet\\ProjetAnnuelAmYaYaz\\vendor\\inertiajs\\inertia-laravel\\src\\Middleware.php(87): Illuminate\\Pipeline\\Pipeline->Illuminate\\Pipeline\\{closure}(Object(Illuminate\\Http\\Request))
#17 D:\\Code\\C\\projet\\ProjetAnnuelAmYaYaz\\vendor\\laravel\\framework\\src\\Illuminate\\Pipeline\\Pipeline.php(183): Inertia\\Middleware->handle(Object(Illuminate\\Http\\Request), Object(Closure))
#18 D:\\Code\\C\\projet\\ProjetAnnuelAmYaYaz\\vendor\\laravel\\framework\\src\\Illuminate\\Routing\\Middleware\\SubstituteBindings.php(50): Illuminate\\Pipeline\\Pipeline->Illuminate\\Pipeline\\{closure}(Object(Illuminate\\Http\\Request))
#19 D:\\Code\\C\\projet\\ProjetAnnuelAmYaYaz\\vendor\\laravel\\framework\\src\\Illuminate\\Pipeline\\Pipeline.php(183): Illuminate\\Routing\\Middleware\\SubstituteBindings->handle(Object(Illuminate\\Http\\Request), Object(Closure))
#20 D:\\Code\\C\\projet\\ProjetAnnuelAmYaYaz\\vendor\\laravel\\framework\\src\\Illuminate\\Foundation\\Http\\Middleware\\VerifyCsrfToken.php(78): Illuminate\\Pipeline\\Pipeline->Illuminate\\Pipeline\\{closure}(Object(Illuminate\\Http\\Request))
#21 D:\\Code\\C\\projet\\ProjetAnnuelAmYaYaz\\vendor\\laravel\\framework\\src\\Illuminate\\Pipeline\\Pipeline.php(183): Illuminate\\Foundation\\Http\\Middleware\\VerifyCsrfToken->handle(Object(Illuminate\\Http\\Request), Object(Closure))
#22 D:\\Code\\C\\projet\\ProjetAnnuelAmYaYaz\\vendor\\laravel\\framework\\src\\Illuminate\\View\\Middleware\\ShareErrorsFromSession.php(49): Illuminate\\Pipeline\\Pipeline->Illuminate\\Pipeline\\{closure}(Object(Illuminate\\Http\\Request))
#23 D:\\Code\\C\\projet\\ProjetAnnuelAmYaYaz\\vendor\\laravel\\framework\\src\\Illuminate\\Pipeline\\Pipeline.php(183): Illuminate\\View\\Middleware\\ShareErrorsFromSession->handle(Object(Illuminate\\Http\\Request), Object(Closure))
#24 D:\\Code\\C\\projet\\ProjetAnnuelAmYaYaz\\vendor\\laravel\\framework\\src\\Illuminate\\Session\\Middleware\\StartSession.php(121): Illuminate\\Pipeline\\Pipeline->Illuminate\\Pipeline\\{closure}(Object(Illuminate\\Http\\Request))
#25 D:\\Code\\C\\projet\\ProjetAnnuelAmYaYaz\\vendor\\laravel\\framework\\src\\Illuminate\\Session\\Middleware\\StartSession.php(64): Illuminate\\Session\\Middleware\\StartSession->handleStatefulRequest(Object(Illuminate\\Http\\Request), Object(Illuminate\\Session\\Store), Object(Closure))
#26 D:\\Code\\C\\projet\\ProjetAnnuelAmYaYaz\\vendor\\laravel\\framework\\src\\Illuminate\\Pipeline\\Pipeline.php(183): Illuminate\\Session\\Middleware\\StartSession->handle(Object(Illuminate\\Http\\Request), Object(Closure))
#27 D:\\Code\\C\\projet\\ProjetAnnuelAmYaYaz\\vendor\\laravel\\framework\\src\\Illuminate\\Cookie\\Middleware\\AddQueuedCookiesToResponse.php(37): Illuminate\\Pipeline\\Pipeline->Illuminate\\Pipeline\\{closure}(Object(Illuminate\\Http\\Request))
#28 D:\\Code\\C\\projet\\ProjetAnnuelAmYaYaz\\vendor\\laravel\\framework\\src\\Illuminate\\Pipeline\\Pipeline.php(183): Illuminate\\Cookie\\Middleware\\AddQueuedCookiesToResponse->handle(Object(Illuminate\\Http\\Request), Object(Closure))
#29 D:\\Code\\C\\projet\\ProjetAnnuelAmYaYaz\\vendor\\laravel\\framework\\src\\Illuminate\\Cookie\\Middleware\\EncryptCookies.php(67): Illuminate\\Pipeline\\Pipeline->Illuminate\\Pipeline\\{closure}(Object(Illuminate\\Http\\Request))
#30 D:\\Code\\C\\projet\\ProjetAnnuelAmYaYaz\\vendor\\laravel\\framework\\src\\Illuminate\\Pipeline\\Pipeline.php(183): Illuminate\\Cookie\\Middleware\\EncryptCookies->handle(Object(Illuminate\\Http\\Request), Object(Closure))
#31 D:\\Code\\C\\projet\\ProjetAnnuelAmYaYaz\\vendor\\laravel\\framework\\src\\Illuminate\\Pipeline\\Pipeline.php(119): Illuminate\\Pipeline\\Pipeline->Illuminate\\Pipeline\\{closure}(Object(Illuminate\\Http\\Request))
#32 D:\\Code\\C\\projet\\ProjetAnnuelAmYaYaz\\vendor\\laravel\\framework\\src\\Illuminate\\Routing\\Router.php(807): Illuminate\\Pipeline\\Pipeline->then(Object(Closure))
#33 D:\\Code\\C\\projet\\ProjetAnnuelAmYaYaz\\vendor\\laravel\\framework\\src\\Illuminate\\Routing\\Router.php(784): Illuminate\\Routing\\Router->runRouteWithinStack(Object(Illuminate\\Routing\\Route), Object(Illuminate\\Http\\Request))
#34 D:\\Code\\C\\projet\\ProjetAnnuelAmYaYaz\\vendor\\laravel\\framework\\src\\Illuminate\\Routing\\Router.php(748): Illuminate\\Routing\\Router->runRoute(Object(Illuminate\\Http\\Request), Object(Illuminate\\Routing\\Route))
#35 D:\\Code\\C\\projet\\ProjetAnnuelAmYaYaz\\vendor\\laravel\\framework\\src\\Illuminate\\Routing\\Router.php(737): Illuminate\\Routing\\Router->dispatchToRoute(Object(Illuminate\\Http\\Request))
#36 D:\\Code\\C\\projet\\ProjetAnnuelAmYaYaz\\vendor\\laravel\\framework\\src\\Illuminate\\Foundation\\Http\\Kernel.php(200): Illuminate\\Routing\\Router->dispatch(Object(Illuminate\\Http\\Request))
#37 D:\\Code\\C\\projet\\ProjetAnnuelAmYaYaz\\vendor\\laravel\\framework\\src\\Illuminate\\Pipeline\\Pipeline.php(144): Illuminate\\Foundation\\Http\\Kernel->Illuminate\\Foundation\\Http\\{closure}(Object(Illuminate\\Http\\Request))
#38 D:\\Code\\C\\projet\\ProjetAnnuelAmYaYaz\\vendor\\laravel\\framework\\src\\Illuminate\\Foundation\\Http\\Middleware\\TransformsRequest.php(21): Illuminate\\Pipeline\\Pipeline->Illuminate\\Pipeline\\{closure}(Object(Illuminate\\Http\\Request))
#39 D:\\Code\\C\\projet\\ProjetAnnuelAmYaYaz\\vendor\\laravel\\framework\\src\\Illuminate\\Foundation\\Http\\Middleware\\ConvertEmptyStringsToNull.php(31): Illuminate\\Foundation\\Http\\Middleware\\TransformsRequest->handle(Object(Illuminate\\Http\\Request), Object(Closure))
#40 D:\\Code\\C\\projet\\ProjetAnnuelAmYaYaz\\vendor\\laravel\\framework\\src\\Illuminate\\Pipeline\\Pipeline.php(183): Illuminate\\Foundation\\Http\\Middleware\\ConvertEmptyStringsToNull->handle(Object(Illuminate\\Http\\Request), Object(Closure))
#41 D:\\Code\\C\\projet\\ProjetAnnuelAmYaYaz\\vendor\\laravel\\framework\\src\\Illuminate\\Foundation\\Http\\Middleware\\TransformsRequest.php(21): Illuminate\\Pipeline\\Pipeline->Illuminate\\Pipeline\\{closure}(Object(Illuminate\\Http\\Request))
#42 D:\\Code\\C\\projet\\ProjetAnnuelAmYaYaz\\vendor\\laravel\\framework\\src\\Illuminate\\Foundation\\Http\\Middleware\\TrimStrings.php(40): Illuminate\\Foundation\\Http\\Middleware\\TransformsRequest->handle(Object(Illuminate\\Http\\Request), Object(Closure))
#43 D:\\Code\\C\\projet\\ProjetAnnuelAmYaYaz\\vendor\\laravel\\framework\\src\\Illuminate\\Pipeline\\Pipeline.php(183): Illuminate\\Foundation\\Http\\Middleware\\TrimStrings->handle(Object(Illuminate\\Http\\Request), Object(Closure))
#44 D:\\Code\\C\\projet\\ProjetAnnuelAmYaYaz\\vendor\\laravel\\framework\\src\\Illuminate\\Foundation\\Http\\Middleware\\ValidatePostSize.php(27): Illuminate\\Pipeline\\Pipeline->Illuminate\\Pipeline\\{closure}(Object(Illuminate\\Http\\Request))
#45 D:\\Code\\C\\projet\\ProjetAnnuelAmYaYaz\\vendor\\laravel\\framework\\src\\Illuminate\\Pipeline\\Pipeline.php(183): Illuminate\\Foundation\\Http\\Middleware\\ValidatePostSize->handle(Object(Illuminate\\Http\\Request), Object(Closure))
#46 D:\\Code\\C\\projet\\ProjetAnnuelAmYaYaz\\vendor\\laravel\\framework\\src\\Illuminate\\Foundation\\Http\\Middleware\\PreventRequestsDuringMaintenance.php(99): Illuminate\\Pipeline\\Pipeline->Illuminate\\Pipeline\\{closure}(Object(Illuminate\\Http\\Request))
#47 D:\\Code\\C\\projet\\ProjetAnnuelAmYaYaz\\vendor\\laravel\\framework\\src\\Illuminate\\Pipeline\\Pipeline.php(183): Illuminate\\Foundation\\Http\\Middleware\\PreventRequestsDuringMaintenance->handle(Object(Illuminate\\Http\\Request), Object(Closure))
#48 D:\\Code\\C\\projet\\ProjetAnnuelAmYaYaz\\vendor\\laravel\\framework\\src\\Illuminate\\Http\\Middleware\\HandleCors.php(49): Illuminate\\Pipeline\\Pipeline->Illuminate\\Pipeline\\{closure}(Object(Illuminate\\Http\\Request))
#49 D:\\Code\\C\\projet\\ProjetAnnuelAmYaYaz\\vendor\\laravel\\framework\\src\\Illuminate\\Pipeline\\Pipeline.php(183): Illuminate\\Http\\Middleware\\HandleCors->handle(Object(Illuminate\\Http\\Request), Object(Closure))
#50 D:\\Code\\C\\projet\\ProjetAnnuelAmYaYaz\\vendor\\laravel\\framework\\src\\Illuminate\\Http\\Middleware\\TrustProxies.php(39): Illuminate\\Pipeline\\Pipeline->Illuminate\\Pipeline\\{closure}(Object(Illuminate\\Http\\Request))
#51 D:\\Code\\C\\projet\\ProjetAnnuelAmYaYaz\\vendor\\laravel\\framework\\src\\Illuminate\\Pipeline\\Pipeline.php(183): Illuminate\\Http\\Middleware\\TrustProxies->handle(Object(Illuminate\\Http\\Request), Object(Closure))
#52 D:\\Code\\C\\projet\\ProjetAnnuelAmYaYaz\\vendor\\laravel\\framework\\src\\Illuminate\\Pipeline\\Pipeline.php(119): Illuminate\\Pipeline\\Pipeline->Illuminate\\Pipeline\\{closure}(Object(Illuminate\\Http\\Request))
#53 D:\\Code\\C\\projet\\ProjetAnnuelAmYaYaz\\vendor\\laravel\\framework\\src\\Illuminate\\Foundation\\Http\\Kernel.php(175): Illuminate\\Pipeline\\Pipeline->then(Object(Closure))
#54 D:\\Code\\C\\projet\\ProjetAnnuelAmYaYaz\\vendor\\laravel\\framework\\src\\Illuminate\\Foundation\\Http\\Kernel.php(144): Illuminate\\Foundation\\Http\\Kernel->sendRequestThroughRouter(Object(Illuminate\\Http\\Request))
#55 D:\\Code\\C\\projet\\ProjetAnnuelAmYaYaz\\public\\index.php(52): Illuminate\\Foundation\\Http\\Kernel->handle(Object(Illuminate\\Http\\Request))
#56 D:\\Code\\C\\projet\\ProjetAnnuelAmYaYaz\\vendor\\laravel\\framework\\src\\Illuminate\\Foundation\\resources\\server.php(16): require_once('D:\\\\Code\\\\C\\\\proje...')
#57 {main}

[previous exception] [object] (PDOException(code: 42S22): SQLSTATE[42S22]: Column not found: 1054 Champ 'actif' inconnu dans field list at D:\\Code\\C\\projet\\ProjetAnnuelAmYaYaz\\vendor\\laravel\\framework\\src\\Illuminate\\Database\\Connection.php:608)
[stacktrace]
#0 D:\\Code\\C\\projet\\ProjetAnnuelAmYaYaz\\vendor\\laravel\\framework\\src\\Illuminate\\Database\\Connection.php(608): PDO->prepare('update `utilisa...')
#1 D:\\Code\\C\\projet\\ProjetAnnuelAmYaYaz\\vendor\\laravel\\framework\\src\\Illuminate\\Database\\Connection.php(816): Illuminate\\Database\\Connection->Illuminate\\Database\\{closure}('update `utilisa...', Array)
#2 D:\\Code\\C\\projet\\ProjetAnnuelAmYaYaz\\vendor\\laravel\\framework\\src\\Illuminate\\Database\\Connection.php(783): Illuminate\\Database\\Connection->runQueryCallback('update `utilisa...', Array, Object(Closure))
#3 D:\\Code\\C\\projet\\ProjetAnnuelAmYaYaz\\vendor\\laravel\\framework\\src\\Illuminate\\Database\\Connection.php(619): Illuminate\\Database\\Connection->run('update `utilisa...', Array, Object(Closure))
#4 D:\\Code\\C\\projet\\ProjetAnnuelAmYaYaz\\vendor\\laravel\\framework\\src\\Illuminate\\Database\\Connection.php(552): Illuminate\\Database\\Connection->affectingStatement('update `utilisa...', Array)
#5 D:\\Code\\C\\projet\\ProjetAnnuelAmYaYaz\\vendor\\laravel\\framework\\src\\Illuminate\\Database\\Query\\Builder.php(3603): Illuminate\\Database\\Connection->update('update `utilisa...', Array)
#6 D:\\Code\\C\\projet\\ProjetAnnuelAmYaYaz\\vendor\\laravel\\framework\\src\\Illuminate\\Database\\Eloquent\\Builder.php(1061): Illuminate\\Database\\Query\\Builder->update(Array)
#7 D:\\Code\\C\\projet\\ProjetAnnuelAmYaYaz\\vendor\\laravel\\framework\\src\\Illuminate\\Database\\Eloquent\\Model.php(1214): Illuminate\\Database\\Eloquent\\Builder->update(Array)
#8 D:\\Code\\C\\projet\\ProjetAnnuelAmYaYaz\\vendor\\laravel\\framework\\src\\Illuminate\\Database\\Eloquent\\Model.php(1131): Illuminate\\Database\\Eloquent\\Model->performUpdate(Object(Illuminate\\Database\\Eloquent\\Builder))
#9 D:\\Code\\C\\projet\\ProjetAnnuelAmYaYaz\\app\\Http\\Controllers\\UtilisateurController.php(72): Illuminate\\Database\\Eloquent\\Model->save()
#10 D:\\Code\\C\\projet\\ProjetAnnuelAmYaYaz\\vendor\\laravel\\framework\\src\\Illuminate\\Routing\\Controller.php(54): App\\Http\\Controllers\\UtilisateurController->toggleActivation('1')
#11 D:\\Code\\C\\projet\\ProjetAnnuelAmYaYaz\\vendor\\laravel\\framework\\src\\Illuminate\\Routing\\ControllerDispatcher.php(43): Illuminate\\Routing\\Controller->callAction('toggleActivatio...', Array)
#12 D:\\Code\\C\\projet\\ProjetAnnuelAmYaYaz\\vendor\\laravel\\framework\\src\\Illuminate\\Routing\\Route.php(260): Illuminate\\Routing\\ControllerDispatcher->dispatch(Object(Illuminate\\Routing\\Route), Object(App\\Http\\Controllers\\UtilisateurController), 'toggleActivatio...')
#13 D:\\Code\\C\\projet\\ProjetAnnuelAmYaYaz\\vendor\\laravel\\framework\\src\\Illuminate\\Routing\\Route.php(205): Illuminate\\Routing\\Route->runController()
#14 D:\\Code\\C\\projet\\ProjetAnnuelAmYaYaz\\vendor\\laravel\\framework\\src\\Illuminate\\Routing\\Router.php(806): Illuminate\\Routing\\Route->run()
#15 D:\\Code\\C\\projet\\ProjetAnnuelAmYaYaz\\vendor\\laravel\\framework\\src\\Illuminate\\Pipeline\\Pipeline.php(144): Illuminate\\Routing\\Router->Illuminate\\Routing\\{closure}(Object(Illuminate\\Http\\Request))
#16 D:\\Code\\C\\projet\\ProjetAnnuelAmYaYaz\\vendor\\laravel\\framework\\src\\Illuminate\\Http\\Middleware\\AddLinkHeadersForPreloadedAssets.php(20): Illuminate\\Pipeline\\Pipeline->Illuminate\\Pipeline\\{closure}(Object(Illuminate\\Http\\Request))
#17 D:\\Code\\C\\projet\\ProjetAnnuelAmYaYaz\\vendor\\laravel\\framework\\src\\Illuminate\\Pipeline\\Pipeline.php(183): Illuminate\\Http\\Middleware\\AddLinkHeadersForPreloadedAssets->handle(Object(Illuminate\\Http\\Request), Object(Closure))
#18 D:\\Code\\C\\projet\\ProjetAnnuelAmYaYaz\\vendor\\inertiajs\\inertia-laravel\\src\\Middleware.php(87): Illuminate\\Pipeline\\Pipeline->Illuminate\\Pipeline\\{closure}(Object(Illuminate\\Http\\Request))
#19 D:\\Code\\C\\projet\\ProjetAnnuelAmYaYaz\\vendor\\laravel\\framework\\src\\Illuminate\\Pipeline\\Pipeline.php(183): Inertia\\Middleware->handle(Object(Illuminate\\Http\\Request), Object(Closure))
#20 D:\\Code\\C\\projet\\ProjetAnnuelAmYaYaz\\vendor\\laravel\\framework\\src\\Illuminate\\Routing\\Middleware\\SubstituteBindings.php(50): Illuminate\\Pipeline\\Pipeline->Illuminate\\Pipeline\\{closure}(Object(Illuminate\\Http\\Request))
#21 D:\\Code\\C\\projet\\ProjetAnnuelAmYaYaz\\vendor\\laravel\\framework\\src\\Illuminate\\Pipeline\\Pipeline.php(183): Illuminate\\Routing\\Middleware\\SubstituteBindings->handle(Object(Illuminate\\Http\\Request), Object(Closure))
#22 D:\\Code\\C\\projet\\ProjetAnnuelAmYaYaz\\vendor\\laravel\\framework\\src\\Illuminate\\Foundation\\Http\\Middleware\\VerifyCsrfToken.php(78): Illuminate\\Pipeline\\Pipeline->Illuminate\\Pipeline\\{closure}(Object(Illuminate\\Http\\Request))
#23 D:\\Code\\C\\projet\\ProjetAnnuelAmYaYaz\\vendor\\laravel\\framework\\src\\Illuminate\\Pipeline\\Pipeline.php(183): Illuminate\\Foundation\\Http\\Middleware\\VerifyCsrfToken->handle(Object(Illuminate\\Http\\Request), Object(Closure))
#24 D:\\Code\\C\\projet\\ProjetAnnuelAmYaYaz\\vendor\\laravel\\framework\\src\\Illuminate\\View\\Middleware\\ShareErrorsFromSession.php(49): Illuminate\\Pipeline\\Pipeline->Illuminate\\Pipeline\\{closure}(Object(Illuminate\\Http\\Request))
#25 D:\\Code\\C\\projet\\ProjetAnnuelAmYaYaz\\vendor\\laravel\\framework\\src\\Illuminate\\Pipeline\\Pipeline.php(183): Illuminate\\View\\Middleware\\ShareErrorsFromSession->handle(Object(Illuminate\\Http\\Request), Object(Closure))
#26 D:\\Code\\C\\projet\\ProjetAnnuelAmYaYaz\\vendor\\laravel\\framework\\src\\Illuminate\\Session\\Middleware\\StartSession.php(121): Illuminate\\Pipeline\\Pipeline->Illuminate\\Pipeline\\{closure}(Object(Illuminate\\Http\\Request))
#27 D:\\Code\\C\\projet\\ProjetAnnuelAmYaYaz\\vendor\\laravel\\framework\\src\\Illuminate\\Session\\Middleware\\StartSession.php(64): Illuminate\\Session\\Middleware\\StartSession->handleStatefulRequest(Object(Illuminate\\Http\\Request), Object(Illuminate\\Session\\Store), Object(Closure))
#28 D:\\Code\\C\\projet\\ProjetAnnuelAmYaYaz\\vendor\\laravel\\framework\\src\\Illuminate\\Pipeline\\Pipeline.php(183): Illuminate\\Session\\Middleware\\StartSession->handle(Object(Illuminate\\Http\\Request), Object(Closure))
#29 D:\\Code\\C\\projet\\ProjetAnnuelAmYaYaz\\vendor\\laravel\\framework\\src\\Illuminate\\Cookie\\Middleware\\AddQueuedCookiesToResponse.php(37): Illuminate\\Pipeline\\Pipeline->Illuminate\\Pipeline\\{closure}(Object(Illuminate\\Http\\Request))
#30 D:\\Code\\C\\projet\\ProjetAnnuelAmYaYaz\\vendor\\laravel\\framework\\src\\Illuminate\\Pipeline\\Pipeline.php(183): Illuminate\\Cookie\\Middleware\\AddQueuedCookiesToResponse->handle(Object(Illuminate\\Http\\Request), Object(Closure))
#31 D:\\Code\\C\\projet\\ProjetAnnuelAmYaYaz\\vendor\\laravel\\framework\\src\\Illuminate\\Cookie\\Middleware\\EncryptCookies.php(67): Illuminate\\Pipeline\\Pipeline->Illuminate\\Pipeline\\{closure}(Object(Illuminate\\Http\\Request))
#32 D:\\Code\\C\\projet\\ProjetAnnuelAmYaYaz\\vendor\\laravel\\framework\\src\\Illuminate\\Pipeline\\Pipeline.php(183): Illuminate\\Cookie\\Middleware\\EncryptCookies->handle(Object(Illuminate\\Http\\Request), Object(Closure))
#33 D:\\Code\\C\\projet\\ProjetAnnuelAmYaYaz\\vendor\\laravel\\framework\\src\\Illuminate\\Pipeline\\Pipeline.php(119): Illuminate\\Pipeline\\Pipeline->Illuminate\\Pipeline\\{closure}(Object(Illuminate\\Http\\Request))
#34 D:\\Code\\C\\projet\\ProjetAnnuelAmYaYaz\\vendor\\laravel\\framework\\src\\Illuminate\\Routing\\Router.php(807): Illuminate\\Pipeline\\Pipeline->then(Object(Closure))
#35 D:\\Code\\C\\projet\\ProjetAnnuelAmYaYaz\\vendor\\laravel\\framework\\src\\Illuminate\\Routing\\Router.php(784): Illuminate\\Routing\\Router->runRouteWithinStack(Object(Illuminate\\Routing\\Route), Object(Illuminate\\Http\\Request))
#36 D:\\Code\\C\\projet\\ProjetAnnuelAmYaYaz\\vendor\\laravel\\framework\\src\\Illuminate\\Routing\\Router.php(748): Illuminate\\Routing\\Router->runRoute(Object(Illuminate\\Http\\Request), Object(Illuminate\\Routing\\Route))
#37 D:\\Code\\C\\projet\\ProjetAnnuelAmYaYaz\\vendor\\laravel\\framework\\src\\Illuminate\\Routing\\Router.php(737): Illuminate\\Routing\\Router->dispatchToRoute(Object(Illuminate\\Http\\Request))
#38 D:\\Code\\C\\projet\\ProjetAnnuelAmYaYaz\\vendor\\laravel\\framework\\src\\Illuminate\\Foundation\\Http\\Kernel.php(200): Illuminate\\Routing\\Router->dispatch(Object(Illuminate\\Http\\Request))
#39 D:\\Code\\C\\projet\\ProjetAnnuelAmYaYaz\\vendor\\laravel\\framework\\src\\Illuminate\\Pipeline\\Pipeline.php(144): Illuminate\\Foundation\\Http\\Kernel->Illuminate\\Foundation\\Http\\{closure}(Object(Illuminate\\Http\\Request))
#40 D:\\Code\\C\\projet\\ProjetAnnuelAmYaYaz\\vendor\\laravel\\framework\\src\\Illuminate\\Foundation\\Http\\Middleware\\TransformsRequest.php(21): Illuminate\\Pipeline\\Pipeline->Illuminate\\Pipeline\\{closure}(Object(Illuminate\\Http\\Request))
#41 D:\\Code\\C\\projet\\ProjetAnnuelAmYaYaz\\vendor\\laravel\\framework\\src\\Illuminate\\Foundation\\Http\\Middleware\\ConvertEmptyStringsToNull.php(31): Illuminate\\Foundation\\Http\\Middleware\\TransformsRequest->handle(Object(Illuminate\\Http\\Request), Object(Closure))
#42 D:\\Code\\C\\projet\\ProjetAnnuelAmYaYaz\\vendor\\laravel\\framework\\src\\Illuminate\\Pipeline\\Pipeline.php(183): Illuminate\\Foundation\\Http\\Middleware\\ConvertEmptyStringsToNull->handle(Object(Illuminate\\Http\\Request), Object(Closure))
#43 D:\\Code\\C\\projet\\ProjetAnnuelAmYaYaz\\vendor\\laravel\\framework\\src\\Illuminate\\Foundation\\Http\\Middleware\\TransformsRequest.php(21): Illuminate\\Pipeline\\Pipeline->Illuminate\\Pipeline\\{closure}(Object(Illuminate\\Http\\Request))
#44 D:\\Code\\C\\projet\\ProjetAnnuelAmYaYaz\\vendor\\laravel\\framework\\src\\Illuminate\\Foundation\\Http\\Middleware\\TrimStrings.php(40): Illuminate\\Foundation\\Http\\Middleware\\TransformsRequest->handle(Object(Illuminate\\Http\\Request), Object(Closure))
#45 D:\\Code\\C\\projet\\ProjetAnnuelAmYaYaz\\vendor\\laravel\\framework\\src\\Illuminate\\Pipeline\\Pipeline.php(183): Illuminate\\Foundation\\Http\\Middleware\\TrimStrings->handle(Object(Illuminate\\Http\\Request), Object(Closure))
#46 D:\\Code\\C\\projet\\ProjetAnnuelAmYaYaz\\vendor\\laravel\\framework\\src\\Illuminate\\Foundation\\Http\\Middleware\\ValidatePostSize.php(27): Illuminate\\Pipeline\\Pipeline->Illuminate\\Pipeline\\{closure}(Object(Illuminate\\Http\\Request))
#47 D:\\Code\\C\\projet\\ProjetAnnuelAmYaYaz\\vendor\\laravel\\framework\\src\\Illuminate\\Pipeline\\Pipeline.php(183): Illuminate\\Foundation\\Http\\Middleware\\ValidatePostSize->handle(Object(Illuminate\\Http\\Request), Object(Closure))
#48 D:\\Code\\C\\projet\\ProjetAnnuelAmYaYaz\\vendor\\laravel\\framework\\src\\Illuminate\\Foundation\\Http\\Middleware\\PreventRequestsDuringMaintenance.php(99): Illuminate\\Pipeline\\Pipeline->Illuminate\\Pipeline\\{closure}(Object(Illuminate\\Http\\Request))
#49 D:\\Code\\C\\projet\\ProjetAnnuelAmYaYaz\\vendor\\laravel\\framework\\src\\Illuminate\\Pipeline\\Pipeline.php(183): Illuminate\\Foundation\\Http\\Middleware\\PreventRequestsDuringMaintenance->handle(Object(Illuminate\\Http\\Request), Object(Closure))
#50 D:\\Code\\C\\projet\\ProjetAnnuelAmYaYaz\\vendor\\laravel\\framework\\src\\Illuminate\\Http\\Middleware\\HandleCors.php(49): Illuminate\\Pipeline\\Pipeline->Illuminate\\Pipeline\\{closure}(Object(Illuminate\\Http\\Request))
#51 D:\\Code\\C\\projet\\ProjetAnnuelAmYaYaz\\vendor\\laravel\\framework\\src\\Illuminate\\Pipeline\\Pipeline.php(183): Illuminate\\Http\\Middleware\\HandleCors->handle(Object(Illuminate\\Http\\Request), Object(Closure))
#52 D:\\Code\\C\\projet\\ProjetAnnuelAmYaYaz\\vendor\\laravel\\framework\\src\\Illuminate\\Http\\Middleware\\TrustProxies.php(39): Illuminate\\Pipeline\\Pipeline->Illuminate\\Pipeline\\{closure}(Object(Illuminate\\Http\\Request))
#53 D:\\Code\\C\\projet\\ProjetAnnuelAmYaYaz\\vendor\\laravel\\framework\\src\\Illuminate\\Pipeline\\Pipeline.php(183): Illuminate\\Http\\Middleware\\TrustProxies->handle(Object(Illuminate\\Http\\Request), Object(Closure))
#54 D:\\Code\\C\\projet\\ProjetAnnuelAmYaYaz\\vendor\\laravel\\framework\\src\\Illuminate\\Pipeline\\Pipeline.php(119): Illuminate\\Pipeline\\Pipeline->Illuminate\\Pipeline\\{closure}(Object(Illuminate\\Http\\Request))
#55 D:\\Code\\C\\projet\\ProjetAnnuelAmYaYaz\\vendor\\laravel\\framework\\src\\Illuminate\\Foundation\\Http\\Kernel.php(175): Illuminate\\Pipeline\\Pipeline->then(Object(Closure))
#56 D:\\Code\\C\\projet\\ProjetAnnuelAmYaYaz\\vendor\\laravel\\framework\\src\\Illuminate\\Foundation\\Http\\Kernel.php(144): Illuminate\\Foundation\\Http\\Kernel->sendRequestThroughRouter(Object(Illuminate\\Http\\Request))
#57 D:\\Code\\C\\projet\\ProjetAnnuelAmYaYaz\\public\\index.php(52): Illuminate\\Foundation\\Http\\Kernel->handle(Object(Illuminate\\Http\\Request))
#58 D:\\Code\\C\\projet\\ProjetAnnuelAmYaYaz\\vendor\\laravel\\framework\\src\\Illuminate\\Foundation\\resources\\server.php(16): require_once('D:\\\\Code\\\\C\\\\proje...')
#59 {main}
"} 
[2025-05-05 19:06:04] local.ERROR: SQLSTATE[42000]: Syntax error or access violation: 1091 Ne peut effacer (DROP) 'actif'. Vérifiez s'il existe (Connection: mysql, SQL: alter table `utilisateurs` drop `actif`) {"exception":"[object] (Illuminate\\Database\\QueryException(code: 42000): SQLSTATE[42000]: Syntax error or access violation: 1091 Ne peut effacer (DROP) 'actif'. Vérifiez s'il existe (Connection: mysql, SQL: alter table `utilisateurs` drop `actif`) at D:\\Code\\C\\projet\\ProjetAnnuelAmYaYaz\\vendor\\laravel\\framework\\src\\Illuminate\\Database\\Connection.php:829)
[stacktrace]
#0 D:\\Code\\C\\projet\\ProjetAnnuelAmYaYaz\\vendor\\laravel\\framework\\src\\Illuminate\\Database\\Connection.php(783): Illuminate\\Database\\Connection->runQueryCallback('alter table `ut...', Array, Object(Closure))
#1 D:\\Code\\C\\projet\\ProjetAnnuelAmYaYaz\\vendor\\laravel\\framework\\src\\Illuminate\\Database\\Connection.php(588): Illuminate\\Database\\Connection->run('alter table `ut...', Array, Object(Closure))
#2 D:\\Code\\C\\projet\\ProjetAnnuelAmYaYaz\\vendor\\laravel\\framework\\src\\Illuminate\\Database\\Schema\\Blueprint.php(110): Illuminate\\Database\\Connection->statement('alter table `ut...')
#3 D:\\Code\\C\\projet\\ProjetAnnuelAmYaYaz\\vendor\\laravel\\framework\\src\\Illuminate\\Database\\Schema\\Builder.php(602): Illuminate\\Database\\Schema\\Blueprint->build(Object(Illuminate\\Database\\MySqlConnection), Object(Illuminate\\Database\\Schema\\Grammars\\MySqlGrammar))
#4 D:\\Code\\C\\projet\\ProjetAnnuelAmYaYaz\\vendor\\laravel\\framework\\src\\Illuminate\\Database\\Schema\\Builder.php(444): Illuminate\\Database\\Schema\\Builder->build(Object(Illuminate\\Database\\Schema\\Blueprint))
#5 D:\\Code\\C\\projet\\ProjetAnnuelAmYaYaz\\vendor\\laravel\\framework\\src\\Illuminate\\Support\\Facades\\Facade.php(355): Illuminate\\Database\\Schema\\Builder->table('utilisateurs', Object(Closure))
#6 D:\\Code\\C\\projet\\ProjetAnnuelAmYaYaz\\database\\migrations\\2025_05_05_185036_add_actif_to_utilisateurs_table.php(26): Illuminate\\Support\\Facades\\Facade::__callStatic('table', Array)
#7 D:\\Code\\C\\projet\\ProjetAnnuelAmYaYaz\\vendor\\laravel\\framework\\src\\Illuminate\\Database\\Migrations\\Migrator.php(501): Illuminate\\Database\\Migrations\\Migration@anonymous->down()
#8 D:\\Code\\C\\projet\\ProjetAnnuelAmYaYaz\\vendor\\laravel\\framework\\src\\Illuminate\\Database\\Migrations\\Migrator.php(418): Illuminate\\Database\\Migrations\\Migrator->runMethod(Object(Illuminate\\Database\\MySqlConnection), Object(Illuminate\\Database\\Migrations\\Migration@anonymous), 'down')
#9 D:\\Code\\C\\projet\\ProjetAnnuelAmYaYaz\\vendor\\laravel\\framework\\src\\Illuminate\\Database\\Migrations\\Migrator.php(427): Illuminate\\Database\\Migrations\\Migrator->Illuminate\\Database\\Migrations\\{closure}()
#10 D:\\Code\\C\\projet\\ProjetAnnuelAmYaYaz\\vendor\\laravel\\framework\\src\\Illuminate\\Database\\Migrations\\Migrator.php(393): Illuminate\\Database\\Migrations\\Migrator->runMigration(Object(Illuminate\\Database\\Migrations\\Migration@anonymous), 'down')
#11 D:\\Code\\C\\projet\\ProjetAnnuelAmYaYaz\\vendor\\laravel\\framework\\src\\Illuminate\\Console\\View\\Components\\Task.php(37): Illuminate\\Database\\Migrations\\Migrator->Illuminate\\Database\\Migrations\\{closure}()
#12 D:\\Code\\C\\projet\\ProjetAnnuelAmYaYaz\\vendor\\laravel\\framework\\src\\Illuminate\\Database\\Migrations\\Migrator.php(783): Illuminate\\Console\\View\\Components\\Task->render('2025_05_05_1850...', Object(Closure))
#13 D:\\Code\\C\\projet\\ProjetAnnuelAmYaYaz\\vendor\\laravel\\framework\\src\\Illuminate\\Database\\Migrations\\Migrator.php(393): Illuminate\\Database\\Migrations\\Migrator->write('Illuminate\\\\Cons...', '2025_05_05_1850...', Object(Closure))
#14 D:\\Code\\C\\projet\\ProjetAnnuelAmYaYaz\\vendor\\laravel\\framework\\src\\Illuminate\\Database\\Migrations\\Migrator.php(314): Illuminate\\Database\\Migrations\\Migrator->runDown('D:\\\\Code\\\\C\\\\proje...', Object(stdClass), false)
#15 D:\\Code\\C\\projet\\ProjetAnnuelAmYaYaz\\vendor\\laravel\\framework\\src\\Illuminate\\Database\\Migrations\\Migrator.php(254): Illuminate\\Database\\Migrations\\Migrator->rollbackMigrations(Array, Array, Array)
#16 D:\\Code\\C\\projet\\ProjetAnnuelAmYaYaz\\vendor\\laravel\\framework\\src\\Illuminate\\Database\\Console\\Migrations\\RollbackCommand.php(63): Illuminate\\Database\\Migrations\\Migrator->rollback(Array, Array)
#17 D:\\Code\\C\\projet\\ProjetAnnuelAmYaYaz\\vendor\\laravel\\framework\\src\\Illuminate\\Database\\Migrations\\Migrator.php(641): Illuminate\\Database\\Console\\Migrations\\RollbackCommand->Illuminate\\Database\\Console\\Migrations\\{closure}()
#18 D:\\Code\\C\\projet\\ProjetAnnuelAmYaYaz\\vendor\\laravel\\framework\\src\\Illuminate\\Database\\Console\\Migrations\\RollbackCommand.php(66): Illuminate\\Database\\Migrations\\Migrator->usingConnection(NULL, Object(Closure))
#19 D:\\Code\\C\\projet\\ProjetAnnuelAmYaYaz\\vendor\\laravel\\framework\\src\\Illuminate\\Container\\BoundMethod.php(36): Illuminate\\Database\\Console\\Migrations\\RollbackCommand->handle()
#20 D:\\Code\\C\\projet\\ProjetAnnuelAmYaYaz\\vendor\\laravel\\framework\\src\\Illuminate\\Container\\Util.php(41): Illuminate\\Container\\BoundMethod::Illuminate\\Container\\{closure}()
#21 D:\\Code\\C\\projet\\ProjetAnnuelAmYaYaz\\vendor\\laravel\\framework\\src\\Illuminate\\Container\\BoundMethod.php(93): Illuminate\\Container\\Util::unwrapIfClosure(Object(Closure))
#22 D:\\Code\\C\\projet\\ProjetAnnuelAmYaYaz\\vendor\\laravel\\framework\\src\\Illuminate\\Container\\BoundMethod.php(37): Illuminate\\Container\\BoundMethod::callBoundMethod(Object(Illuminate\\Foundation\\Application), Array, Object(Closure))
#23 D:\\Code\\C\\projet\\ProjetAnnuelAmYaYaz\\vendor\\laravel\\framework\\src\\Illuminate\\Container\\Container.php(662): Illuminate\\Container\\BoundMethod::call(Object(Illuminate\\Foundation\\Application), Array, Array, NULL)
#24 D:\\Code\\C\\projet\\ProjetAnnuelAmYaYaz\\vendor\\laravel\\framework\\src\\Illuminate\\Console\\Command.php(211): Illuminate\\Container\\Container->call(Array)
#25 D:\\Code\\C\\projet\\ProjetAnnuelAmYaYaz\\vendor\\symfony\\console\\Command\\Command.php(326): Illuminate\\Console\\Command->execute(Object(Symfony\\Component\\Console\\Input\\ArgvInput), Object(Illuminate\\Console\\OutputStyle))
#26 D:\\Code\\C\\projet\\ProjetAnnuelAmYaYaz\\vendor\\laravel\\framework\\src\\Illuminate\\Console\\Command.php(181): Symfony\\Component\\Console\\Command\\Command->run(Object(Symfony\\Component\\Console\\Input\\ArgvInput), Object(Illuminate\\Console\\OutputStyle))
#27 D:\\Code\\C\\projet\\ProjetAnnuelAmYaYaz\\vendor\\symfony\\console\\Application.php(1096): Illuminate\\Console\\Command->run(Object(Symfony\\Component\\Console\\Input\\ArgvInput), Object(Symfony\\Component\\Console\\Output\\ConsoleOutput))
#28 D:\\Code\\C\\projet\\ProjetAnnuelAmYaYaz\\vendor\\symfony\\console\\Application.php(324): Symfony\\Component\\Console\\Application->doRunCommand(Object(Illuminate\\Database\\Console\\Migrations\\RollbackCommand), Object(Symfony\\Component\\Console\\Input\\ArgvInput), Object(Symfony\\Component\\Console\\Output\\ConsoleOutput))
#29 D:\\Code\\C\\projet\\ProjetAnnuelAmYaYaz\\vendor\\symfony\\console\\Application.php(175): Symfony\\Component\\Console\\Application->doRun(Object(Symfony\\Component\\Console\\Input\\ArgvInput), Object(Symfony\\Component\\Console\\Output\\ConsoleOutput))
#30 D:\\Code\\C\\projet\\ProjetAnnuelAmYaYaz\\vendor\\laravel\\framework\\src\\Illuminate\\Foundation\\Console\\Kernel.php(201): Symfony\\Component\\Console\\Application->run(Object(Symfony\\Component\\Console\\Input\\ArgvInput), Object(Symfony\\Component\\Console\\Output\\ConsoleOutput))
#31 D:\\Code\\C\\projet\\ProjetAnnuelAmYaYaz\\artisan(37): Illuminate\\Foundation\\Console\\Kernel->handle(Object(Symfony\\Component\\Console\\Input\\ArgvInput), Object(Symfony\\Component\\Console\\Output\\ConsoleOutput))
#32 {main}

[previous exception] [object] (PDOException(code: 42000): SQLSTATE[42000]: Syntax error or access violation: 1091 Ne peut effacer (DROP) 'actif'. Vérifiez s'il existe at D:\\Code\\C\\projet\\ProjetAnnuelAmYaYaz\\vendor\\laravel\\framework\\src\\Illuminate\\Database\\Connection.php:587)
[stacktrace]
#0 D:\\Code\\C\\projet\\ProjetAnnuelAmYaYaz\\vendor\\laravel\\framework\\src\\Illuminate\\Database\\Connection.php(587): PDOStatement->execute()
#1 D:\\Code\\C\\projet\\ProjetAnnuelAmYaYaz\\vendor\\laravel\\framework\\src\\Illuminate\\Database\\Connection.php(816): Illuminate\\Database\\Connection->Illuminate\\Database\\{closure}('alter table `ut...', Array)
#2 D:\\Code\\C\\projet\\ProjetAnnuelAmYaYaz\\vendor\\laravel\\framework\\src\\Illuminate\\Database\\Connection.php(783): Illuminate\\Database\\Connection->runQueryCallback('alter table `ut...', Array, Object(Closure))
#3 D:\\Code\\C\\projet\\ProjetAnnuelAmYaYaz\\vendor\\laravel\\framework\\src\\Illuminate\\Database\\Connection.php(588): Illuminate\\Database\\Connection->run('alter table `ut...', Array, Object(Closure))
#4 D:\\Code\\C\\projet\\ProjetAnnuelAmYaYaz\\vendor\\laravel\\framework\\src\\Illuminate\\Database\\Schema\\Blueprint.php(110): Illuminate\\Database\\Connection->statement('alter table `ut...')
#5 D:\\Code\\C\\projet\\ProjetAnnuelAmYaYaz\\vendor\\laravel\\framework\\src\\Illuminate\\Database\\Schema\\Builder.php(602): Illuminate\\Database\\Schema\\Blueprint->build(Object(Illuminate\\Database\\MySqlConnection), Object(Illuminate\\Database\\Schema\\Grammars\\MySqlGrammar))
#6 D:\\Code\\C\\projet\\ProjetAnnuelAmYaYaz\\vendor\\laravel\\framework\\src\\Illuminate\\Database\\Schema\\Builder.php(444): Illuminate\\Database\\Schema\\Builder->build(Object(Illuminate\\Database\\Schema\\Blueprint))
#7 D:\\Code\\C\\projet\\ProjetAnnuelAmYaYaz\\vendor\\laravel\\framework\\src\\Illuminate\\Support\\Facades\\Facade.php(355): Illuminate\\Database\\Schema\\Builder->table('utilisateurs', Object(Closure))
#8 D:\\Code\\C\\projet\\ProjetAnnuelAmYaYaz\\database\\migrations\\2025_05_05_185036_add_actif_to_utilisateurs_table.php(26): Illuminate\\Support\\Facades\\Facade::__callStatic('table', Array)
#9 D:\\Code\\C\\projet\\ProjetAnnuelAmYaYaz\\vendor\\laravel\\framework\\src\\Illuminate\\Database\\Migrations\\Migrator.php(501): Illuminate\\Database\\Migrations\\Migration@anonymous->down()
#10 D:\\Code\\C\\projet\\ProjetAnnuelAmYaYaz\\vendor\\laravel\\framework\\src\\Illuminate\\Database\\Migrations\\Migrator.php(418): Illuminate\\Database\\Migrations\\Migrator->runMethod(Object(Illuminate\\Database\\MySqlConnection), Object(Illuminate\\Database\\Migrations\\Migration@anonymous), 'down')
#11 D:\\Code\\C\\projet\\ProjetAnnuelAmYaYaz\\vendor\\laravel\\framework\\src\\Illuminate\\Database\\Migrations\\Migrator.php(427): Illuminate\\Database\\Migrations\\Migrator->Illuminate\\Database\\Migrations\\{closure}()
#12 D:\\Code\\C\\projet\\ProjetAnnuelAmYaYaz\\vendor\\laravel\\framework\\src\\Illuminate\\Database\\Migrations\\Migrator.php(393): Illuminate\\Database\\Migrations\\Migrator->runMigration(Object(Illuminate\\Database\\Migrations\\Migration@anonymous), 'down')
#13 D:\\Code\\C\\projet\\ProjetAnnuelAmYaYaz\\vendor\\laravel\\framework\\src\\Illuminate\\Console\\View\\Components\\Task.php(37): Illuminate\\Database\\Migrations\\Migrator->Illuminate\\Database\\Migrations\\{closure}()
#14 D:\\Code\\C\\projet\\ProjetAnnuelAmYaYaz\\vendor\\laravel\\framework\\src\\Illuminate\\Database\\Migrations\\Migrator.php(783): Illuminate\\Console\\View\\Components\\Task->render('2025_05_05_1850...', Object(Closure))
#15 D:\\Code\\C\\projet\\ProjetAnnuelAmYaYaz\\vendor\\laravel\\framework\\src\\Illuminate\\Database\\Migrations\\Migrator.php(393): Illuminate\\Database\\Migrations\\Migrator->write('Illuminate\\\\Cons...', '2025_05_05_1850...', Object(Closure))
#16 D:\\Code\\C\\projet\\ProjetAnnuelAmYaYaz\\vendor\\laravel\\framework\\src\\Illuminate\\Database\\Migrations\\Migrator.php(314): Illuminate\\Database\\Migrations\\Migrator->runDown('D:\\\\Code\\\\C\\\\proje...', Object(stdClass), false)
#17 D:\\Code\\C\\projet\\ProjetAnnuelAmYaYaz\\vendor\\laravel\\framework\\src\\Illuminate\\Database\\Migrations\\Migrator.php(254): Illuminate\\Database\\Migrations\\Migrator->rollbackMigrations(Array, Array, Array)
#18 D:\\Code\\C\\projet\\ProjetAnnuelAmYaYaz\\vendor\\laravel\\framework\\src\\Illuminate\\Database\\Console\\Migrations\\RollbackCommand.php(63): Illuminate\\Database\\Migrations\\Migrator->rollback(Array, Array)
#19 D:\\Code\\C\\projet\\ProjetAnnuelAmYaYaz\\vendor\\laravel\\framework\\src\\Illuminate\\Database\\Migrations\\Migrator.php(641): Illuminate\\Database\\Console\\Migrations\\RollbackCommand->Illuminate\\Database\\Console\\Migrations\\{closure}()
#20 D:\\Code\\C\\projet\\ProjetAnnuelAmYaYaz\\vendor\\laravel\\framework\\src\\Illuminate\\Database\\Console\\Migrations\\RollbackCommand.php(66): Illuminate\\Database\\Migrations\\Migrator->usingConnection(NULL, Object(Closure))
#21 D:\\Code\\C\\projet\\ProjetAnnuelAmYaYaz\\vendor\\laravel\\framework\\src\\Illuminate\\Container\\BoundMethod.php(36): Illuminate\\Database\\Console\\Migrations\\RollbackCommand->handle()
#22 D:\\Code\\C\\projet\\ProjetAnnuelAmYaYaz\\vendor\\laravel\\framework\\src\\Illuminate\\Container\\Util.php(41): Illuminate\\Container\\BoundMethod::Illuminate\\Container\\{closure}()
#23 D:\\Code\\C\\projet\\ProjetAnnuelAmYaYaz\\vendor\\laravel\\framework\\src\\Illuminate\\Container\\BoundMethod.php(93): Illuminate\\Container\\Util::unwrapIfClosure(Object(Closure))
#24 D:\\Code\\C\\projet\\ProjetAnnuelAmYaYaz\\vendor\\laravel\\framework\\src\\Illuminate\\Container\\BoundMethod.php(37): Illuminate\\Container\\BoundMethod::callBoundMethod(Object(Illuminate\\Foundation\\Application), Array, Object(Closure))
#25 D:\\Code\\C\\projet\\ProjetAnnuelAmYaYaz\\vendor\\laravel\\framework\\src\\Illuminate\\Container\\Container.php(662): Illuminate\\Container\\BoundMethod::call(Object(Illuminate\\Foundation\\Application), Array, Array, NULL)
#26 D:\\Code\\C\\projet\\ProjetAnnuelAmYaYaz\\vendor\\laravel\\framework\\src\\Illuminate\\Console\\Command.php(211): Illuminate\\Container\\Container->call(Array)
#27 D:\\Code\\C\\projet\\ProjetAnnuelAmYaYaz\\vendor\\symfony\\console\\Command\\Command.php(326): Illuminate\\Console\\Command->execute(Object(Symfony\\Component\\Console\\Input\\ArgvInput), Object(Illuminate\\Console\\OutputStyle))
#28 D:\\Code\\C\\projet\\ProjetAnnuelAmYaYaz\\vendor\\laravel\\framework\\src\\Illuminate\\Console\\Command.php(181): Symfony\\Component\\Console\\Command\\Command->run(Object(Symfony\\Component\\Console\\Input\\ArgvInput), Object(Illuminate\\Console\\OutputStyle))
#29 D:\\Code\\C\\projet\\ProjetAnnuelAmYaYaz\\vendor\\symfony\\console\\Application.php(1096): Illuminate\\Console\\Command->run(Object(Symfony\\Component\\Console\\Input\\ArgvInput), Object(Symfony\\Component\\Console\\Output\\ConsoleOutput))
#30 D:\\Code\\C\\projet\\ProjetAnnuelAmYaYaz\\vendor\\symfony\\console\\Application.php(324): Symfony\\Component\\Console\\Application->doRunCommand(Object(Illuminate\\Database\\Console\\Migrations\\RollbackCommand), Object(Symfony\\Component\\Console\\Input\\ArgvInput), Object(Symfony\\Component\\Console\\Output\\ConsoleOutput))
#31 D:\\Code\\C\\projet\\ProjetAnnuelAmYaYaz\\vendor\\symfony\\console\\Application.php(175): Symfony\\Component\\Console\\Application->doRun(Object(Symfony\\Component\\Console\\Input\\ArgvInput), Object(Symfony\\Component\\Console\\Output\\ConsoleOutput))
#32 D:\\Code\\C\\projet\\ProjetAnnuelAmYaYaz\\vendor\\laravel\\framework\\src\\Illuminate\\Foundation\\Console\\Kernel.php(201): Symfony\\Component\\Console\\Application->run(Object(Symfony\\Component\\Console\\Input\\ArgvInput), Object(Symfony\\Component\\Console\\Output\\ConsoleOutput))
#33 D:\\Code\\C\\projet\\ProjetAnnuelAmYaYaz\\artisan(37): Illuminate\\Foundation\\Console\\Kernel->handle(Object(Symfony\\Component\\Console\\Input\\ArgvInput), Object(Symfony\\Component\\Console\\Output\\ConsoleOutput))
#34 {main}
"} 
[2025-05-05 19:37:45] local.ERROR: Cannot redeclare Illuminate\Database\Migrations\Migration@anonymous::up() {"exception":"[object] (Symfony\\Component\\ErrorHandler\\Error\\FatalError(code: 0): Cannot redeclare Illuminate\\Database\\Migrations\\Migration@anonymous::up() at D:\\Code\\C\\projet\\ProjetAnnuelAmYaYaz\\database\\migrations\\2025_05_05_193537_create_log_connexions_table.php:21)
[stacktrace]
#0 D:\\Code\\C\\projet\\ProjetAnnuelAmYaYaz\\vendor\\laravel\\framework\\src\\Illuminate\\Foundation\\Bootstrap\\HandleExceptions.php(244): Symfony\\Component\\ErrorHandler\\Error\\FatalError->__construct(message: ''Cannot redecla...', code: '0', error: '['type' => 64, ...', traceOffset: '0', traceArgs: '???', trace: '???')
#1 D:\\Code\\C\\projet\\ProjetAnnuelAmYaYaz\\vendor\\laravel\\framework\\src\\Illuminate\\Foundation\\Bootstrap\\HandleExceptions.php(231): Illuminate\\Foundation\\Bootstrap\\HandleExceptions->fatalErrorFromPhpError(error: '['type' => 64, ...', traceOffset: '0')
#2 D:\\Code\\C\\projet\\ProjetAnnuelAmYaYaz\\vendor\\laravel\\framework\\src\\Illuminate\\Foundation\\Bootstrap\\HandleExceptions.php(255): Illuminate\\Foundation\\Bootstrap\\HandleExceptions->handleShutdown()
#3 D:\\Code\\C\\projet\\ProjetAnnuelAmYaYaz\\vendor\\laravel\\framework\\src\\Illuminate\\Foundation\\Bootstrap\\HandleExceptions.php(0): Illuminate\\Foundation\\Bootstrap\\HandleExceptions->Illuminate\\Foundation\\Bootstrap\\{closure:D:\\Code\\C\\projet\\ProjetAnnuelAmYaYaz\\vendor\\laravel\\framework\\src\\Illuminate\\Foundation\\Bootstrap\\HandleExceptions.php:254-256}()
#4 {main}
"} 
[2025-05-05 19:38:24] local.ERROR: SQLSTATE[42S01]: Base table or view already exists: 1050 La table 'log_connexions' existe déjà (Connection: mysql, SQL: create table `log_connexions` (`id` bigint unsigned not null auto_increment primary key, `utilisateur_id` bigint unsigned not null, `ip` varchar(255) null, `user_agent` varchar(255) null, `created_at` timestamp null, `updated_at` timestamp null) default character set utf8mb4 collate 'utf8mb4_unicode_ci') {"exception":"[object] (Illuminate\\Database\\QueryException(code: 42S01): SQLSTATE[42S01]: Base table or view already exists: 1050 La table 'log_connexions' existe déjà (Connection: mysql, SQL: create table `log_connexions` (`id` bigint unsigned not null auto_increment primary key, `utilisateur_id` bigint unsigned not null, `ip` varchar(255) null, `user_agent` varchar(255) null, `created_at` timestamp null, `updated_at` timestamp null) default character set utf8mb4 collate 'utf8mb4_unicode_ci') at D:\\Code\\C\\projet\\ProjetAnnuelAmYaYaz\\vendor\\laravel\\framework\\src\\Illuminate\\Database\\Connection.php:829)
[stacktrace]
#0 D:\\Code\\C\\projet\\ProjetAnnuelAmYaYaz\\vendor\\laravel\\framework\\src\\Illuminate\\Database\\Connection.php(783): Illuminate\\Database\\Connection->runQueryCallback('create table `l...', Array, Object(Closure))
#1 D:\\Code\\C\\projet\\ProjetAnnuelAmYaYaz\\vendor\\laravel\\framework\\src\\Illuminate\\Database\\Connection.php(588): Illuminate\\Database\\Connection->run('create table `l...', Array, Object(Closure))
#2 D:\\Code\\C\\projet\\ProjetAnnuelAmYaYaz\\vendor\\laravel\\framework\\src\\Illuminate\\Database\\Schema\\Blueprint.php(110): Illuminate\\Database\\Connection->statement('create table `l...')
#3 D:\\Code\\C\\projet\\ProjetAnnuelAmYaYaz\\vendor\\laravel\\framework\\src\\Illuminate\\Database\\Schema\\Builder.php(602): Illuminate\\Database\\Schema\\Blueprint->build(Object(Illuminate\\Database\\MySqlConnection), Object(Illuminate\\Database\\Schema\\Grammars\\MySqlGrammar))
#4 D:\\Code\\C\\projet\\ProjetAnnuelAmYaYaz\\vendor\\laravel\\framework\\src\\Illuminate\\Database\\Schema\\Builder.php(460): Illuminate\\Database\\Schema\\Builder->build(Object(Illuminate\\Database\\Schema\\Blueprint))
#5 D:\\Code\\C\\projet\\ProjetAnnuelAmYaYaz\\vendor\\laravel\\framework\\src\\Illuminate\\Support\\Facades\\Facade.php(355): Illuminate\\Database\\Schema\\Builder->create('log_connexions', Object(Closure))
#6 D:\\Code\\C\\projet\\ProjetAnnuelAmYaYaz\\database\\migrations\\2025_05_05_193537_create_log_connexions_table.php(23): Illuminate\\Support\\Facades\\Facade::__callStatic('create', Array)
#7 D:\\Code\\C\\projet\\ProjetAnnuelAmYaYaz\\vendor\\laravel\\framework\\src\\Illuminate\\Database\\Migrations\\Migrator.php(501): Illuminate\\Database\\Migrations\\Migration@anonymous->up()
#8 D:\\Code\\C\\projet\\ProjetAnnuelAmYaYaz\\vendor\\laravel\\framework\\src\\Illuminate\\Database\\Migrations\\Migrator.php(418): Illuminate\\Database\\Migrations\\Migrator->runMethod(Object(Illuminate\\Database\\MySqlConnection), Object(Illuminate\\Database\\Migrations\\Migration@anonymous), 'up')
#9 D:\\Code\\C\\projet\\ProjetAnnuelAmYaYaz\\vendor\\laravel\\framework\\src\\Illuminate\\Database\\Migrations\\Migrator.php(427): Illuminate\\Database\\Migrations\\Migrator->Illuminate\\Database\\Migrations\\{closure}()
#10 D:\\Code\\C\\projet\\ProjetAnnuelAmYaYaz\\vendor\\laravel\\framework\\src\\Illuminate\\Database\\Migrations\\Migrator.php(224): Illuminate\\Database\\Migrations\\Migrator->runMigration(Object(Illuminate\\Database\\Migrations\\Migration@anonymous), 'up')
#11 D:\\Code\\C\\projet\\ProjetAnnuelAmYaYaz\\vendor\\laravel\\framework\\src\\Illuminate\\Console\\View\\Components\\Task.php(37): Illuminate\\Database\\Migrations\\Migrator->Illuminate\\Database\\Migrations\\{closure}()
#12 D:\\Code\\C\\projet\\ProjetAnnuelAmYaYaz\\vendor\\laravel\\framework\\src\\Illuminate\\Database\\Migrations\\Migrator.php(783): Illuminate\\Console\\View\\Components\\Task->render('2025_05_05_1935...', Object(Closure))
#13 D:\\Code\\C\\projet\\ProjetAnnuelAmYaYaz\\vendor\\laravel\\framework\\src\\Illuminate\\Database\\Migrations\\Migrator.php(224): Illuminate\\Database\\Migrations\\Migrator->write('Illuminate\\\\Cons...', '2025_05_05_1935...', Object(Closure))
#14 D:\\Code\\C\\projet\\ProjetAnnuelAmYaYaz\\vendor\\laravel\\framework\\src\\Illuminate\\Database\\Migrations\\Migrator.php(189): Illuminate\\Database\\Migrations\\Migrator->runUp('D:\\\\Code\\\\C\\\\proje...', 3, false)
#15 D:\\Code\\C\\projet\\ProjetAnnuelAmYaYaz\\vendor\\laravel\\framework\\src\\Illuminate\\Database\\Migrations\\Migrator.php(132): Illuminate\\Database\\Migrations\\Migrator->runPending(Array, Array)
#16 D:\\Code\\C\\projet\\ProjetAnnuelAmYaYaz\\vendor\\laravel\\framework\\src\\Illuminate\\Database\\Console\\Migrations\\MigrateCommand.php(92): Illuminate\\Database\\Migrations\\Migrator->run(Array, Array)
#17 D:\\Code\\C\\projet\\ProjetAnnuelAmYaYaz\\vendor\\laravel\\framework\\src\\Illuminate\\Database\\Migrations\\Migrator.php(641): Illuminate\\Database\\Console\\Migrations\\MigrateCommand->Illuminate\\Database\\Console\\Migrations\\{closure}()
#18 D:\\Code\\C\\projet\\ProjetAnnuelAmYaYaz\\vendor\\laravel\\framework\\src\\Illuminate\\Database\\Console\\Migrations\\MigrateCommand.php(104): Illuminate\\Database\\Migrations\\Migrator->usingConnection(NULL, Object(Closure))
#19 D:\\Code\\C\\projet\\ProjetAnnuelAmYaYaz\\vendor\\laravel\\framework\\src\\Illuminate\\Container\\BoundMethod.php(36): Illuminate\\Database\\Console\\Migrations\\MigrateCommand->handle()
#20 D:\\Code\\C\\projet\\ProjetAnnuelAmYaYaz\\vendor\\laravel\\framework\\src\\Illuminate\\Container\\Util.php(41): Illuminate\\Container\\BoundMethod::Illuminate\\Container\\{closure}()
#21 D:\\Code\\C\\projet\\ProjetAnnuelAmYaYaz\\vendor\\laravel\\framework\\src\\Illuminate\\Container\\BoundMethod.php(93): Illuminate\\Container\\Util::unwrapIfClosure(Object(Closure))
#22 D:\\Code\\C\\projet\\ProjetAnnuelAmYaYaz\\vendor\\laravel\\framework\\src\\Illuminate\\Container\\BoundMethod.php(37): Illuminate\\Container\\BoundMethod::callBoundMethod(Object(Illuminate\\Foundation\\Application), Array, Object(Closure))
#23 D:\\Code\\C\\projet\\ProjetAnnuelAmYaYaz\\vendor\\laravel\\framework\\src\\Illuminate\\Container\\Container.php(662): Illuminate\\Container\\BoundMethod::call(Object(Illuminate\\Foundation\\Application), Array, Array, NULL)
#24 D:\\Code\\C\\projet\\ProjetAnnuelAmYaYaz\\vendor\\laravel\\framework\\src\\Illuminate\\Console\\Command.php(211): Illuminate\\Container\\Container->call(Array)
#25 D:\\Code\\C\\projet\\ProjetAnnuelAmYaYaz\\vendor\\symfony\\console\\Command\\Command.php(326): Illuminate\\Console\\Command->execute(Object(Symfony\\Component\\Console\\Input\\ArgvInput), Object(Illuminate\\Console\\OutputStyle))
#26 D:\\Code\\C\\projet\\ProjetAnnuelAmYaYaz\\vendor\\laravel\\framework\\src\\Illuminate\\Console\\Command.php(181): Symfony\\Component\\Console\\Command\\Command->run(Object(Symfony\\Component\\Console\\Input\\ArgvInput), Object(Illuminate\\Console\\OutputStyle))
#27 D:\\Code\\C\\projet\\ProjetAnnuelAmYaYaz\\vendor\\symfony\\console\\Application.php(1096): Illuminate\\Console\\Command->run(Object(Symfony\\Component\\Console\\Input\\ArgvInput), Object(Symfony\\Component\\Console\\Output\\ConsoleOutput))
#28 D:\\Code\\C\\projet\\ProjetAnnuelAmYaYaz\\vendor\\symfony\\console\\Application.php(324): Symfony\\Component\\Console\\Application->doRunCommand(Object(Illuminate\\Database\\Console\\Migrations\\MigrateCommand), Object(Symfony\\Component\\Console\\Input\\ArgvInput), Object(Symfony\\Component\\Console\\Output\\ConsoleOutput))
#29 D:\\Code\\C\\projet\\ProjetAnnuelAmYaYaz\\vendor\\symfony\\console\\Application.php(175): Symfony\\Component\\Console\\Application->doRun(Object(Symfony\\Component\\Console\\Input\\ArgvInput), Object(Symfony\\Component\\Console\\Output\\ConsoleOutput))
#30 D:\\Code\\C\\projet\\ProjetAnnuelAmYaYaz\\vendor\\laravel\\framework\\src\\Illuminate\\Foundation\\Console\\Kernel.php(201): Symfony\\Component\\Console\\Application->run(Object(Symfony\\Component\\Console\\Input\\ArgvInput), Object(Symfony\\Component\\Console\\Output\\ConsoleOutput))
#31 D:\\Code\\C\\projet\\ProjetAnnuelAmYaYaz\\artisan(37): Illuminate\\Foundation\\Console\\Kernel->handle(Object(Symfony\\Component\\Console\\Input\\ArgvInput), Object(Symfony\\Component\\Console\\Output\\ConsoleOutput))
#32 {main}

[previous exception] [object] (PDOException(code: 42S01): SQLSTATE[42S01]: Base table or view already exists: 1050 La table 'log_connexions' existe déjà at D:\\Code\\C\\projet\\ProjetAnnuelAmYaYaz\\vendor\\laravel\\framework\\src\\Illuminate\\Database\\Connection.php:587)
[stacktrace]
#0 D:\\Code\\C\\projet\\ProjetAnnuelAmYaYaz\\vendor\\laravel\\framework\\src\\Illuminate\\Database\\Connection.php(587): PDOStatement->execute()
#1 D:\\Code\\C\\projet\\ProjetAnnuelAmYaYaz\\vendor\\laravel\\framework\\src\\Illuminate\\Database\\Connection.php(816): Illuminate\\Database\\Connection->Illuminate\\Database\\{closure}('create table `l...', Array)
#2 D:\\Code\\C\\projet\\ProjetAnnuelAmYaYaz\\vendor\\laravel\\framework\\src\\Illuminate\\Database\\Connection.php(783): Illuminate\\Database\\Connection->runQueryCallback('create table `l...', Array, Object(Closure))
#3 D:\\Code\\C\\projet\\ProjetAnnuelAmYaYaz\\vendor\\laravel\\framework\\src\\Illuminate\\Database\\Connection.php(588): Illuminate\\Database\\Connection->run('create table `l...', Array, Object(Closure))
#4 D:\\Code\\C\\projet\\ProjetAnnuelAmYaYaz\\vendor\\laravel\\framework\\src\\Illuminate\\Database\\Schema\\Blueprint.php(110): Illuminate\\Database\\Connection->statement('create table `l...')
#5 D:\\Code\\C\\projet\\ProjetAnnuelAmYaYaz\\vendor\\laravel\\framework\\src\\Illuminate\\Database\\Schema\\Builder.php(602): Illuminate\\Database\\Schema\\Blueprint->build(Object(Illuminate\\Database\\MySqlConnection), Object(Illuminate\\Database\\Schema\\Grammars\\MySqlGrammar))
#6 D:\\Code\\C\\projet\\ProjetAnnuelAmYaYaz\\vendor\\laravel\\framework\\src\\Illuminate\\Database\\Schema\\Builder.php(460): Illuminate\\Database\\Schema\\Builder->build(Object(Illuminate\\Database\\Schema\\Blueprint))
#7 D:\\Code\\C\\projet\\ProjetAnnuelAmYaYaz\\vendor\\laravel\\framework\\src\\Illuminate\\Support\\Facades\\Facade.php(355): Illuminate\\Database\\Schema\\Builder->create('log_connexions', Object(Closure))
#8 D:\\Code\\C\\projet\\ProjetAnnuelAmYaYaz\\database\\migrations\\2025_05_05_193537_create_log_connexions_table.php(23): Illuminate\\Support\\Facades\\Facade::__callStatic('create', Array)
#9 D:\\Code\\C\\projet\\ProjetAnnuelAmYaYaz\\vendor\\laravel\\framework\\src\\Illuminate\\Database\\Migrations\\Migrator.php(501): Illuminate\\Database\\Migrations\\Migration@anonymous->up()
#10 D:\\Code\\C\\projet\\ProjetAnnuelAmYaYaz\\vendor\\laravel\\framework\\src\\Illuminate\\Database\\Migrations\\Migrator.php(418): Illuminate\\Database\\Migrations\\Migrator->runMethod(Object(Illuminate\\Database\\MySqlConnection), Object(Illuminate\\Database\\Migrations\\Migration@anonymous), 'up')
#11 D:\\Code\\C\\projet\\ProjetAnnuelAmYaYaz\\vendor\\laravel\\framework\\src\\Illuminate\\Database\\Migrations\\Migrator.php(427): Illuminate\\Database\\Migrations\\Migrator->Illuminate\\Database\\Migrations\\{closure}()
#12 D:\\Code\\C\\projet\\ProjetAnnuelAmYaYaz\\vendor\\laravel\\framework\\src\\Illuminate\\Database\\Migrations\\Migrator.php(224): Illuminate\\Database\\Migrations\\Migrator->runMigration(Object(Illuminate\\Database\\Migrations\\Migration@anonymous), 'up')
#13 D:\\Code\\C\\projet\\ProjetAnnuelAmYaYaz\\vendor\\laravel\\framework\\src\\Illuminate\\Console\\View\\Components\\Task.php(37): Illuminate\\Database\\Migrations\\Migrator->Illuminate\\Database\\Migrations\\{closure}()
#14 D:\\Code\\C\\projet\\ProjetAnnuelAmYaYaz\\vendor\\laravel\\framework\\src\\Illuminate\\Database\\Migrations\\Migrator.php(783): Illuminate\\Console\\View\\Components\\Task->render('2025_05_05_1935...', Object(Closure))
#15 D:\\Code\\C\\projet\\ProjetAnnuelAmYaYaz\\vendor\\laravel\\framework\\src\\Illuminate\\Database\\Migrations\\Migrator.php(224): Illuminate\\Database\\Migrations\\Migrator->write('Illuminate\\\\Cons...', '2025_05_05_1935...', Object(Closure))
#16 D:\\Code\\C\\projet\\ProjetAnnuelAmYaYaz\\vendor\\laravel\\framework\\src\\Illuminate\\Database\\Migrations\\Migrator.php(189): Illuminate\\Database\\Migrations\\Migrator->runUp('D:\\\\Code\\\\C\\\\proje...', 3, false)
#17 D:\\Code\\C\\projet\\ProjetAnnuelAmYaYaz\\vendor\\laravel\\framework\\src\\Illuminate\\Database\\Migrations\\Migrator.php(132): Illuminate\\Database\\Migrations\\Migrator->runPending(Array, Array)
#18 D:\\Code\\C\\projet\\ProjetAnnuelAmYaYaz\\vendor\\laravel\\framework\\src\\Illuminate\\Database\\Console\\Migrations\\MigrateCommand.php(92): Illuminate\\Database\\Migrations\\Migrator->run(Array, Array)
#19 D:\\Code\\C\\projet\\ProjetAnnuelAmYaYaz\\vendor\\laravel\\framework\\src\\Illuminate\\Database\\Migrations\\Migrator.php(641): Illuminate\\Database\\Console\\Migrations\\MigrateCommand->Illuminate\\Database\\Console\\Migrations\\{closure}()
#20 D:\\Code\\C\\projet\\ProjetAnnuelAmYaYaz\\vendor\\laravel\\framework\\src\\Illuminate\\Database\\Console\\Migrations\\MigrateCommand.php(104): Illuminate\\Database\\Migrations\\Migrator->usingConnection(NULL, Object(Closure))
#21 D:\\Code\\C\\projet\\ProjetAnnuelAmYaYaz\\vendor\\laravel\\framework\\src\\Illuminate\\Container\\BoundMethod.php(36): Illuminate\\Database\\Console\\Migrations\\MigrateCommand->handle()
#22 D:\\Code\\C\\projet\\ProjetAnnuelAmYaYaz\\vendor\\laravel\\framework\\src\\Illuminate\\Container\\Util.php(41): Illuminate\\Container\\BoundMethod::Illuminate\\Container\\{closure}()
#23 D:\\Code\\C\\projet\\ProjetAnnuelAmYaYaz\\vendor\\laravel\\framework\\src\\Illuminate\\Container\\BoundMethod.php(93): Illuminate\\Container\\Util::unwrapIfClosure(Object(Closure))
#24 D:\\Code\\C\\projet\\ProjetAnnuelAmYaYaz\\vendor\\laravel\\framework\\src\\Illuminate\\Container\\BoundMethod.php(37): Illuminate\\Container\\BoundMethod::callBoundMethod(Object(Illuminate\\Foundation\\Application), Array, Object(Closure))
#25 D:\\Code\\C\\projet\\ProjetAnnuelAmYaYaz\\vendor\\laravel\\framework\\src\\Illuminate\\Container\\Container.php(662): Illuminate\\Container\\BoundMethod::call(Object(Illuminate\\Foundation\\Application), Array, Array, NULL)
#26 D:\\Code\\C\\projet\\ProjetAnnuelAmYaYaz\\vendor\\laravel\\framework\\src\\Illuminate\\Console\\Command.php(211): Illuminate\\Container\\Container->call(Array)
#27 D:\\Code\\C\\projet\\ProjetAnnuelAmYaYaz\\vendor\\symfony\\console\\Command\\Command.php(326): Illuminate\\Console\\Command->execute(Object(Symfony\\Component\\Console\\Input\\ArgvInput), Object(Illuminate\\Console\\OutputStyle))
#28 D:\\Code\\C\\projet\\ProjetAnnuelAmYaYaz\\vendor\\laravel\\framework\\src\\Illuminate\\Console\\Command.php(181): Symfony\\Component\\Console\\Command\\Command->run(Object(Symfony\\Component\\Console\\Input\\ArgvInput), Object(Illuminate\\Console\\OutputStyle))
#29 D:\\Code\\C\\projet\\ProjetAnnuelAmYaYaz\\vendor\\symfony\\console\\Application.php(1096): Illuminate\\Console\\Command->run(Object(Symfony\\Component\\Console\\Input\\ArgvInput), Object(Symfony\\Component\\Console\\Output\\ConsoleOutput))
#30 D:\\Code\\C\\projet\\ProjetAnnuelAmYaYaz\\vendor\\symfony\\console\\Application.php(324): Symfony\\Component\\Console\\Application->doRunCommand(Object(Illuminate\\Database\\Console\\Migrations\\MigrateCommand), Object(Symfony\\Component\\Console\\Input\\ArgvInput), Object(Symfony\\Component\\Console\\Output\\ConsoleOutput))
#31 D:\\Code\\C\\projet\\ProjetAnnuelAmYaYaz\\vendor\\symfony\\console\\Application.php(175): Symfony\\Component\\Console\\Application->doRun(Object(Symfony\\Component\\Console\\Input\\ArgvInput), Object(Symfony\\Component\\Console\\Output\\ConsoleOutput))
#32 D:\\Code\\C\\projet\\ProjetAnnuelAmYaYaz\\vendor\\laravel\\framework\\src\\Illuminate\\Foundation\\Console\\Kernel.php(201): Symfony\\Component\\Console\\Application->run(Object(Symfony\\Component\\Console\\Input\\ArgvInput), Object(Symfony\\Component\\Console\\Output\\ConsoleOutput))
#33 D:\\Code\\C\\projet\\ProjetAnnuelAmYaYaz\\artisan(37): Illuminate\\Foundation\\Console\\Kernel->handle(Object(Symfony\\Component\\Console\\Input\\ArgvInput), Object(Symfony\\Component\\Console\\Output\\ConsoleOutput))
#34 {main}
"} 
[2025-05-05 19:38:39] local.ERROR: SQLSTATE[42S01]: Base table or view already exists: 1050 La table 'log_connexions' existe déjà (Connection: mysql, SQL: create table `log_connexions` (`id` bigint unsigned not null auto_increment primary key, `utilisateur_id` bigint unsigned not null, `ip` varchar(255) null, `user_agent` varchar(255) null, `created_at` timestamp null, `updated_at` timestamp null) default character set utf8mb4 collate 'utf8mb4_unicode_ci') {"exception":"[object] (Illuminate\\Database\\QueryException(code: 42S01): SQLSTATE[42S01]: Base table or view already exists: 1050 La table 'log_connexions' existe déjà (Connection: mysql, SQL: create table `log_connexions` (`id` bigint unsigned not null auto_increment primary key, `utilisateur_id` bigint unsigned not null, `ip` varchar(255) null, `user_agent` varchar(255) null, `created_at` timestamp null, `updated_at` timestamp null) default character set utf8mb4 collate 'utf8mb4_unicode_ci') at D:\\Code\\C\\projet\\ProjetAnnuelAmYaYaz\\vendor\\laravel\\framework\\src\\Illuminate\\Database\\Connection.php:829)
[stacktrace]
#0 D:\\Code\\C\\projet\\ProjetAnnuelAmYaYaz\\vendor\\laravel\\framework\\src\\Illuminate\\Database\\Connection.php(783): Illuminate\\Database\\Connection->runQueryCallback('create table `l...', Array, Object(Closure))
#1 D:\\Code\\C\\projet\\ProjetAnnuelAmYaYaz\\vendor\\laravel\\framework\\src\\Illuminate\\Database\\Connection.php(588): Illuminate\\Database\\Connection->run('create table `l...', Array, Object(Closure))
#2 D:\\Code\\C\\projet\\ProjetAnnuelAmYaYaz\\vendor\\laravel\\framework\\src\\Illuminate\\Database\\Schema\\Blueprint.php(110): Illuminate\\Database\\Connection->statement('create table `l...')
#3 D:\\Code\\C\\projet\\ProjetAnnuelAmYaYaz\\vendor\\laravel\\framework\\src\\Illuminate\\Database\\Schema\\Builder.php(602): Illuminate\\Database\\Schema\\Blueprint->build(Object(Illuminate\\Database\\MySqlConnection), Object(Illuminate\\Database\\Schema\\Grammars\\MySqlGrammar))
#4 D:\\Code\\C\\projet\\ProjetAnnuelAmYaYaz\\vendor\\laravel\\framework\\src\\Illuminate\\Database\\Schema\\Builder.php(460): Illuminate\\Database\\Schema\\Builder->build(Object(Illuminate\\Database\\Schema\\Blueprint))
#5 D:\\Code\\C\\projet\\ProjetAnnuelAmYaYaz\\vendor\\laravel\\framework\\src\\Illuminate\\Support\\Facades\\Facade.php(355): Illuminate\\Database\\Schema\\Builder->create('log_connexions', Object(Closure))
#6 D:\\Code\\C\\projet\\ProjetAnnuelAmYaYaz\\database\\migrations\\2025_05_05_193537_create_log_connexions_table.php(21): Illuminate\\Support\\Facades\\Facade::__callStatic('create', Array)
#7 D:\\Code\\C\\projet\\ProjetAnnuelAmYaYaz\\vendor\\laravel\\framework\\src\\Illuminate\\Database\\Migrations\\Migrator.php(501): Illuminate\\Database\\Migrations\\Migration@anonymous->up()
#8 D:\\Code\\C\\projet\\ProjetAnnuelAmYaYaz\\vendor\\laravel\\framework\\src\\Illuminate\\Database\\Migrations\\Migrator.php(418): Illuminate\\Database\\Migrations\\Migrator->runMethod(Object(Illuminate\\Database\\MySqlConnection), Object(Illuminate\\Database\\Migrations\\Migration@anonymous), 'up')
#9 D:\\Code\\C\\projet\\ProjetAnnuelAmYaYaz\\vendor\\laravel\\framework\\src\\Illuminate\\Database\\Migrations\\Migrator.php(427): Illuminate\\Database\\Migrations\\Migrator->Illuminate\\Database\\Migrations\\{closure}()
#10 D:\\Code\\C\\projet\\ProjetAnnuelAmYaYaz\\vendor\\laravel\\framework\\src\\Illuminate\\Database\\Migrations\\Migrator.php(224): Illuminate\\Database\\Migrations\\Migrator->runMigration(Object(Illuminate\\Database\\Migrations\\Migration@anonymous), 'up')
#11 D:\\Code\\C\\projet\\ProjetAnnuelAmYaYaz\\vendor\\laravel\\framework\\src\\Illuminate\\Console\\View\\Components\\Task.php(37): Illuminate\\Database\\Migrations\\Migrator->Illuminate\\Database\\Migrations\\{closure}()
#12 D:\\Code\\C\\projet\\ProjetAnnuelAmYaYaz\\vendor\\laravel\\framework\\src\\Illuminate\\Database\\Migrations\\Migrator.php(783): Illuminate\\Console\\View\\Components\\Task->render('2025_05_05_1935...', Object(Closure))
#13 D:\\Code\\C\\projet\\ProjetAnnuelAmYaYaz\\vendor\\laravel\\framework\\src\\Illuminate\\Database\\Migrations\\Migrator.php(224): Illuminate\\Database\\Migrations\\Migrator->write('Illuminate\\\\Cons...', '2025_05_05_1935...', Object(Closure))
#14 D:\\Code\\C\\projet\\ProjetAnnuelAmYaYaz\\vendor\\laravel\\framework\\src\\Illuminate\\Database\\Migrations\\Migrator.php(189): Illuminate\\Database\\Migrations\\Migrator->runUp('D:\\\\Code\\\\C\\\\proje...', 3, false)
#15 D:\\Code\\C\\projet\\ProjetAnnuelAmYaYaz\\vendor\\laravel\\framework\\src\\Illuminate\\Database\\Migrations\\Migrator.php(132): Illuminate\\Database\\Migrations\\Migrator->runPending(Array, Array)
#16 D:\\Code\\C\\projet\\ProjetAnnuelAmYaYaz\\vendor\\laravel\\framework\\src\\Illuminate\\Database\\Console\\Migrations\\MigrateCommand.php(92): Illuminate\\Database\\Migrations\\Migrator->run(Array, Array)
#17 D:\\Code\\C\\projet\\ProjetAnnuelAmYaYaz\\vendor\\laravel\\framework\\src\\Illuminate\\Database\\Migrations\\Migrator.php(641): Illuminate\\Database\\Console\\Migrations\\MigrateCommand->Illuminate\\Database\\Console\\Migrations\\{closure}()
#18 D:\\Code\\C\\projet\\ProjetAnnuelAmYaYaz\\vendor\\laravel\\framework\\src\\Illuminate\\Database\\Console\\Migrations\\MigrateCommand.php(104): Illuminate\\Database\\Migrations\\Migrator->usingConnection(NULL, Object(Closure))
#19 D:\\Code\\C\\projet\\ProjetAnnuelAmYaYaz\\vendor\\laravel\\framework\\src\\Illuminate\\Container\\BoundMethod.php(36): Illuminate\\Database\\Console\\Migrations\\MigrateCommand->handle()
#20 D:\\Code\\C\\projet\\ProjetAnnuelAmYaYaz\\vendor\\laravel\\framework\\src\\Illuminate\\Container\\Util.php(41): Illuminate\\Container\\BoundMethod::Illuminate\\Container\\{closure}()
#21 D:\\Code\\C\\projet\\ProjetAnnuelAmYaYaz\\vendor\\laravel\\framework\\src\\Illuminate\\Container\\BoundMethod.php(93): Illuminate\\Container\\Util::unwrapIfClosure(Object(Closure))
#22 D:\\Code\\C\\projet\\ProjetAnnuelAmYaYaz\\vendor\\laravel\\framework\\src\\Illuminate\\Container\\BoundMethod.php(37): Illuminate\\Container\\BoundMethod::callBoundMethod(Object(Illuminate\\Foundation\\Application), Array, Object(Closure))
#23 D:\\Code\\C\\projet\\ProjetAnnuelAmYaYaz\\vendor\\laravel\\framework\\src\\Illuminate\\Container\\Container.php(662): Illuminate\\Container\\BoundMethod::call(Object(Illuminate\\Foundation\\Application), Array, Array, NULL)
#24 D:\\Code\\C\\projet\\ProjetAnnuelAmYaYaz\\vendor\\laravel\\framework\\src\\Illuminate\\Console\\Command.php(211): Illuminate\\Container\\Container->call(Array)
#25 D:\\Code\\C\\projet\\ProjetAnnuelAmYaYaz\\vendor\\symfony\\console\\Command\\Command.php(326): Illuminate\\Console\\Command->execute(Object(Symfony\\Component\\Console\\Input\\ArgvInput), Object(Illuminate\\Console\\OutputStyle))
#26 D:\\Code\\C\\projet\\ProjetAnnuelAmYaYaz\\vendor\\laravel\\framework\\src\\Illuminate\\Console\\Command.php(181): Symfony\\Component\\Console\\Command\\Command->run(Object(Symfony\\Component\\Console\\Input\\ArgvInput), Object(Illuminate\\Console\\OutputStyle))
#27 D:\\Code\\C\\projet\\ProjetAnnuelAmYaYaz\\vendor\\symfony\\console\\Application.php(1096): Illuminate\\Console\\Command->run(Object(Symfony\\Component\\Console\\Input\\ArgvInput), Object(Symfony\\Component\\Console\\Output\\ConsoleOutput))
#28 D:\\Code\\C\\projet\\ProjetAnnuelAmYaYaz\\vendor\\symfony\\console\\Application.php(324): Symfony\\Component\\Console\\Application->doRunCommand(Object(Illuminate\\Database\\Console\\Migrations\\MigrateCommand), Object(Symfony\\Component\\Console\\Input\\ArgvInput), Object(Symfony\\Component\\Console\\Output\\ConsoleOutput))
#29 D:\\Code\\C\\projet\\ProjetAnnuelAmYaYaz\\vendor\\symfony\\console\\Application.php(175): Symfony\\Component\\Console\\Application->doRun(Object(Symfony\\Component\\Console\\Input\\ArgvInput), Object(Symfony\\Component\\Console\\Output\\ConsoleOutput))
#30 D:\\Code\\C\\projet\\ProjetAnnuelAmYaYaz\\vendor\\laravel\\framework\\src\\Illuminate\\Foundation\\Console\\Kernel.php(201): Symfony\\Component\\Console\\Application->run(Object(Symfony\\Component\\Console\\Input\\ArgvInput), Object(Symfony\\Component\\Console\\Output\\ConsoleOutput))
#31 D:\\Code\\C\\projet\\ProjetAnnuelAmYaYaz\\artisan(37): Illuminate\\Foundation\\Console\\Kernel->handle(Object(Symfony\\Component\\Console\\Input\\ArgvInput), Object(Symfony\\Component\\Console\\Output\\ConsoleOutput))
#32 {main}

[previous exception] [object] (PDOException(code: 42S01): SQLSTATE[42S01]: Base table or view already exists: 1050 La table 'log_connexions' existe déjà at D:\\Code\\C\\projet\\ProjetAnnuelAmYaYaz\\vendor\\laravel\\framework\\src\\Illuminate\\Database\\Connection.php:587)
[stacktrace]
#0 D:\\Code\\C\\projet\\ProjetAnnuelAmYaYaz\\vendor\\laravel\\framework\\src\\Illuminate\\Database\\Connection.php(587): PDOStatement->execute()
#1 D:\\Code\\C\\projet\\ProjetAnnuelAmYaYaz\\vendor\\laravel\\framework\\src\\Illuminate\\Database\\Connection.php(816): Illuminate\\Database\\Connection->Illuminate\\Database\\{closure}('create table `l...', Array)
#2 D:\\Code\\C\\projet\\ProjetAnnuelAmYaYaz\\vendor\\laravel\\framework\\src\\Illuminate\\Database\\Connection.php(783): Illuminate\\Database\\Connection->runQueryCallback('create table `l...', Array, Object(Closure))
#3 D:\\Code\\C\\projet\\ProjetAnnuelAmYaYaz\\vendor\\laravel\\framework\\src\\Illuminate\\Database\\Connection.php(588): Illuminate\\Database\\Connection->run('create table `l...', Array, Object(Closure))
#4 D:\\Code\\C\\projet\\ProjetAnnuelAmYaYaz\\vendor\\laravel\\framework\\src\\Illuminate\\Database\\Schema\\Blueprint.php(110): Illuminate\\Database\\Connection->statement('create table `l...')
#5 D:\\Code\\C\\projet\\ProjetAnnuelAmYaYaz\\vendor\\laravel\\framework\\src\\Illuminate\\Database\\Schema\\Builder.php(602): Illuminate\\Database\\Schema\\Blueprint->build(Object(Illuminate\\Database\\MySqlConnection), Object(Illuminate\\Database\\Schema\\Grammars\\MySqlGrammar))
#6 D:\\Code\\C\\projet\\ProjetAnnuelAmYaYaz\\vendor\\laravel\\framework\\src\\Illuminate\\Database\\Schema\\Builder.php(460): Illuminate\\Database\\Schema\\Builder->build(Object(Illuminate\\Database\\Schema\\Blueprint))
#7 D:\\Code\\C\\projet\\ProjetAnnuelAmYaYaz\\vendor\\laravel\\framework\\src\\Illuminate\\Support\\Facades\\Facade.php(355): Illuminate\\Database\\Schema\\Builder->create('log_connexions', Object(Closure))
#8 D:\\Code\\C\\projet\\ProjetAnnuelAmYaYaz\\database\\migrations\\2025_05_05_193537_create_log_connexions_table.php(21): Illuminate\\Support\\Facades\\Facade::__callStatic('create', Array)
#9 D:\\Code\\C\\projet\\ProjetAnnuelAmYaYaz\\vendor\\laravel\\framework\\src\\Illuminate\\Database\\Migrations\\Migrator.php(501): Illuminate\\Database\\Migrations\\Migration@anonymous->up()
#10 D:\\Code\\C\\projet\\ProjetAnnuelAmYaYaz\\vendor\\laravel\\framework\\src\\Illuminate\\Database\\Migrations\\Migrator.php(418): Illuminate\\Database\\Migrations\\Migrator->runMethod(Object(Illuminate\\Database\\MySqlConnection), Object(Illuminate\\Database\\Migrations\\Migration@anonymous), 'up')
#11 D:\\Code\\C\\projet\\ProjetAnnuelAmYaYaz\\vendor\\laravel\\framework\\src\\Illuminate\\Database\\Migrations\\Migrator.php(427): Illuminate\\Database\\Migrations\\Migrator->Illuminate\\Database\\Migrations\\{closure}()
#12 D:\\Code\\C\\projet\\ProjetAnnuelAmYaYaz\\vendor\\laravel\\framework\\src\\Illuminate\\Database\\Migrations\\Migrator.php(224): Illuminate\\Database\\Migrations\\Migrator->runMigration(Object(Illuminate\\Database\\Migrations\\Migration@anonymous), 'up')
#13 D:\\Code\\C\\projet\\ProjetAnnuelAmYaYaz\\vendor\\laravel\\framework\\src\\Illuminate\\Console\\View\\Components\\Task.php(37): Illuminate\\Database\\Migrations\\Migrator->Illuminate\\Database\\Migrations\\{closure}()
#14 D:\\Code\\C\\projet\\ProjetAnnuelAmYaYaz\\vendor\\laravel\\framework\\src\\Illuminate\\Database\\Migrations\\Migrator.php(783): Illuminate\\Console\\View\\Components\\Task->render('2025_05_05_1935...', Object(Closure))
#15 D:\\Code\\C\\projet\\ProjetAnnuelAmYaYaz\\vendor\\laravel\\framework\\src\\Illuminate\\Database\\Migrations\\Migrator.php(224): Illuminate\\Database\\Migrations\\Migrator->write('Illuminate\\\\Cons...', '2025_05_05_1935...', Object(Closure))
#16 D:\\Code\\C\\projet\\ProjetAnnuelAmYaYaz\\vendor\\laravel\\framework\\src\\Illuminate\\Database\\Migrations\\Migrator.php(189): Illuminate\\Database\\Migrations\\Migrator->runUp('D:\\\\Code\\\\C\\\\proje...', 3, false)
#17 D:\\Code\\C\\projet\\ProjetAnnuelAmYaYaz\\vendor\\laravel\\framework\\src\\Illuminate\\Database\\Migrations\\Migrator.php(132): Illuminate\\Database\\Migrations\\Migrator->runPending(Array, Array)
#18 D:\\Code\\C\\projet\\ProjetAnnuelAmYaYaz\\vendor\\laravel\\framework\\src\\Illuminate\\Database\\Console\\Migrations\\MigrateCommand.php(92): Illuminate\\Database\\Migrations\\Migrator->run(Array, Array)
#19 D:\\Code\\C\\projet\\ProjetAnnuelAmYaYaz\\vendor\\laravel\\framework\\src\\Illuminate\\Database\\Migrations\\Migrator.php(641): Illuminate\\Database\\Console\\Migrations\\MigrateCommand->Illuminate\\Database\\Console\\Migrations\\{closure}()
#20 D:\\Code\\C\\projet\\ProjetAnnuelAmYaYaz\\vendor\\laravel\\framework\\src\\Illuminate\\Database\\Console\\Migrations\\MigrateCommand.php(104): Illuminate\\Database\\Migrations\\Migrator->usingConnection(NULL, Object(Closure))
#21 D:\\Code\\C\\projet\\ProjetAnnuelAmYaYaz\\vendor\\laravel\\framework\\src\\Illuminate\\Container\\BoundMethod.php(36): Illuminate\\Database\\Console\\Migrations\\MigrateCommand->handle()
#22 D:\\Code\\C\\projet\\ProjetAnnuelAmYaYaz\\vendor\\laravel\\framework\\src\\Illuminate\\Container\\Util.php(41): Illuminate\\Container\\BoundMethod::Illuminate\\Container\\{closure}()
#23 D:\\Code\\C\\projet\\ProjetAnnuelAmYaYaz\\vendor\\laravel\\framework\\src\\Illuminate\\Container\\BoundMethod.php(93): Illuminate\\Container\\Util::unwrapIfClosure(Object(Closure))
#24 D:\\Code\\C\\projet\\ProjetAnnuelAmYaYaz\\vendor\\laravel\\framework\\src\\Illuminate\\Container\\BoundMethod.php(37): Illuminate\\Container\\BoundMethod::callBoundMethod(Object(Illuminate\\Foundation\\Application), Array, Object(Closure))
#25 D:\\Code\\C\\projet\\ProjetAnnuelAmYaYaz\\vendor\\laravel\\framework\\src\\Illuminate\\Container\\Container.php(662): Illuminate\\Container\\BoundMethod::call(Object(Illuminate\\Foundation\\Application), Array, Array, NULL)
#26 D:\\Code\\C\\projet\\ProjetAnnuelAmYaYaz\\vendor\\laravel\\framework\\src\\Illuminate\\Console\\Command.php(211): Illuminate\\Container\\Container->call(Array)
#27 D:\\Code\\C\\projet\\ProjetAnnuelAmYaYaz\\vendor\\symfony\\console\\Command\\Command.php(326): Illuminate\\Console\\Command->execute(Object(Symfony\\Component\\Console\\Input\\ArgvInput), Object(Illuminate\\Console\\OutputStyle))
#28 D:\\Code\\C\\projet\\ProjetAnnuelAmYaYaz\\vendor\\laravel\\framework\\src\\Illuminate\\Console\\Command.php(181): Symfony\\Component\\Console\\Command\\Command->run(Object(Symfony\\Component\\Console\\Input\\ArgvInput), Object(Illuminate\\Console\\OutputStyle))
#29 D:\\Code\\C\\projet\\ProjetAnnuelAmYaYaz\\vendor\\symfony\\console\\Application.php(1096): Illuminate\\Console\\Command->run(Object(Symfony\\Component\\Console\\Input\\ArgvInput), Object(Symfony\\Component\\Console\\Output\\ConsoleOutput))
#30 D:\\Code\\C\\projet\\ProjetAnnuelAmYaYaz\\vendor\\symfony\\console\\Application.php(324): Symfony\\Component\\Console\\Application->doRunCommand(Object(Illuminate\\Database\\Console\\Migrations\\MigrateCommand), Object(Symfony\\Component\\Console\\Input\\ArgvInput), Object(Symfony\\Component\\Console\\Output\\ConsoleOutput))
#31 D:\\Code\\C\\projet\\ProjetAnnuelAmYaYaz\\vendor\\symfony\\console\\Application.php(175): Symfony\\Component\\Console\\Application->doRun(Object(Symfony\\Component\\Console\\Input\\ArgvInput), Object(Symfony\\Component\\Console\\Output\\ConsoleOutput))
#32 D:\\Code\\C\\projet\\ProjetAnnuelAmYaYaz\\vendor\\laravel\\framework\\src\\Illuminate\\Foundation\\Console\\Kernel.php(201): Symfony\\Component\\Console\\Application->run(Object(Symfony\\Component\\Console\\Input\\ArgvInput), Object(Symfony\\Component\\Console\\Output\\ConsoleOutput))
#33 D:\\Code\\C\\projet\\ProjetAnnuelAmYaYaz\\artisan(37): Illuminate\\Foundation\\Console\\Kernel->handle(Object(Symfony\\Component\\Console\\Input\\ArgvInput), Object(Symfony\\Component\\Console\\Output\\ConsoleOutput))
#34 {main}
"} 
[2025-05-05 19:50:49] local.ERROR: Target class [App\Http\Controllers\LogConnexionController] does not exist. {"userId":22,"exception":"[object] (Illuminate\\Contracts\\Container\\BindingResolutionException(code: 0): Target class [App\\Http\\Controllers\\LogConnexionController] does not exist. at D:\\Code\\C\\projet\\ProjetAnnuelAmYaYaz\\vendor\\laravel\\framework\\src\\Illuminate\\Container\\Container.php:914)
[stacktrace]
#0 D:\\Code\\C\\projet\\ProjetAnnuelAmYaYaz\\vendor\\laravel\\framework\\src\\Illuminate\\Container\\Container.php(795): Illuminate\\Container\\Container->build('App\\\\Http\\\\Contro...')
#1 D:\\Code\\C\\projet\\ProjetAnnuelAmYaYaz\\vendor\\laravel\\framework\\src\\Illuminate\\Foundation\\Application.php(986): Illuminate\\Container\\Container->resolve('App\\\\Http\\\\Contro...', Array, true)
#2 D:\\Code\\C\\projet\\ProjetAnnuelAmYaYaz\\vendor\\laravel\\framework\\src\\Illuminate\\Container\\Container.php(731): Illuminate\\Foundation\\Application->resolve('App\\\\Http\\\\Contro...', Array)
#3 D:\\Code\\C\\projet\\ProjetAnnuelAmYaYaz\\vendor\\laravel\\framework\\src\\Illuminate\\Foundation\\Application.php(971): Illuminate\\Container\\Container->make('App\\\\Http\\\\Contro...', Array)
#4 D:\\Code\\C\\projet\\ProjetAnnuelAmYaYaz\\vendor\\laravel\\framework\\src\\Illuminate\\Routing\\Route.php(278): Illuminate\\Foundation\\Application->make('App\\\\Http\\\\Contro...')
#5 D:\\Code\\C\\projet\\ProjetAnnuelAmYaYaz\\vendor\\laravel\\framework\\src\\Illuminate\\Routing\\Route.php(260): Illuminate\\Routing\\Route->getController()
#6 D:\\Code\\C\\projet\\ProjetAnnuelAmYaYaz\\vendor\\laravel\\framework\\src\\Illuminate\\Routing\\Route.php(205): Illuminate\\Routing\\Route->runController()
#7 D:\\Code\\C\\projet\\ProjetAnnuelAmYaYaz\\vendor\\laravel\\framework\\src\\Illuminate\\Routing\\Router.php(806): Illuminate\\Routing\\Route->run()
#8 D:\\Code\\C\\projet\\ProjetAnnuelAmYaYaz\\vendor\\laravel\\framework\\src\\Illuminate\\Pipeline\\Pipeline.php(144): Illuminate\\Routing\\Router->Illuminate\\Routing\\{closure}(Object(Illuminate\\Http\\Request))
#9 D:\\Code\\C\\projet\\ProjetAnnuelAmYaYaz\\vendor\\laravel\\framework\\src\\Illuminate\\Http\\Middleware\\AddLinkHeadersForPreloadedAssets.php(20): Illuminate\\Pipeline\\Pipeline->Illuminate\\Pipeline\\{closure}(Object(Illuminate\\Http\\Request))
#10 D:\\Code\\C\\projet\\ProjetAnnuelAmYaYaz\\vendor\\laravel\\framework\\src\\Illuminate\\Pipeline\\Pipeline.php(183): Illuminate\\Http\\Middleware\\AddLinkHeadersForPreloadedAssets->handle(Object(Illuminate\\Http\\Request), Object(Closure))
#11 D:\\Code\\C\\projet\\ProjetAnnuelAmYaYaz\\vendor\\inertiajs\\inertia-laravel\\src\\Middleware.php(87): Illuminate\\Pipeline\\Pipeline->Illuminate\\Pipeline\\{closure}(Object(Illuminate\\Http\\Request))
#12 D:\\Code\\C\\projet\\ProjetAnnuelAmYaYaz\\vendor\\laravel\\framework\\src\\Illuminate\\Pipeline\\Pipeline.php(183): Inertia\\Middleware->handle(Object(Illuminate\\Http\\Request), Object(Closure))
#13 D:\\Code\\C\\projet\\ProjetAnnuelAmYaYaz\\vendor\\laravel\\framework\\src\\Illuminate\\Routing\\Middleware\\SubstituteBindings.php(50): Illuminate\\Pipeline\\Pipeline->Illuminate\\Pipeline\\{closure}(Object(Illuminate\\Http\\Request))
#14 D:\\Code\\C\\projet\\ProjetAnnuelAmYaYaz\\vendor\\laravel\\framework\\src\\Illuminate\\Pipeline\\Pipeline.php(183): Illuminate\\Routing\\Middleware\\SubstituteBindings->handle(Object(Illuminate\\Http\\Request), Object(Closure))
#15 D:\\Code\\C\\projet\\ProjetAnnuelAmYaYaz\\vendor\\laravel\\framework\\src\\Illuminate\\Auth\\Middleware\\Authenticate.php(57): Illuminate\\Pipeline\\Pipeline->Illuminate\\Pipeline\\{closure}(Object(Illuminate\\Http\\Request))
#16 D:\\Code\\C\\projet\\ProjetAnnuelAmYaYaz\\vendor\\laravel\\framework\\src\\Illuminate\\Pipeline\\Pipeline.php(183): Illuminate\\Auth\\Middleware\\Authenticate->handle(Object(Illuminate\\Http\\Request), Object(Closure))
#17 D:\\Code\\C\\projet\\ProjetAnnuelAmYaYaz\\vendor\\laravel\\framework\\src\\Illuminate\\Foundation\\Http\\Middleware\\VerifyCsrfToken.php(78): Illuminate\\Pipeline\\Pipeline->Illuminate\\Pipeline\\{closure}(Object(Illuminate\\Http\\Request))
#18 D:\\Code\\C\\projet\\ProjetAnnuelAmYaYaz\\vendor\\laravel\\framework\\src\\Illuminate\\Pipeline\\Pipeline.php(183): Illuminate\\Foundation\\Http\\Middleware\\VerifyCsrfToken->handle(Object(Illuminate\\Http\\Request), Object(Closure))
#19 D:\\Code\\C\\projet\\ProjetAnnuelAmYaYaz\\vendor\\laravel\\framework\\src\\Illuminate\\View\\Middleware\\ShareErrorsFromSession.php(49): Illuminate\\Pipeline\\Pipeline->Illuminate\\Pipeline\\{closure}(Object(Illuminate\\Http\\Request))
#20 D:\\Code\\C\\projet\\ProjetAnnuelAmYaYaz\\vendor\\laravel\\framework\\src\\Illuminate\\Pipeline\\Pipeline.php(183): Illuminate\\View\\Middleware\\ShareErrorsFromSession->handle(Object(Illuminate\\Http\\Request), Object(Closure))
#21 D:\\Code\\C\\projet\\ProjetAnnuelAmYaYaz\\vendor\\laravel\\framework\\src\\Illuminate\\Session\\Middleware\\StartSession.php(121): Illuminate\\Pipeline\\Pipeline->Illuminate\\Pipeline\\{closure}(Object(Illuminate\\Http\\Request))
#22 D:\\Code\\C\\projet\\ProjetAnnuelAmYaYaz\\vendor\\laravel\\framework\\src\\Illuminate\\Session\\Middleware\\StartSession.php(64): Illuminate\\Session\\Middleware\\StartSession->handleStatefulRequest(Object(Illuminate\\Http\\Request), Object(Illuminate\\Session\\Store), Object(Closure))
#23 D:\\Code\\C\\projet\\ProjetAnnuelAmYaYaz\\vendor\\laravel\\framework\\src\\Illuminate\\Pipeline\\Pipeline.php(183): Illuminate\\Session\\Middleware\\StartSession->handle(Object(Illuminate\\Http\\Request), Object(Closure))
#24 D:\\Code\\C\\projet\\ProjetAnnuelAmYaYaz\\vendor\\laravel\\framework\\src\\Illuminate\\Cookie\\Middleware\\AddQueuedCookiesToResponse.php(37): Illuminate\\Pipeline\\Pipeline->Illuminate\\Pipeline\\{closure}(Object(Illuminate\\Http\\Request))
#25 D:\\Code\\C\\projet\\ProjetAnnuelAmYaYaz\\vendor\\laravel\\framework\\src\\Illuminate\\Pipeline\\Pipeline.php(183): Illuminate\\Cookie\\Middleware\\AddQueuedCookiesToResponse->handle(Object(Illuminate\\Http\\Request), Object(Closure))
#26 D:\\Code\\C\\projet\\ProjetAnnuelAmYaYaz\\vendor\\laravel\\framework\\src\\Illuminate\\Cookie\\Middleware\\EncryptCookies.php(67): Illuminate\\Pipeline\\Pipeline->Illuminate\\Pipeline\\{closure}(Object(Illuminate\\Http\\Request))
#27 D:\\Code\\C\\projet\\ProjetAnnuelAmYaYaz\\vendor\\laravel\\framework\\src\\Illuminate\\Pipeline\\Pipeline.php(183): Illuminate\\Cookie\\Middleware\\EncryptCookies->handle(Object(Illuminate\\Http\\Request), Object(Closure))
#28 D:\\Code\\C\\projet\\ProjetAnnuelAmYaYaz\\vendor\\laravel\\framework\\src\\Illuminate\\Pipeline\\Pipeline.php(119): Illuminate\\Pipeline\\Pipeline->Illuminate\\Pipeline\\{closure}(Object(Illuminate\\Http\\Request))
#29 D:\\Code\\C\\projet\\ProjetAnnuelAmYaYaz\\vendor\\laravel\\framework\\src\\Illuminate\\Routing\\Router.php(807): Illuminate\\Pipeline\\Pipeline->then(Object(Closure))
#30 D:\\Code\\C\\projet\\ProjetAnnuelAmYaYaz\\vendor\\laravel\\framework\\src\\Illuminate\\Routing\\Router.php(784): Illuminate\\Routing\\Router->runRouteWithinStack(Object(Illuminate\\Routing\\Route), Object(Illuminate\\Http\\Request))
#31 D:\\Code\\C\\projet\\ProjetAnnuelAmYaYaz\\vendor\\laravel\\framework\\src\\Illuminate\\Routing\\Router.php(748): Illuminate\\Routing\\Router->runRoute(Object(Illuminate\\Http\\Request), Object(Illuminate\\Routing\\Route))
#32 D:\\Code\\C\\projet\\ProjetAnnuelAmYaYaz\\vendor\\laravel\\framework\\src\\Illuminate\\Routing\\Router.php(737): Illuminate\\Routing\\Router->dispatchToRoute(Object(Illuminate\\Http\\Request))
#33 D:\\Code\\C\\projet\\ProjetAnnuelAmYaYaz\\vendor\\laravel\\framework\\src\\Illuminate\\Foundation\\Http\\Kernel.php(200): Illuminate\\Routing\\Router->dispatch(Object(Illuminate\\Http\\Request))
#34 D:\\Code\\C\\projet\\ProjetAnnuelAmYaYaz\\vendor\\laravel\\framework\\src\\Illuminate\\Pipeline\\Pipeline.php(144): Illuminate\\Foundation\\Http\\Kernel->Illuminate\\Foundation\\Http\\{closure}(Object(Illuminate\\Http\\Request))
#35 D:\\Code\\C\\projet\\ProjetAnnuelAmYaYaz\\vendor\\laravel\\framework\\src\\Illuminate\\Foundation\\Http\\Middleware\\TransformsRequest.php(21): Illuminate\\Pipeline\\Pipeline->Illuminate\\Pipeline\\{closure}(Object(Illuminate\\Http\\Request))
#36 D:\\Code\\C\\projet\\ProjetAnnuelAmYaYaz\\vendor\\laravel\\framework\\src\\Illuminate\\Foundation\\Http\\Middleware\\ConvertEmptyStringsToNull.php(31): Illuminate\\Foundation\\Http\\Middleware\\TransformsRequest->handle(Object(Illuminate\\Http\\Request), Object(Closure))
#37 D:\\Code\\C\\projet\\ProjetAnnuelAmYaYaz\\vendor\\laravel\\framework\\src\\Illuminate\\Pipeline\\Pipeline.php(183): Illuminate\\Foundation\\Http\\Middleware\\ConvertEmptyStringsToNull->handle(Object(Illuminate\\Http\\Request), Object(Closure))
#38 D:\\Code\\C\\projet\\ProjetAnnuelAmYaYaz\\vendor\\laravel\\framework\\src\\Illuminate\\Foundation\\Http\\Middleware\\TransformsRequest.php(21): Illuminate\\Pipeline\\Pipeline->Illuminate\\Pipeline\\{closure}(Object(Illuminate\\Http\\Request))
#39 D:\\Code\\C\\projet\\ProjetAnnuelAmYaYaz\\vendor\\laravel\\framework\\src\\Illuminate\\Foundation\\Http\\Middleware\\TrimStrings.php(40): Illuminate\\Foundation\\Http\\Middleware\\TransformsRequest->handle(Object(Illuminate\\Http\\Request), Object(Closure))
#40 D:\\Code\\C\\projet\\ProjetAnnuelAmYaYaz\\vendor\\laravel\\framework\\src\\Illuminate\\Pipeline\\Pipeline.php(183): Illuminate\\Foundation\\Http\\Middleware\\TrimStrings->handle(Object(Illuminate\\Http\\Request), Object(Closure))
#41 D:\\Code\\C\\projet\\ProjetAnnuelAmYaYaz\\vendor\\laravel\\framework\\src\\Illuminate\\Foundation\\Http\\Middleware\\ValidatePostSize.php(27): Illuminate\\Pipeline\\Pipeline->Illuminate\\Pipeline\\{closure}(Object(Illuminate\\Http\\Request))
#42 D:\\Code\\C\\projet\\ProjetAnnuelAmYaYaz\\vendor\\laravel\\framework\\src\\Illuminate\\Pipeline\\Pipeline.php(183): Illuminate\\Foundation\\Http\\Middleware\\ValidatePostSize->handle(Object(Illuminate\\Http\\Request), Object(Closure))
#43 D:\\Code\\C\\projet\\ProjetAnnuelAmYaYaz\\vendor\\laravel\\framework\\src\\Illuminate\\Foundation\\Http\\Middleware\\PreventRequestsDuringMaintenance.php(99): Illuminate\\Pipeline\\Pipeline->Illuminate\\Pipeline\\{closure}(Object(Illuminate\\Http\\Request))
#44 D:\\Code\\C\\projet\\ProjetAnnuelAmYaYaz\\vendor\\laravel\\framework\\src\\Illuminate\\Pipeline\\Pipeline.php(183): Illuminate\\Foundation\\Http\\Middleware\\PreventRequestsDuringMaintenance->handle(Object(Illuminate\\Http\\Request), Object(Closure))
#45 D:\\Code\\C\\projet\\ProjetAnnuelAmYaYaz\\vendor\\laravel\\framework\\src\\Illuminate\\Http\\Middleware\\HandleCors.php(49): Illuminate\\Pipeline\\Pipeline->Illuminate\\Pipeline\\{closure}(Object(Illuminate\\Http\\Request))
#46 D:\\Code\\C\\projet\\ProjetAnnuelAmYaYaz\\vendor\\laravel\\framework\\src\\Illuminate\\Pipeline\\Pipeline.php(183): Illuminate\\Http\\Middleware\\HandleCors->handle(Object(Illuminate\\Http\\Request), Object(Closure))
#47 D:\\Code\\C\\projet\\ProjetAnnuelAmYaYaz\\vendor\\laravel\\framework\\src\\Illuminate\\Http\\Middleware\\TrustProxies.php(39): Illuminate\\Pipeline\\Pipeline->Illuminate\\Pipeline\\{closure}(Object(Illuminate\\Http\\Request))
#48 D:\\Code\\C\\projet\\ProjetAnnuelAmYaYaz\\vendor\\laravel\\framework\\src\\Illuminate\\Pipeline\\Pipeline.php(183): Illuminate\\Http\\Middleware\\TrustProxies->handle(Object(Illuminate\\Http\\Request), Object(Closure))
#49 D:\\Code\\C\\projet\\ProjetAnnuelAmYaYaz\\vendor\\laravel\\framework\\src\\Illuminate\\Pipeline\\Pipeline.php(119): Illuminate\\Pipeline\\Pipeline->Illuminate\\Pipeline\\{closure}(Object(Illuminate\\Http\\Request))
#50 D:\\Code\\C\\projet\\ProjetAnnuelAmYaYaz\\vendor\\laravel\\framework\\src\\Illuminate\\Foundation\\Http\\Kernel.php(175): Illuminate\\Pipeline\\Pipeline->then(Object(Closure))
#51 D:\\Code\\C\\projet\\ProjetAnnuelAmYaYaz\\vendor\\laravel\\framework\\src\\Illuminate\\Foundation\\Http\\Kernel.php(144): Illuminate\\Foundation\\Http\\Kernel->sendRequestThroughRouter(Object(Illuminate\\Http\\Request))
#52 D:\\Code\\C\\projet\\ProjetAnnuelAmYaYaz\\public\\index.php(52): Illuminate\\Foundation\\Http\\Kernel->handle(Object(Illuminate\\Http\\Request))
#53 D:\\Code\\C\\projet\\ProjetAnnuelAmYaYaz\\vendor\\laravel\\framework\\src\\Illuminate\\Foundation\\resources\\server.php(16): require_once('D:\\\\Code\\\\C\\\\proje...')
#54 {main}

[previous exception] [object] (ReflectionException(code: -1): Class \"App\\Http\\Controllers\\LogConnexionController\" does not exist at D:\\Code\\C\\projet\\ProjetAnnuelAmYaYaz\\vendor\\laravel\\framework\\src\\Illuminate\\Container\\Container.php:912)
[stacktrace]
#0 D:\\Code\\C\\projet\\ProjetAnnuelAmYaYaz\\vendor\\laravel\\framework\\src\\Illuminate\\Container\\Container.php(912): ReflectionClass->__construct('App\\\\Http\\\\Contro...')
#1 D:\\Code\\C\\projet\\ProjetAnnuelAmYaYaz\\vendor\\laravel\\framework\\src\\Illuminate\\Container\\Container.php(795): Illuminate\\Container\\Container->build('App\\\\Http\\\\Contro...')
#2 D:\\Code\\C\\projet\\ProjetAnnuelAmYaYaz\\vendor\\laravel\\framework\\src\\Illuminate\\Foundation\\Application.php(986): Illuminate\\Container\\Container->resolve('App\\\\Http\\\\Contro...', Array, true)
#3 D:\\Code\\C\\projet\\ProjetAnnuelAmYaYaz\\vendor\\laravel\\framework\\src\\Illuminate\\Container\\Container.php(731): Illuminate\\Foundation\\Application->resolve('App\\\\Http\\\\Contro...', Array)
#4 D:\\Code\\C\\projet\\ProjetAnnuelAmYaYaz\\vendor\\laravel\\framework\\src\\Illuminate\\Foundation\\Application.php(971): Illuminate\\Container\\Container->make('App\\\\Http\\\\Contro...', Array)
#5 D:\\Code\\C\\projet\\ProjetAnnuelAmYaYaz\\vendor\\laravel\\framework\\src\\Illuminate\\Routing\\Route.php(278): Illuminate\\Foundation\\Application->make('App\\\\Http\\\\Contro...')
#6 D:\\Code\\C\\projet\\ProjetAnnuelAmYaYaz\\vendor\\laravel\\framework\\src\\Illuminate\\Routing\\Route.php(260): Illuminate\\Routing\\Route->getController()
#7 D:\\Code\\C\\projet\\ProjetAnnuelAmYaYaz\\vendor\\laravel\\framework\\src\\Illuminate\\Routing\\Route.php(205): Illuminate\\Routing\\Route->runController()
#8 D:\\Code\\C\\projet\\ProjetAnnuelAmYaYaz\\vendor\\laravel\\framework\\src\\Illuminate\\Routing\\Router.php(806): Illuminate\\Routing\\Route->run()
#9 D:\\Code\\C\\projet\\ProjetAnnuelAmYaYaz\\vendor\\laravel\\framework\\src\\Illuminate\\Pipeline\\Pipeline.php(144): Illuminate\\Routing\\Router->Illuminate\\Routing\\{closure}(Object(Illuminate\\Http\\Request))
#10 D:\\Code\\C\\projet\\ProjetAnnuelAmYaYaz\\vendor\\laravel\\framework\\src\\Illuminate\\Http\\Middleware\\AddLinkHeadersForPreloadedAssets.php(20): Illuminate\\Pipeline\\Pipeline->Illuminate\\Pipeline\\{closure}(Object(Illuminate\\Http\\Request))
#11 D:\\Code\\C\\projet\\ProjetAnnuelAmYaYaz\\vendor\\laravel\\framework\\src\\Illuminate\\Pipeline\\Pipeline.php(183): Illuminate\\Http\\Middleware\\AddLinkHeadersForPreloadedAssets->handle(Object(Illuminate\\Http\\Request), Object(Closure))
#12 D:\\Code\\C\\projet\\ProjetAnnuelAmYaYaz\\vendor\\inertiajs\\inertia-laravel\\src\\Middleware.php(87): Illuminate\\Pipeline\\Pipeline->Illuminate\\Pipeline\\{closure}(Object(Illuminate\\Http\\Request))
#13 D:\\Code\\C\\projet\\ProjetAnnuelAmYaYaz\\vendor\\laravel\\framework\\src\\Illuminate\\Pipeline\\Pipeline.php(183): Inertia\\Middleware->handle(Object(Illuminate\\Http\\Request), Object(Closure))
#14 D:\\Code\\C\\projet\\ProjetAnnuelAmYaYaz\\vendor\\laravel\\framework\\src\\Illuminate\\Routing\\Middleware\\SubstituteBindings.php(50): Illuminate\\Pipeline\\Pipeline->Illuminate\\Pipeline\\{closure}(Object(Illuminate\\Http\\Request))
#15 D:\\Code\\C\\projet\\ProjetAnnuelAmYaYaz\\vendor\\laravel\\framework\\src\\Illuminate\\Pipeline\\Pipeline.php(183): Illuminate\\Routing\\Middleware\\SubstituteBindings->handle(Object(Illuminate\\Http\\Request), Object(Closure))
#16 D:\\Code\\C\\projet\\ProjetAnnuelAmYaYaz\\vendor\\laravel\\framework\\src\\Illuminate\\Auth\\Middleware\\Authenticate.php(57): Illuminate\\Pipeline\\Pipeline->Illuminate\\Pipeline\\{closure}(Object(Illuminate\\Http\\Request))
#17 D:\\Code\\C\\projet\\ProjetAnnuelAmYaYaz\\vendor\\laravel\\framework\\src\\Illuminate\\Pipeline\\Pipeline.php(183): Illuminate\\Auth\\Middleware\\Authenticate->handle(Object(Illuminate\\Http\\Request), Object(Closure))
#18 D:\\Code\\C\\projet\\ProjetAnnuelAmYaYaz\\vendor\\laravel\\framework\\src\\Illuminate\\Foundation\\Http\\Middleware\\VerifyCsrfToken.php(78): Illuminate\\Pipeline\\Pipeline->Illuminate\\Pipeline\\{closure}(Object(Illuminate\\Http\\Request))
#19 D:\\Code\\C\\projet\\ProjetAnnuelAmYaYaz\\vendor\\laravel\\framework\\src\\Illuminate\\Pipeline\\Pipeline.php(183): Illuminate\\Foundation\\Http\\Middleware\\VerifyCsrfToken->handle(Object(Illuminate\\Http\\Request), Object(Closure))
#20 D:\\Code\\C\\projet\\ProjetAnnuelAmYaYaz\\vendor\\laravel\\framework\\src\\Illuminate\\View\\Middleware\\ShareErrorsFromSession.php(49): Illuminate\\Pipeline\\Pipeline->Illuminate\\Pipeline\\{closure}(Object(Illuminate\\Http\\Request))
#21 D:\\Code\\C\\projet\\ProjetAnnuelAmYaYaz\\vendor\\laravel\\framework\\src\\Illuminate\\Pipeline\\Pipeline.php(183): Illuminate\\View\\Middleware\\ShareErrorsFromSession->handle(Object(Illuminate\\Http\\Request), Object(Closure))
#22 D:\\Code\\C\\projet\\ProjetAnnuelAmYaYaz\\vendor\\laravel\\framework\\src\\Illuminate\\Session\\Middleware\\StartSession.php(121): Illuminate\\Pipeline\\Pipeline->Illuminate\\Pipeline\\{closure}(Object(Illuminate\\Http\\Request))
#23 D:\\Code\\C\\projet\\ProjetAnnuelAmYaYaz\\vendor\\laravel\\framework\\src\\Illuminate\\Session\\Middleware\\StartSession.php(64): Illuminate\\Session\\Middleware\\StartSession->handleStatefulRequest(Object(Illuminate\\Http\\Request), Object(Illuminate\\Session\\Store), Object(Closure))
#24 D:\\Code\\C\\projet\\ProjetAnnuelAmYaYaz\\vendor\\laravel\\framework\\src\\Illuminate\\Pipeline\\Pipeline.php(183): Illuminate\\Session\\Middleware\\StartSession->handle(Object(Illuminate\\Http\\Request), Object(Closure))
#25 D:\\Code\\C\\projet\\ProjetAnnuelAmYaYaz\\vendor\\laravel\\framework\\src\\Illuminate\\Cookie\\Middleware\\AddQueuedCookiesToResponse.php(37): Illuminate\\Pipeline\\Pipeline->Illuminate\\Pipeline\\{closure}(Object(Illuminate\\Http\\Request))
#26 D:\\Code\\C\\projet\\ProjetAnnuelAmYaYaz\\vendor\\laravel\\framework\\src\\Illuminate\\Pipeline\\Pipeline.php(183): Illuminate\\Cookie\\Middleware\\AddQueuedCookiesToResponse->handle(Object(Illuminate\\Http\\Request), Object(Closure))
#27 D:\\Code\\C\\projet\\ProjetAnnuelAmYaYaz\\vendor\\laravel\\framework\\src\\Illuminate\\Cookie\\Middleware\\EncryptCookies.php(67): Illuminate\\Pipeline\\Pipeline->Illuminate\\Pipeline\\{closure}(Object(Illuminate\\Http\\Request))
#28 D:\\Code\\C\\projet\\ProjetAnnuelAmYaYaz\\vendor\\laravel\\framework\\src\\Illuminate\\Pipeline\\Pipeline.php(183): Illuminate\\Cookie\\Middleware\\EncryptCookies->handle(Object(Illuminate\\Http\\Request), Object(Closure))
#29 D:\\Code\\C\\projet\\ProjetAnnuelAmYaYaz\\vendor\\laravel\\framework\\src\\Illuminate\\Pipeline\\Pipeline.php(119): Illuminate\\Pipeline\\Pipeline->Illuminate\\Pipeline\\{closure}(Object(Illuminate\\Http\\Request))
#30 D:\\Code\\C\\projet\\ProjetAnnuelAmYaYaz\\vendor\\laravel\\framework\\src\\Illuminate\\Routing\\Router.php(807): Illuminate\\Pipeline\\Pipeline->then(Object(Closure))
#31 D:\\Code\\C\\projet\\ProjetAnnuelAmYaYaz\\vendor\\laravel\\framework\\src\\Illuminate\\Routing\\Router.php(784): Illuminate\\Routing\\Router->runRouteWithinStack(Object(Illuminate\\Routing\\Route), Object(Illuminate\\Http\\Request))
#32 D:\\Code\\C\\projet\\ProjetAnnuelAmYaYaz\\vendor\\laravel\\framework\\src\\Illuminate\\Routing\\Router.php(748): Illuminate\\Routing\\Router->runRoute(Object(Illuminate\\Http\\Request), Object(Illuminate\\Routing\\Route))
#33 D:\\Code\\C\\projet\\ProjetAnnuelAmYaYaz\\vendor\\laravel\\framework\\src\\Illuminate\\Routing\\Router.php(737): Illuminate\\Routing\\Router->dispatchToRoute(Object(Illuminate\\Http\\Request))
#34 D:\\Code\\C\\projet\\ProjetAnnuelAmYaYaz\\vendor\\laravel\\framework\\src\\Illuminate\\Foundation\\Http\\Kernel.php(200): Illuminate\\Routing\\Router->dispatch(Object(Illuminate\\Http\\Request))
#35 D:\\Code\\C\\projet\\ProjetAnnuelAmYaYaz\\vendor\\laravel\\framework\\src\\Illuminate\\Pipeline\\Pipeline.php(144): Illuminate\\Foundation\\Http\\Kernel->Illuminate\\Foundation\\Http\\{closure}(Object(Illuminate\\Http\\Request))
#36 D:\\Code\\C\\projet\\ProjetAnnuelAmYaYaz\\vendor\\laravel\\framework\\src\\Illuminate\\Foundation\\Http\\Middleware\\TransformsRequest.php(21): Illuminate\\Pipeline\\Pipeline->Illuminate\\Pipeline\\{closure}(Object(Illuminate\\Http\\Request))
#37 D:\\Code\\C\\projet\\ProjetAnnuelAmYaYaz\\vendor\\laravel\\framework\\src\\Illuminate\\Foundation\\Http\\Middleware\\ConvertEmptyStringsToNull.php(31): Illuminate\\Foundation\\Http\\Middleware\\TransformsRequest->handle(Object(Illuminate\\Http\\Request), Object(Closure))
#38 D:\\Code\\C\\projet\\ProjetAnnuelAmYaYaz\\vendor\\laravel\\framework\\src\\Illuminate\\Pipeline\\Pipeline.php(183): Illuminate\\Foundation\\Http\\Middleware\\ConvertEmptyStringsToNull->handle(Object(Illuminate\\Http\\Request), Object(Closure))
#39 D:\\Code\\C\\projet\\ProjetAnnuelAmYaYaz\\vendor\\laravel\\framework\\src\\Illuminate\\Foundation\\Http\\Middleware\\TransformsRequest.php(21): Illuminate\\Pipeline\\Pipeline->Illuminate\\Pipeline\\{closure}(Object(Illuminate\\Http\\Request))
#40 D:\\Code\\C\\projet\\ProjetAnnuelAmYaYaz\\vendor\\laravel\\framework\\src\\Illuminate\\Foundation\\Http\\Middleware\\TrimStrings.php(40): Illuminate\\Foundation\\Http\\Middleware\\TransformsRequest->handle(Object(Illuminate\\Http\\Request), Object(Closure))
#41 D:\\Code\\C\\projet\\ProjetAnnuelAmYaYaz\\vendor\\laravel\\framework\\src\\Illuminate\\Pipeline\\Pipeline.php(183): Illuminate\\Foundation\\Http\\Middleware\\TrimStrings->handle(Object(Illuminate\\Http\\Request), Object(Closure))
#42 D:\\Code\\C\\projet\\ProjetAnnuelAmYaYaz\\vendor\\laravel\\framework\\src\\Illuminate\\Foundation\\Http\\Middleware\\ValidatePostSize.php(27): Illuminate\\Pipeline\\Pipeline->Illuminate\\Pipeline\\{closure}(Object(Illuminate\\Http\\Request))
#43 D:\\Code\\C\\projet\\ProjetAnnuelAmYaYaz\\vendor\\laravel\\framework\\src\\Illuminate\\Pipeline\\Pipeline.php(183): Illuminate\\Foundation\\Http\\Middleware\\ValidatePostSize->handle(Object(Illuminate\\Http\\Request), Object(Closure))
#44 D:\\Code\\C\\projet\\ProjetAnnuelAmYaYaz\\vendor\\laravel\\framework\\src\\Illuminate\\Foundation\\Http\\Middleware\\PreventRequestsDuringMaintenance.php(99): Illuminate\\Pipeline\\Pipeline->Illuminate\\Pipeline\\{closure}(Object(Illuminate\\Http\\Request))
#45 D:\\Code\\C\\projet\\ProjetAnnuelAmYaYaz\\vendor\\laravel\\framework\\src\\Illuminate\\Pipeline\\Pipeline.php(183): Illuminate\\Foundation\\Http\\Middleware\\PreventRequestsDuringMaintenance->handle(Object(Illuminate\\Http\\Request), Object(Closure))
#46 D:\\Code\\C\\projet\\ProjetAnnuelAmYaYaz\\vendor\\laravel\\framework\\src\\Illuminate\\Http\\Middleware\\HandleCors.php(49): Illuminate\\Pipeline\\Pipeline->Illuminate\\Pipeline\\{closure}(Object(Illuminate\\Http\\Request))
#47 D:\\Code\\C\\projet\\ProjetAnnuelAmYaYaz\\vendor\\laravel\\framework\\src\\Illuminate\\Pipeline\\Pipeline.php(183): Illuminate\\Http\\Middleware\\HandleCors->handle(Object(Illuminate\\Http\\Request), Object(Closure))
#48 D:\\Code\\C\\projet\\ProjetAnnuelAmYaYaz\\vendor\\laravel\\framework\\src\\Illuminate\\Http\\Middleware\\TrustProxies.php(39): Illuminate\\Pipeline\\Pipeline->Illuminate\\Pipeline\\{closure}(Object(Illuminate\\Http\\Request))
#49 D:\\Code\\C\\projet\\ProjetAnnuelAmYaYaz\\vendor\\laravel\\framework\\src\\Illuminate\\Pipeline\\Pipeline.php(183): Illuminate\\Http\\Middleware\\TrustProxies->handle(Object(Illuminate\\Http\\Request), Object(Closure))
#50 D:\\Code\\C\\projet\\ProjetAnnuelAmYaYaz\\vendor\\laravel\\framework\\src\\Illuminate\\Pipeline\\Pipeline.php(119): Illuminate\\Pipeline\\Pipeline->Illuminate\\Pipeline\\{closure}(Object(Illuminate\\Http\\Request))
#51 D:\\Code\\C\\projet\\ProjetAnnuelAmYaYaz\\vendor\\laravel\\framework\\src\\Illuminate\\Foundation\\Http\\Kernel.php(175): Illuminate\\Pipeline\\Pipeline->then(Object(Closure))
#52 D:\\Code\\C\\projet\\ProjetAnnuelAmYaYaz\\vendor\\laravel\\framework\\src\\Illuminate\\Foundation\\Http\\Kernel.php(144): Illuminate\\Foundation\\Http\\Kernel->sendRequestThroughRouter(Object(Illuminate\\Http\\Request))
#53 D:\\Code\\C\\projet\\ProjetAnnuelAmYaYaz\\public\\index.php(52): Illuminate\\Foundation\\Http\\Kernel->handle(Object(Illuminate\\Http\\Request))
#54 D:\\Code\\C\\projet\\ProjetAnnuelAmYaYaz\\vendor\\laravel\\framework\\src\\Illuminate\\Foundation\\resources\\server.php(16): require_once('D:\\\\Code\\\\C\\\\proje...')
#55 {main}
"} 
